split,model,n_samples,accuracy,precision,recall,f1_score,csi,far,brier_score,bss_vs_climatology,bss_vs_persistence,mean_pinball_loss,coverage_all_weeks,coverage_flood_weeks,mae_all_weeks,mae_flood_weeks,bias_flood_weeks
train,lightgbm,765,0.9111,0.8067,0.6809,0.7385,0.5854,0.1933,0.0676,0.358,0.2239,0.377,0.946,0.801,1.01,5.21,-2.15
train,climatology,765,0.8353,0.5444,0.6525,0.5935,0.422,0.4556,0.1052,0.0,-0.2088,0.841,0.718,0.014,1.68,7.98,-5.88
train,persistence,765,0.8941,0.7083,0.7234,0.7158,0.5574,0.2917,0.087,0.1727,0.0,0.54,0.761,0.0,1.08,5.68,-0.16
val,lightgbm,255,0.8431,0.88,0.5641,0.6875,0.5238,0.12,0.1193,0.2113,0.1362,0.465,0.902,0.679,1.1,3.46,-2.86
val,climatology,255,0.8157,0.7719,0.5641,0.6519,0.4835,0.2281,0.1512,0.0,-0.0952,0.717,0.643,0.0,1.43,4.65,-1.33
val,persistence,255,0.8314,0.7273,0.7179,0.7226,0.5657,0.2727,0.1381,0.0869,0.0,0.745,0.612,0.0,1.49,4.54,-0.34
test,lightgbm,260,0.9077,0.8971,0.7821,0.8356,0.7176,0.1029,0.0673,0.3402,0.2703,1.568,0.942,0.846,6.29,20.96,-20.95
test,climatology,260,0.8577,0.8596,0.6282,0.7259,0.5698,0.1404,0.102,0.0,-0.1059,2.842,0.669,0.0,5.68,18.93,-18.92
test,persistence,260,0.8962,0.8228,0.8333,0.828,0.7065,0.1772,0.0922,0.0957,0.0,1.277,0.646,0.0,2.55,8.4,-0.18
