month_num,month_name,season,n_samples,flood_weeks,flood_rate_pct,accuracy,precision,recall,f1_score,csi,far,brier_score,bss_vs_climatology,bss_vs_persistence,mean_pinball_loss,coverage_flood_weeks,coverage_all_weeks,mae_flood_weeks,bias_flood_weeks
1,January,No (Dry),80,13,16.2,0.875,1.0,0.2308,0.375,0.2308,0.0,0.0889,0.3082,0.2223,0.023,0.769,0.95,0.3,-0.23
2,February,No (Dry),100,5,5.0,0.95,,0.0,,0.0,,0.0477,-0.0284,0.0136,0.003,0.6,0.98,0.08,-0.05
3,March,No (Dry),115,1,0.9,0.9913,,0.0,,0.0,,0.0096,-0.0369,0.5555,0.002,0.0,0.991,0.16,-0.16
4,April,No (Dry),110,1,0.9,0.9909,,0.0,,0.0,,0.0099,-0.0307,0.4302,0.003,0.0,0.982,0.37,-0.37
5,May,No (Dry),105,2,1.9,0.981,,0.0,,0.0,,0.02,-0.0812,0.3671,0.002,0.0,0.971,0.11,-0.11
6,June,Yes (Peak),110,11,10.0,0.9273,1.0,0.2727,0.4286,0.2727,0.0,0.0638,0.3013,-0.0261,0.461,0.273,0.927,9.93,-9.55
7,July,Yes (Peak),110,9,8.2,0.9273,0.6667,0.2222,0.3333,0.2,0.3333,0.0618,0.1813,0.3055,0.034,0.667,0.973,0.65,-0.22
8,August,Yes (Peak),110,23,20.9,0.9182,1.0,0.6087,0.7568,0.6087,0.0,0.081,0.4442,-0.0759,0.185,0.652,0.927,1.91,-1.73
9,September,Yes (Peak),115,70,60.9,0.8174,0.9153,0.7714,0.8372,0.72,0.0847,0.1293,0.4047,0.3842,1.333,0.871,0.887,6.43,-4.61
10,October,Yes (Peak),100,67,67.0,0.81,0.875,0.8358,0.855,0.7467,0.125,0.1398,0.3137,0.2119,3.251,0.836,0.85,16.16,-13.22
11,November,Yes (Peak),110,54,49.1,0.7364,0.7119,0.7778,0.7434,0.5915,0.2881,0.1703,0.287,0.1274,1.678,0.852,0.891,12.95,-11.85
12,December,No (Dry),115,41,35.7,0.8348,0.8438,0.6585,0.7397,0.587,0.1562,0.1139,0.3635,0.1717,0.641,0.78,0.913,5.91,-3.93
