county,run_id,start_week,end_week,county_detected_weeks,peak_weekly_union_area_km2,cumulative_detected_area_km2_weeks
Aweil Centre,1,2000-10-16,2000-10-30,3,4.402623148984815,7.851045244563269
Aweil Centre,2,2001-10-15,2001-10-15,1,0.583370340149964,0.583370340149964
Aweil Centre,3,2001-10-29,2001-10-29,1,1.00762204045512,1.00762204045512
Aweil Centre,4,2002-09-02,2002-09-02,1,0.15922079062653108,0.15922079062653108
Aweil Centre,5,2002-09-16,2002-09-30,3,0.2651375960544848,0.5303057697731816
Aweil Centre,6,2002-10-28,2002-10-28,1,0.053087688165767664,0.053087688165767664
Aweil Centre,7,2002-11-25,2002-12-02,2,0.3184662306511984,0.5307831837394398
Aweil Centre,8,2002-12-23,2002-12-23,1,0.10618363729858324,0.10618363729858324
Aweil Centre,9,2003-01-27,2003-01-27,1,0.1590983969880506,0.1590983969880506
Aweil Centre,10,2003-03-31,2003-03-31,1,0.10606888013314034,0.10606888013314034
Aweil Centre,11,2003-06-09,2003-06-09,1,0.053058508046205335,0.053058508046205335
Aweil Centre,12,2003-09-22,2003-09-29,2,1.3788795537721477,1.6972530853294303
Aweil Centre,13,2003-10-13,2003-11-03,4,4.5622869734344,6.312643655945214
Aweil Centre,14,2003-11-24,2003-12-01,2,0.15939981141911128,0.26547554019401254
Aweil Centre,15,2003-12-15,2003-12-15,1,3.2914633307644774,3.2914633307644774
Aweil Centre,16,2004-10-18,2004-10-18,1,0.21223361401719348,0.21223361401719348
Aweil Centre,17,2004-11-15,2004-11-15,1,0.21221483011068246,0.21221483011068246
Aweil Centre,18,2004-12-20,2004-12-20,1,0.05309053842340049,0.05309053842340049
Aweil Centre,19,2005-01-24,2005-01-24,1,0.10620204584912639,0.10620204584912639
Aweil Centre,20,2005-08-29,2005-09-05,2,2.65350056886083,3.555764196689259
Aweil Centre,21,2005-09-19,2005-10-10,4,6.842293767748819,8.274836261861479
Aweil Centre,22,2005-10-31,2005-11-28,5,0.4779106056748943,1.0089079416045406
Aweil Centre,23,2006-08-14,2006-12-04,17,18.619415904571326,54.859501945859506
Aweil Centre,24,2007-04-09,2007-04-09,1,0.21244648406080843,0.21244648406080843
Aweil Centre,25,2007-08-20,2007-11-12,13,23.5036349381893,91.78679274480486
Aweil Centre,26,2007-11-26,2007-12-24,5,1.3802018250895194,3.132014686639462
Aweil Centre,27,2008-04-14,2008-04-14,1,0.10612139908939178,0.10612139908939178
Aweil Centre,28,2008-06-23,2008-06-23,1,0.10616937587354494,0.10616937587354494
Aweil Centre,29,2008-08-04,2008-12-15,20,50.19893429579248,251.05175016718735
Aweil Centre,30,2009-08-17,2009-09-28,7,4.191850167434439,13.634776602322937
Aweil Centre,31,2009-10-12,2009-10-26,3,0.8487578049668966,0.9549230733171887
Aweil Centre,32,2010-01-25,2010-01-25,1,0.10619724559903912,0.10619724559903912
Aweil Centre,33,2010-08-16,2010-11-15,14,93.65147934660487,204.95099624650157
Aweil Centre,34,2010-11-29,2010-11-29,1,0.0530825402499146,0.0530825402499146
Aweil Centre,35,2011-10-31,2011-11-07,2,0.1592885727643464,0.26547555861565475
Aweil Centre,36,2011-11-21,2011-11-21,1,0.4777216290380781,0.4777216290380781
Aweil Centre,37,2012-08-20,2012-08-20,1,0.47737462804407793,0.47737462804407793
Aweil Centre,38,2012-09-10,2012-10-29,8,1.27287349955226,5.835952536320752
Aweil Centre,39,2012-11-12,2012-11-19,2,0.5308577019705789,0.7431605914446051
Aweil Centre,40,2013-03-11,2013-03-18,2,0.10607424145035349,0.21214848290070698
Aweil Centre,41,2013-08-19,2013-08-19,1,0.0531021506207456,0.0531021506207456
Aweil Centre,42,2013-10-07,2013-10-14,2,0.3714324711887983,0.4774881738096333
Aweil Centre,43,2013-11-04,2013-12-02,5,13.061913705286608,18.848055806281447
Aweil Centre,44,2014-01-06,2014-01-06,1,0.1060542277014211,0.1060542277014211
Aweil Centre,45,2014-08-18,2014-08-25,2,0.9551345874066355,1.1142350739386901
Aweil Centre,46,2014-09-08,2014-12-01,13,3.8216522982533214,16.02420538976257
Aweil Centre,47,2015-11-02,2015-11-23,4,8.753436167021194,13.315049550709793
Aweil Centre,48,2016-08-08,2016-08-22,3,9.70411407025436,18.295827698804032
Aweil Centre,49,2016-09-12,2016-09-12,1,0.05303369447407172,0.05303369447407172
Aweil Centre,50,2016-11-21,2016-11-28,2,0.9559209551280357,1.646092735753354
Aweil Centre,51,2017-01-09,2017-01-09,1,0.053077657385027746,0.053077657385027746
Aweil Centre,52,2017-10-16,2017-11-06,4,1.008727139341629,1.6988930637433084
Aweil Centre,53,2017-11-20,2017-11-20,1,0.1591904089125155,0.1591904089125155
Aweil Centre,54,2017-12-18,2017-12-18,1,0.26555230331811075,0.26555230331811075
Aweil Centre,55,2018-01-22,2018-01-29,2,0.15909002463074126,0.26514724928485534
Aweil Centre,56,2018-05-21,2018-05-21,1,0.05307909554193833,0.05307909554193833
Aweil Centre,57,2018-10-22,2018-10-22,1,0.10603979260250174,0.10603979260250174
Aweil Centre,58,2019-02-25,2019-02-25,1,0.05304763929115732,0.05304763929115732
Aweil Centre,59,2019-06-10,2019-06-10,1,0.1591248760833347,0.1591248760833347
Aweil Centre,60,2019-09-09,2019-09-09,1,0.15912428298037973,0.15912428298037973
Aweil Centre,61,2019-09-23,2019-09-23,1,0.15912369000883736,0.15912369000883736
Aweil Centre,62,2019-10-28,2019-11-11,3,0.530437223518145,1.0609173557181473
Aweil Centre,63,2019-11-25,2019-12-09,3,2.2838790118485854,3.1866419186742774
Aweil Centre,64,2019-12-23,2019-12-23,1,0.053091676508877375,0.053091676508877375
Aweil Centre,65,2020-08-31,2020-12-07,15,60.68517105418144,231.3202803847592
Aweil Centre,66,2021-07-26,2021-08-23,5,6.896424525679508,13.31485599075637
Aweil Centre,67,2021-09-20,2021-12-06,12,8.380825835298085,20.901729814821405
Aweil Centre,68,2022-01-24,2022-01-24,1,0.053091676508877375,0.053091676508877375
Aweil Centre,69,2022-08-22,2022-10-10,8,6.099878480380578,15.224964452815092
Aweil Centre,70,2022-10-24,2022-11-21,5,4.9878393097825775,13.050837079737558
Aweil Centre,71,2023-05-29,2023-05-29,1,0.37127367011317974,0.37127367011317974
Aweil Centre,72,2023-11-06,2023-11-13,2,0.5836376988483539,0.6897161024948748
Aweil Centre,73,2023-12-04,2023-12-04,1,1.0621833763617674,1.0621833763617674
Aweil Centre,74,2024-01-01,2024-01-01,1,0.31861479850099444,0.31861479850099444
Aweil Centre,75,2024-02-12,2024-02-12,1,0.1592707476373702,0.1592707476373702
Aweil Centre,76,2024-09-02,2024-09-23,4,3.7125880723034133,5.198118437919427
Aweil Centre,77,2024-10-21,2024-11-11,4,2.3338341658084296,4.508447254703286
Aweil Centre,78,2024-11-25,2024-12-02,2,0.6903102504260482,0.7433881955300965
Aweil Centre,79,2024-12-16,2024-12-16,1,0.05310636954105984,0.05310636954105984
Aweil Centre,80,2025-10-13,2025-11-10,5,7.957585488875643,16.234604221339474
Aweil Centre,81,2025-11-24,2025-12-01,2,0.37159574410793095,0.4246751271496504
Aweil Centre,82,2025-12-15,2025-12-15,1,0.10621563895750234,0.10621563895750234
Aweil East,1,2000-10-30,2000-10-30,1,0.7422111723705037,0.7422111723705037
Aweil East,2,2001-08-20,2001-08-20,1,1.4843980914220856,1.4843980914220856
Aweil East,3,2001-09-03,2001-09-03,1,18.930220899017485,18.930220899017485
Aweil East,4,2001-10-01,2001-12-03,10,23.013772430394106,71.47751099065715
Aweil East,5,2002-08-05,2002-08-26,4,8.481659971775553,15.690368538297035
Aweil East,6,2002-09-23,2002-10-07,3,1.0600760287113569,2.4914845216614
Aweil East,7,2002-11-04,2002-11-04,1,0.05298320314798697,0.05298320314798697
Aweil East,8,2002-11-18,2002-11-18,1,0.05298815393166777,0.05298815393166777
Aweil East,9,2003-01-27,2003-01-27,1,0.05304024102458606,0.05304024102458606
Aweil East,10,2003-04-21,2003-04-21,1,0.052917861466258154,0.052917861466258154
Aweil East,11,2003-05-12,2003-05-19,2,0.2647844801220711,0.4765661609846535
Aweil East,12,2003-06-02,2004-01-12,33,58.853818655899765,472.37974744671266
Aweil East,13,2004-05-03,2004-05-03,1,0.15882119432782782,0.15882119432782782
Aweil East,14,2004-08-16,2004-08-30,3,5.939706592544097,8.750427773399771
Aweil East,15,2004-09-27,2004-10-04,2,0.31804001587344993,0.37103924331553706
Aweil East,16,2004-10-18,2004-11-08,4,0.052999533669429735,0.21193902135258882
Aweil East,17,2004-12-20,2004-12-20,1,0.1588301314069499,0.1588301314069499
Aweil East,18,2005-08-15,2005-08-29,3,5.302717077457789,6.893523605224694
Aweil East,19,2005-09-12,2005-12-19,15,73.70391642377231,239.33526306577537
Aweil East,20,2006-01-02,2006-01-02,1,0.053022607631543706,0.053022607631543706
Aweil East,21,2006-07-10,2006-07-10,1,0.05303160429549395,0.05303160429549395
Aweil East,22,2006-08-14,2006-08-14,1,0.4242491310114949,0.4242491310114949
Aweil East,23,2006-09-04,2006-09-11,2,10.127807890148695,16.17259812807755
Aweil East,24,2006-09-25,2007-01-08,16,83.56158776542998,281.20983476979507
Aweil East,25,2007-08-20,2007-08-27,2,5.355714009968344,8.006862304453975
Aweil East,26,2007-09-10,2007-11-12,10,161.92773503723785,722.2540234145758
Aweil East,27,2007-11-26,2007-12-10,3,0.5832420297896828,1.3253916482563237
Aweil East,28,2007-12-24,2007-12-24,1,0.05302861232705702,0.05302861232705702
Aweil East,29,2008-07-21,2008-07-21,1,0.10605332780479598,0.10605332780479598
Aweil East,30,2008-08-04,2008-08-11,2,5.990091756327678,11.662456725831227
Aweil East,31,2008-08-25,2009-01-12,21,375.2640735056267,2456.1938906586406
Aweil East,32,2009-01-26,2009-02-09,3,0.10599017091046348,0.21198034182092695
Aweil East,33,2009-08-17,2009-10-26,11,24.653744379631284,102.90884760944209
Aweil East,34,2009-11-09,2009-11-09,1,0.7418332273176534,0.7418332273176534
Aweil East,35,2009-11-23,2009-11-23,1,0.5828650582138886,0.5828650582138886
Aweil East,36,2010-02-22,2010-02-22,1,0.05294995170966331,0.05294995170966331
Aweil East,37,2010-04-26,2010-04-26,1,0.1588422308453287,0.1588422308453287
Aweil East,38,2010-08-16,2010-08-16,1,1.1664233024888777,1.1664233024888777
Aweil East,39,2010-08-30,2011-01-10,20,140.81798847027827,956.7272972682722
Aweil East,40,2011-08-22,2011-08-22,1,0.1590596889037526,0.1590596889037526
Aweil East,41,2011-09-12,2011-10-17,6,23.963623431915234,44.851601407727486
Aweil East,42,2011-10-31,2011-10-31,1,0.31792830566916463,0.31792830566916463
Aweil East,43,2011-11-21,2011-12-19,5,0.8484473023532287,1.3787277304408607
Aweil East,44,2012-08-13,2012-08-27,3,2.3326660610382075,2.597479917018827
Aweil East,45,2012-09-10,2012-12-03,13,40.92830238627105,145.10389373704814
Aweil East,46,2012-12-17,2012-12-31,3,0.2121108412263637,0.37120296346770276
Aweil East,47,2013-05-06,2013-05-06,1,1.6439892886128062,1.6439892886128062
Aweil East,48,2013-08-12,2014-01-13,23,114.20308123736694,501.9334834350241
Aweil East,49,2014-02-03,2014-02-03,1,0.05294868155569791,0.05294868155569791
Aweil East,50,2014-08-11,2014-08-25,3,2.0146047222544463,3.4990291857019065
Aweil East,51,2014-09-08,2014-12-29,17,185.35006120602756,662.6224490418559
Aweil East,52,2015-08-24,2015-08-24,1,0.052986917810977946,0.052986917810977946
Aweil East,53,2015-09-14,2015-10-05,4,14.314155134913616,31.227055969484223
Aweil East,54,2015-11-09,2015-11-30,4,11.82409326526152,27.72915318649867
Aweil East,55,2016-01-04,2016-01-04,1,0.15883554815495296,0.15883554815495296
Aweil East,56,2016-07-11,2016-07-11,1,1.6434417658463483,1.6434417658463483
Aweil East,57,2016-07-25,2016-09-26,10,23.32564261620265,49.24780192685925
Aweil East,58,2016-10-10,2016-10-24,3,0.15904760738172483,0.3711114871490139
Aweil East,59,2016-11-07,2016-11-07,1,0.05301172838180079,0.05301172838180079
Aweil East,60,2016-12-05,2016-12-12,2,0.21183682343410187,0.2647842337158781
Aweil East,61,2017-09-25,2017-10-02,2,4.664054062898327,6.943711116273692
Aweil East,62,2017-10-16,2017-10-16,1,5.565653435368579,5.565653435368579
Aweil East,63,2017-10-30,2017-12-04,6,3.126771758938854,10.070245958898179
Aweil East,64,2017-12-18,2017-12-25,2,0.10606080966029122,0.15909420568928273
Aweil East,65,2018-03-19,2018-03-19,1,0.21210305419445777,0.21210305419445777
Aweil East,66,2018-05-28,2018-05-28,1,0.052941994799602335,0.052941994799602335
Aweil East,67,2018-07-16,2018-07-16,1,0.21208204838383127,0.21208204838383127
Aweil East,68,2018-07-30,2018-08-13,3,21.36926119521477,39.821768916477396
Aweil East,69,2018-08-27,2018-08-27,1,1.2193208426266797,1.2193208426266797
Aweil East,70,2018-09-10,2018-12-17,15,44.060093441699216,153.21619830071944
Aweil East,71,2019-06-03,2019-06-10,2,16.387004128860127,18.402229877098993
Aweil East,72,2019-06-24,2019-06-24,1,0.3712209305715853,0.3712209305715853
Aweil East,73,2019-07-15,2019-07-15,1,0.7954550036492343,0.7954550036492343
Aweil East,74,2019-08-26,2019-12-02,15,41.3059065833035,119.82017081218262
Aweil East,75,2019-12-16,2020-01-13,5,0.6893284321778604,1.3255785244615959
Aweil East,76,2020-05-04,2020-05-04,1,0.158831966922668,0.158831966922668
Aweil East,77,2020-08-31,2021-01-11,20,263.4061482214141,971.5199253561386
Aweil East,78,2021-05-10,2021-05-10,1,0.05292207278782882,0.05292207278782882
Aweil East,79,2021-06-28,2021-06-28,1,1.166346160880021,1.166346160880021
Aweil East,80,2021-07-12,2021-08-23,7,69.45869466981499,140.02509585684666
Aweil East,81,2021-09-06,2021-09-06,1,8.80137131649795,8.80137131649795
Aweil East,82,2021-09-20,2021-12-27,15,146.6075425139948,744.2636078785495
Aweil East,83,2022-05-30,2022-05-30,1,0.10588526591317536,0.10588526591317536
Aweil East,84,2022-08-01,2022-08-01,1,10.494418753534223,10.494418753534223
Aweil East,85,2022-08-15,2022-10-10,9,99.57355877935812,229.8916516317145
Aweil East,86,2022-10-24,2023-01-16,13,104.60717398894391,374.46536780382223
Aweil East,87,2023-07-10,2023-07-24,3,2.5977835986941673,5.195383863927112
Aweil East,88,2023-08-21,2023-09-11,4,1.802471027646068,4.559146640146595
Aweil East,89,2023-09-25,2023-10-02,2,0.4239172750929103,0.7418319783308618
Aweil East,90,2023-11-06,2023-11-27,4,0.9541384818747088,1.5900634553224644
Aweil East,91,2023-12-25,2024-01-22,5,0.7425107591116126,2.492714759531361
Aweil East,92,2024-07-01,2024-07-01,1,0.21201708972854189,0.21201708972854189
Aweil East,93,2024-07-22,2024-07-22,1,0.1589866371920276,0.1589866371920276
Aweil East,94,2024-09-02,2025-02-03,23,111.60291835158958,863.8513509822454
Aweil East,95,2025-02-17,2025-02-24,2,0.05302411136549912,0.10604701982897352
Aweil East,96,2025-03-24,2025-03-24,1,0.10585737935441884,0.10585737935441884
Aweil East,97,2025-09-15,2025-09-15,1,3.3934042453259687,3.3934042453259687
Aweil East,98,2025-09-29,2025-12-15,12,12.512518622617474,44.005414468967736
Aweil North,1,2001-08-20,2001-08-20,1,0.31805761407569644,0.31805761407569644
Aweil North,2,2001-10-01,2001-10-01,1,3.657539056745124,3.657539056745124
Aweil North,3,2003-06-23,2003-06-30,2,0.31804026991021556,0.42405369321362074
Aweil North,4,2003-09-01,2003-09-22,4,5.459717740518461,12.615640651187777
Aweil North,5,2003-10-06,2003-10-20,3,1.1661799203591607,1.8022772048554996
Aweil North,6,2003-11-03,2003-11-03,1,0.2118793627194367,0.2118793627194367
Aweil North,7,2003-12-15,2003-12-15,1,0.052948046058711125,0.052948046058711125
Aweil North,8,2004-10-18,2004-10-18,1,0.052956285822209355,0.052956285822209355
Aweil North,9,2004-11-08,2004-11-08,1,0.10586541998022837,0.10586541998022837
Aweil North,10,2005-10-31,2005-11-14,3,0.4236534451039283,0.5824993477934601
Aweil North,11,2006-01-16,2006-01-16,1,0.05297106061926995,0.05297106061926995
Aweil North,12,2006-10-02,2006-10-09,2,1.642857319766313,2.3849607230301175
Aweil North,13,2006-10-30,2006-10-30,1,1.2710253535820928,1.2710253535820928
Aweil North,14,2006-11-20,2006-11-27,2,0.10594305925656775,0.2118861185131355
Aweil North,15,2007-09-17,2007-10-15,5,15.21124711480627,47.06625570345626
Aweil North,16,2007-10-29,2007-10-29,1,0.10595117521819841,0.10595117521819841
Aweil North,17,2008-08-25,2008-08-25,1,0.5300495343186433,0.5300495343186433
Aweil North,18,2008-09-08,2008-11-10,10,12.03209255154761,45.52612209285286
Aweil North,19,2009-01-19,2009-01-19,1,0.37087280757257485,0.37087280757257485
Aweil North,20,2009-09-28,2009-09-28,1,0.052980410460080285,0.052980410460080285
Aweil North,21,2009-10-19,2009-10-26,2,0.31759593843720446,0.37060402012339155
Aweil North,22,2010-04-26,2010-04-26,1,0.05292239631419467,0.05292239631419467
Aweil North,23,2010-09-27,2010-11-01,6,16.85466624223978,56.872527164862255
Aweil North,24,2010-11-15,2010-11-15,1,0.05299983996682081,0.05299983996682081
Aweil North,25,2011-09-12,2011-09-12,1,0.15897746844421468,0.15897746844421468
Aweil North,26,2012-09-17,2012-09-17,1,0.10602467032003991,0.10602467032003991
Aweil North,27,2012-12-24,2012-12-31,2,0.052954388572403956,0.10590877714480791
Aweil North,28,2013-03-11,2013-03-11,1,0.15879170142495938,0.15879170142495938
Aweil North,29,2013-09-16,2013-09-16,1,0.42385942307552466,0.42385942307552466
Aweil North,30,2013-10-07,2013-10-14,2,0.8481253504771746,0.9541412095839321
Aweil North,31,2013-11-04,2013-11-04,1,0.05296133297669404,0.05296133297669404
Aweil North,32,2013-11-25,2013-11-25,1,0.10589926869766582,0.10589926869766582
Aweil North,33,2014-09-29,2014-10-20,4,1.536901556142386,2.914949508673102
Aweil North,34,2014-11-17,2014-12-01,3,1.8514180497399129,2.2218456682783865
Aweil North,35,2015-11-09,2015-11-09,1,0.21188048186757535,0.21188048186757535
Aweil North,36,2017-11-13,2017-11-13,1,0.10583101495658523,0.10583101495658523
Aweil North,37,2018-08-27,2018-08-27,1,1.0601628461538335,1.0601628461538335
Aweil North,38,2018-09-10,2018-09-24,3,4.50552903238674,7.10253909471176
Aweil North,39,2018-10-22,2018-10-22,1,0.052999533669429735,0.052999533669429735
Aweil North,40,2019-06-03,2019-06-17,3,7.315054714138193,7.739111099696676
Aweil North,41,2019-07-15,2019-07-15,1,0.15885175903491586,0.15885175903491586
Aweil North,42,2019-11-18,2019-11-18,1,0.052927884371993146,0.052927884371993146
Aweil North,43,2019-12-23,2019-12-23,1,0.05292142567324145,0.05292142567324145
Aweil North,44,2020-02-03,2020-02-03,1,0.10596578613284352,0.10596578613284352
Aweil North,45,2020-04-20,2020-04-20,1,0.10583182765142378,0.10583182765142378
Aweil North,46,2020-05-04,2020-05-04,1,0.10587695971771323,0.10587695971771323
Aweil North,47,2020-09-14,2020-11-09,9,24.590864517347498,87.71353655443815
Aweil North,48,2020-11-30,2020-11-30,1,0.7409944205757137,0.7409944205757137
Aweil North,49,2021-08-02,2021-08-09,2,0.794839928908593,1.324681847663519
Aweil North,50,2021-08-23,2021-08-23,1,2.437391179057754,2.437391179057754
Aweil North,51,2021-09-06,2021-09-06,1,0.15901998247269203,0.15901998247269203
Aweil North,52,2021-09-20,2021-10-11,4,2.119526502203945,3.285127782685218
Aweil North,53,2021-11-08,2021-11-22,3,0.794071984992532,1.6942475532490973
Aweil North,54,2022-08-22,2022-11-14,13,42.846643336462506,130.0092818725611
Aweil North,55,2024-09-02,2024-11-11,11,7.948492020579804,29.409239231182838
Aweil North,56,2025-09-29,2025-11-10,7,14.625245861111175,25.170747132885413
Aweil South,1,2000-11-20,2000-11-20,1,0.26521069560812843,0.26521069560812843
Aweil South,2,2001-10-01,2001-10-08,2,6.415372730065611,6.786835056894403
Aweil South,3,2001-10-22,2001-12-10,8,11.929589863861462,49.94568453593786
Aweil South,4,2002-07-22,2002-07-22,1,0.21213537199294696,0.21213537199294696
Aweil South,5,2002-11-04,2002-11-25,4,0.10605902136244591,0.31817616621757133
Aweil South,6,2003-08-25,2003-09-29,6,19.458550886024945,60.974287261357304
Aweil South,7,2003-10-13,2003-12-15,10,23.1203915451451,129.07140494820928
Aweil South,8,2003-12-29,2003-12-29,1,0.10605542695797585,0.10605542695797585
Aweil South,9,2004-09-27,2004-09-27,1,1.2726068922857896,1.2726068922857896
Aweil South,10,2005-09-19,2005-12-12,13,35.54756832611772,156.4562574697657
Aweil South,11,2006-06-26,2006-06-26,1,0.21215324149612197,0.21215324149612197
Aweil South,12,2006-10-02,2006-10-09,2,4.1898217600093215,6.522903037662314
Aweil South,13,2006-10-23,2006-12-04,7,12.99219418212242,46.60792556152627
Aweil South,14,2006-12-18,2007-01-08,4,1.5379153933321306,4.083334361982911
Aweil South,15,2007-03-26,2007-03-26,1,0.053036971923419045,0.053036971923419045
Aweil South,16,2007-09-17,2007-11-12,9,27.414402876689778,118.36627917684896
Aweil South,17,2007-11-26,2008-01-07,7,4.083345110288218,7.477522818030989
Aweil South,18,2008-07-21,2008-07-21,1,0.6893497778514265,0.6893497778514265
Aweil South,19,2008-08-04,2009-01-19,25,169.81083513225167,1374.9029843713315
Aweil South,20,2009-04-06,2009-04-06,1,0.3712480846079461,0.3712480846079461
Aweil South,21,2009-05-18,2009-05-18,1,0.053052057156465535,0.053052057156465535
Aweil South,22,2009-08-31,2009-08-31,1,0.37120956750843204,0.37120956750843204
Aweil South,23,2009-09-28,2009-10-12,3,0.10610028921020777,0.26525028145193186
Aweil South,24,2010-09-20,2010-12-20,14,68.40376228548753,384.45076114987955
Aweil South,25,2011-10-17,2011-10-17,1,0.3714864121002812,0.3714864121002812
Aweil South,26,2011-10-31,2012-01-02,10,4.669262015659732,19.41510222390022
Aweil South,27,2012-08-13,2012-08-27,3,1.9625710912184076,2.864290751467495
Aweil South,28,2012-09-10,2012-12-03,13,15.6528359884287,76.60588903408217
Aweil South,29,2012-12-17,2012-12-24,2,0.1590825408086864,0.21211025428767433
Aweil South,30,2013-03-11,2013-03-11,1,0.15911091577025713,0.15911091577025713
Aweil South,31,2013-08-19,2013-11-25,15,42.42528291416299,170.47879243401513
Aweil South,32,2014-09-08,2015-01-12,19,54.841337638564085,363.7625843343876
Aweil South,33,2015-09-28,2015-09-28,1,0.8484461028160706,0.8484461028160706
Aweil South,34,2015-12-14,2015-12-21,2,0.5304136837611361,0.5834548149354915
Aweil South,35,2016-08-22,2016-08-22,1,0.6894188834217065,0.6894188834217065
Aweil South,36,2016-09-05,2016-10-31,9,4.6130230791966715,24.390818069457392
Aweil South,37,2017-10-16,2017-12-18,10,18.252635448326153,53.64049926341715
Aweil South,38,2018-09-24,2018-11-05,7,6.680476136737807,22.427392269795227
Aweil South,39,2019-09-02,2019-09-09,2,0.15915705320835163,0.2121769495096025
Aweil South,40,2019-10-07,2019-12-23,12,3.5028719314799375,18.672450287243084
Aweil South,41,2020-01-06,2020-01-13,2,0.15908493714832697,0.31816987429665394
Aweil South,42,2020-04-20,2020-04-20,1,0.1061356613652118,0.1061356613652118
Aweil South,43,2020-10-05,2021-01-11,15,59.46177584698098,234.4555361378784
Aweil South,44,2021-08-16,2021-12-13,18,120.42946466837668,821.7139202437723
Aweil South,45,2022-09-12,2022-10-10,5,84.43018336763205,244.04448730268246
Aweil South,46,2022-10-24,2023-01-02,11,134.91448393293416,825.0874537055043
Aweil South,47,2023-11-06,2023-11-06,1,0.15917478531521687,0.15917478531521687
Aweil South,48,2023-12-04,2024-01-08,6,2.0165843931331717,5.518924376488384
Aweil South,49,2024-09-02,2024-12-30,18,74.3394947061081,656.6441958165466
Aweil South,50,2025-10-06,2025-12-08,10,6.9986815480228195,45.70311884294471
Aweil West,1,2000-10-30,2000-10-30,1,0.1590333585741369,0.1590333585741369
Aweil West,2,2001-08-20,2001-08-20,1,1.4315106458020879,1.4315106458020879
Aweil West,3,2001-10-01,2001-10-01,1,1.113400303907798,1.113400303907798
Aweil West,4,2002-11-11,2002-11-18,2,0.1590529154312531,0.2120857144961851
Aweil West,5,2003-03-31,2003-03-31,1,0.15906451109486477,0.15906451109486477
Aweil West,6,2003-04-21,2003-04-21,1,0.21214372015657904,0.21214372015657904
Aweil West,7,2003-05-26,2003-05-26,1,0.05299554626750933,0.05299554626750933
Aweil West,8,2003-06-16,2003-06-30,3,1.325489558529981,2.863278128387899
Aweil West,9,2003-09-01,2003-09-29,5,9.386259355720911,21.740873984472717
Aweil West,10,2003-10-13,2003-11-03,4,4.0832979855119085,5.83305906372261
Aweil West,11,2004-11-01,2004-11-01,1,0.10604581692694881,0.10604581692694881
Aweil West,12,2005-08-22,2005-08-29,2,1.1134566748924632,2.1208756809484255
Aweil West,13,2005-09-19,2005-10-10,4,1.7496163844113295,4.453670463180058
Aweil West,14,2005-10-24,2005-11-07,3,2.9166581574721957,3.7120501848972642
Aweil West,15,2006-08-14,2006-08-14,1,0.053004425037750526,0.053004425037750526
Aweil West,16,2006-09-11,2006-09-18,2,0.10602072370406782,0.15903487751659878
Aweil West,17,2006-10-02,2006-11-20,8,15.637557631399257,19.56108781781521
Aweil West,18,2007-08-20,2007-08-20,1,0.21201739490499355,0.21201739490499355
Aweil West,19,2007-09-03,2007-11-12,11,80.80241661943111,335.9736391167662
Aweil West,20,2008-07-28,2008-08-11,3,1.696496149044962,2.014737595323891
Aweil West,21,2008-08-25,2008-11-24,14,44.74566591510186,336.3668858574318
Aweil West,22,2009-07-13,2009-07-13,1,0.2120347606549485,0.2120347606549485
Aweil West,23,2009-08-17,2009-09-07,4,6.362426160679984,10.815770518766437
Aweil West,24,2009-09-21,2009-10-19,5,2.597510086140235,6.043281044745914
Aweil West,25,2010-03-08,2010-03-08,1,0.15909152422245604,0.15909152422245604
Aweil West,26,2010-08-16,2010-08-16,1,0.3182093207443251,0.3182093207443251
Aweil West,27,2010-09-20,2010-11-15,9,80.88894205424813,265.2655324777121
Aweil West,28,2011-09-05,2011-10-03,5,3.870577717743874,7.741085867536883
Aweil West,29,2011-10-17,2011-10-17,1,0.9014294210249407,0.9014294210249407
Aweil West,30,2012-08-13,2012-08-20,2,0.1591153726247908,0.2651650980330366
Aweil West,31,2012-09-10,2012-09-24,3,1.4849039599687697,1.9622277701220958
Aweil West,32,2012-10-08,2012-10-08,1,0.4241699020482017,0.4241699020482017
Aweil West,33,2012-11-12,2012-11-19,2,0.10602497353456085,0.15905418492586168
Aweil West,34,2012-12-24,2012-12-24,1,0.05303100649015638,0.05303100649015638
Aweil West,35,2013-03-11,2013-03-11,1,0.05300686392462837,0.05300686392462837
Aweil West,36,2013-09-09,2013-11-11,10,11.717566705160028,21.631277645779015
Aweil West,37,2013-11-25,2013-11-25,1,0.10606422835201908,0.10606422835201908
Aweil West,38,2014-01-13,2014-01-20,2,0.37108240181851176,0.4240938266366553
Aweil West,39,2014-09-08,2014-10-20,7,17.921001906376883,32.49876198061519
Aweil West,40,2014-11-03,2014-11-17,3,1.8027024490049526,2.8629381877346374
Aweil West,41,2015-09-21,2015-09-28,2,0.15910432427217786,0.2651904393621174
Aweil West,42,2015-11-02,2015-11-23,4,3.9245462866913075,6.735405777624619
Aweil West,43,2016-05-09,2016-05-09,1,0.05300259292941955,0.05300259292941955
Aweil West,44,2016-07-25,2016-07-25,1,0.10604940466849833,0.10604940466849833
Aweil West,45,2016-08-15,2016-09-26,7,10.655321253942926,14.68455165810087
Aweil West,46,2016-10-10,2016-11-14,6,1.4317480653908068,4.082805573841283
Aweil West,47,2017-05-22,2017-06-05,3,0.15905184017860047,0.47706036594954637
Aweil West,48,2017-10-23,2017-10-23,1,0.47714221725769057,0.47714221725769057
Aweil West,49,2018-08-06,2018-08-13,2,1.1133740963196141,1.85564630908137
Aweil West,50,2018-08-27,2018-08-27,1,0.10604545090008564,0.10604545090008564
Aweil West,51,2018-09-10,2018-10-08,5,5.248810175549751,8.58867466708733
Aweil West,52,2018-10-22,2018-10-22,1,0.15905998440782107,0.15905998440782107
Aweil West,53,2019-06-03,2019-07-15,7,48.09021310266766,92.57585042766195
Aweil West,54,2019-07-29,2019-10-14,12,7.530764697899255,23.703234143785675
Aweil West,55,2019-10-28,2019-11-11,3,0.8483972548278429,1.5377785946417977
Aweil West,56,2019-11-25,2019-12-09,3,0.15910048653205472,0.26516757703511795
Aweil West,57,2020-09-07,2020-11-30,13,91.05832242619084,333.88072939850434
Aweil West,58,2021-08-02,2021-08-23,4,14.205741824253867,20.352707470506473
Aweil West,59,2021-09-06,2021-10-25,8,16.750263338513104,27.24757466010766
Aweil West,60,2021-11-08,2021-11-15,2,0.4241497000401493,0.47716294477241367
Aweil West,61,2022-08-22,2022-11-14,13,56.39071131476168,295.68829234779963
Aweil West,62,2023-08-21,2023-08-21,1,0.15894433639134575,0.15894433639134575
Aweil West,63,2023-11-06,2023-11-13,2,0.31809067559925736,0.4771449323089091
Aweil West,64,2023-11-27,2023-11-27,1,0.10596237342571303,0.10596237342571303
Aweil West,65,2024-03-18,2024-03-18,1,0.15908853204366885,0.15908853204366885
Aweil West,66,2024-09-02,2024-11-11,11,29.575922453728573,116.1778035480056
Aweil West,67,2024-12-02,2024-12-02,1,0.159124277996943,0.159124277996943
Aweil West,68,2025-01-27,2025-01-27,1,0.053012335160019956,0.053012335160019956
Aweil West,69,2025-03-24,2025-03-24,1,0.05303190302465964,0.05303190302465964
Aweil West,70,2025-05-19,2025-05-19,1,0.3179054159487474,0.3179054159487474
Aweil West,71,2025-10-06,2025-11-10,6,26.818127394175885,51.09109788283404
