county,week,detected_pixel_days,mean_cloud_fraction,unique_grid_cells,detected_area_km2,year,month
Aweil Centre,2000-10-16,53,0.0,27,1.4324951025535475,2000,10
Aweil Centre,2000-10-23,38,0.0,38,2.015926993024907,2000,10
Aweil Centre,2000-10-30,152,0.0,83,4.402623148984815,2000,10
Aweil Centre,2001-10-15,19,0.0,11,0.583370340149964,2001,10
Aweil Centre,2001-10-29,38,0.0,19,1.00762204045512,2001,10
Aweil Centre,2002-09-02,3,0.0,3,0.15922079062653108,2002,9
Aweil Centre,2002-09-16,3,0.0,3,0.15910048653205472,2002,9
Aweil Centre,2002-09-23,5,0.0,5,0.2651375960544848,2002,9
Aweil Centre,2002-09-30,2,0.0,2,0.10606768718664208,2002,9
Aweil Centre,2002-10-28,1,0.0,1,0.053087688165767664,2002,10
Aweil Centre,2002-11-25,6,0.0,6,0.3184662306511984,2002,11
Aweil Centre,2002-12-02,4,0.0,4,0.2123169530882414,2002,12
Aweil Centre,2002-12-23,2,0.0,2,0.10618363729858324,2002,12
Aweil Centre,2003-01-27,3,0.0,3,0.1590983969880506,2003,1
Aweil Centre,2003-03-31,2,0.0,2,0.10606888013314034,2003,3
Aweil Centre,2003-06-09,1,0.0,1,0.053058508046205335,2003,6
Aweil Centre,2003-09-22,6,0.0,6,0.31837353155728265,2003,9
Aweil Centre,2003-09-29,42,0.0,26,1.3788795537721477,2003,9
Aweil Centre,2003-10-13,2,0.0,2,0.10618363729858324,2003,10
Aweil Centre,2003-10-20,105,0.0,86,4.5622869734344,2003,10
Aweil Centre,2003-10-27,47,0.0,30,1.5910905049623163,2003,10
Aweil Centre,2003-11-03,1,0.0,1,0.0530825402499146,2003,11
Aweil Centre,2003-11-24,3,0.0,3,0.15939981141911128,2003,11
Aweil Centre,2003-12-01,2,0.0,2,0.10607572877490125,2003,12
Aweil Centre,2003-12-15,62,0.0,62,3.2914633307644774,2003,12
Aweil Centre,2004-10-18,6,0.0,4,0.21223361401719348,2004,10
Aweil Centre,2004-11-15,4,0.0,4,0.21221483011068246,2004,11
Aweil Centre,2004-12-20,1,0.0,1,0.05309053842340049,2004,12
Aweil Centre,2005-01-24,2,0.0,2,0.10620204584912639,2005,1
Aweil Centre,2005-08-29,88,0.0,50,2.65350056886083,2005,8
Aweil Centre,2005-09-05,19,0.0,17,0.9022636278284288,2005,9
Aweil Centre,2005-09-19,15,0.0,9,0.4775133512511372,2005,9
Aweil Centre,2005-09-26,162,0.0,129,6.842293767748819,2005,9
Aweil Centre,2005-10-03,29,0.0,14,0.7426901049483984,2005,10
Aweil Centre,2005-10-10,6,0.0,4,0.2123390379131235,2005,10
Aweil Centre,2005-10-31,5,0.0,4,0.2123938421167264,2005,10
Aweil Centre,2005-11-07,4,0.0,3,0.15930926728816436,2005,11
Aweil Centre,2005-11-14,1,0.0,1,0.053086546149629314,2005,11
Aweil Centre,2005-11-21,9,0.0,9,0.4779106056748943,2005,11
Aweil Centre,2005-11-28,2,0.0,2,0.10620768037512626,2005,11
Aweil Centre,2006-08-14,1,0.0,1,0.05306288698107143,2006,8
Aweil Centre,2006-08-21,11,0.0,11,0.5838483018386635,2006,8
Aweil Centre,2006-08-28,56,0.0,30,1.5918968046961175,2006,8
Aweil Centre,2006-09-04,140,0.0,140,7.427807209281044,2006,9
Aweil Centre,2006-09-11,54,0.0,32,1.6971036978744116,2006,9
Aweil Centre,2006-09-18,2,0.0,1,0.05302200561973393,2006,9
Aweil Centre,2006-09-25,23,0.0,12,0.6364735631955751,2006,9
Aweil Centre,2006-10-02,543,0.0,351,18.619415904571326,2006,10
Aweil Centre,2006-10-09,29,0.0,24,1.2728963550481407,2006,10
Aweil Centre,2006-10-16,33,0.0,25,1.3258359629087302,2006,10
Aweil Centre,2006-10-23,3,0.0,3,0.15911359316235188,2006,10
Aweil Centre,2006-10-30,15,0.0,15,0.7961234765460092,2006,10
Aweil Centre,2006-11-06,50,0.0,48,2.5462970935896267,2006,11
Aweil Centre,2006-11-13,93,0.0,66,3.5006663412451386,2006,11
Aweil Centre,2006-11-20,248,0.0,222,11.782469722206118,2006,11
Aweil Centre,2006-11-27,40,0.0,40,2.1234351474177426,2006,11
Aweil Centre,2006-12-04,13,0.0,13,0.6900338796777045,2006,12
Aweil Centre,2007-04-09,4,0.0,4,0.21244648406080843,2007,4
Aweil Centre,2007-08-20,170,0.0,117,6.20908315716776,2007,8
Aweil Centre,2007-08-27,6,0.0,6,0.3183892580685269,2007,8
Aweil Centre,2007-09-03,83,0.0,70,3.714659978796036,2007,9
Aweil Centre,2007-09-10,2,0.0,2,0.10615243468410362,2007,9
Aweil Centre,2007-09-17,466,0.0,443,23.5036349381893,2007,9
Aweil Centre,2007-09-24,589,0.0,378,20.051297433411204,2007,9
Aweil Centre,2007-10-01,268,0.0,158,8.382625547061062,2007,10
Aweil Centre,2007-10-08,356,0.0,167,8.859978299713106,2007,10
Aweil Centre,2007-10-15,132,0.0,64,3.3949489177883057,2007,10
Aweil Centre,2007-10-22,73,0.0,68,3.6077652694008777,2007,10
Aweil Centre,2007-10-29,292,0.0,174,9.23344124322236,2007,10
Aweil Centre,2007-11-05,23,0.0,14,0.7424626348558034,2007,11
Aweil Centre,2007-11-12,71,0.0,69,3.6623536324464085,2007,11
Aweil Centre,2007-11-26,29,0.0,26,1.3802018250895194,2007,11
Aweil Centre,2007-12-03,12,0.0,12,0.6370225471388786,2007,12
Aweil Centre,2007-12-10,14,0.0,14,0.7431936382826063,2007,12
Aweil Centre,2007-12-17,3,0.0,3,0.15925649415423104,2007,12
Aweil Centre,2007-12-24,4,0.0,4,0.21234018197422666,2007,12
Aweil Centre,2008-04-14,2,0.0,2,0.10612139908939178,2008,4
Aweil Centre,2008-06-23,2,0.0,2,0.10616937587354494,2008,6
Aweil Centre,2008-08-04,9,0.0,5,0.2654247270289928,2008,8
Aweil Centre,2008-08-11,34,0.0,25,1.3260256361735894,2008,8
Aweil Centre,2008-08-18,4,0.0,4,0.2121463952466598,2008,8
Aweil Centre,2008-08-25,126,0.0,112,5.94109452942382,2008,8
Aweil Centre,2008-09-01,683,0.0,234,12.417459712252064,2008,9
Aweil Centre,2008-09-08,651,0.0,337,17.881951778135416,2008,9
Aweil Centre,2008-09-15,207,0.0,113,5.996531569478823,2008,9
Aweil Centre,2008-09-22,707,0.0,433,22.978311770192256,2008,9
Aweil Centre,2008-09-29,268,0.0,188,9.976148429958094,2008,9
Aweil Centre,2008-10-06,277,0.0,179,9.498814940241866,2008,10
Aweil Centre,2008-10-13,805,0.0,428,22.7156610630248,2008,10
Aweil Centre,2008-10-20,2399,0.0,946,50.19893429579248,2008,10
Aweil Centre,2008-10-27,2226,0.0,759,40.272154377579604,2008,10
Aweil Centre,2008-11-03,1249,0.0,462,24.514989182006612,2008,11
Aweil Centre,2008-11-10,801,0.0,207,10.98426646123847,2008,11
Aweil Centre,2008-11-17,368,0.0,109,5.785606447700821,2008,11
Aweil Centre,2008-11-24,242,0.0,62,3.291263282735327,2008,11
Aweil Centre,2008-12-01,133,0.0,50,2.6542855709477733,2008,12
Aweil Centre,2008-12-08,130,0.0,44,2.3357708705977482,2008,12
Aweil Centre,2008-12-15,105,0.0,34,1.8049091274321187,2008,12
Aweil Centre,2009-08-17,30,0.0,22,1.1676136514925533,2009,8
Aweil Centre,2009-08-24,103,0.0,79,4.191850167434439,2009,8
Aweil Centre,2009-08-31,63,0.0,46,2.439918604696841,2009,8
Aweil Centre,2009-09-07,22,0.0,19,1.0081951459812797,2009,9
Aweil Centre,2009-09-14,9,0.0,7,0.3714313153785182,2009,9
Aweil Centre,2009-09-21,21,0.0,19,1.0079809975524303,2009,9
Aweil Centre,2009-09-28,72,0.0,65,3.4477867197868743,2009,9
Aweil Centre,2009-10-12,17,0.0,16,0.8487578049668966,2009,10
Aweil Centre,2009-10-19,1,0.0,1,0.05307188681895483,2009,10
Aweil Centre,2009-10-26,1,0.0,1,0.0530933815313373,2009,10
Aweil Centre,2010-01-25,2,0.0,2,0.10619724559903912,2010,1
Aweil Centre,2010-08-16,13,0.0,13,0.6899776675231574,2010,8
Aweil Centre,2010-08-23,4,0.0,4,0.2122737035945542,2010,8
Aweil Centre,2010-08-30,15,0.0,11,0.5838452063106061,2010,8
Aweil Centre,2010-09-06,2,0.0,2,0.10618420592021158,2010,9
Aweil Centre,2010-09-13,22,0.0,12,0.6366769070622471,2010,9
Aweil Centre,2010-09-20,101,0.0,85,4.5088936601451675,2010,9
Aweil Centre,2010-09-27,4056,0.0,1765,93.65147934660487,2010,9
Aweil Centre,2010-10-04,2687,0.0,1461,77.50902861652641,2010,10
Aweil Centre,2010-10-11,909,0.0,396,21.006882879154833,2010,10
Aweil Centre,2010-10-18,106,0.0,57,3.0228160986501185,2010,10
Aweil Centre,2010-10-25,14,0.0,14,0.7425036172598911,2010,10
Aweil Centre,2010-11-01,18,0.0,15,0.7957036629105587,2010,11
Aweil Centre,2010-11-08,27,0.0,12,0.6362974989400543,2010,11
Aweil Centre,2010-11-15,29,0.0,16,0.8484331758988978,2010,11
Aweil Centre,2010-11-29,1,0.0,1,0.0530825402499146,2010,11
Aweil Centre,2011-10-31,5,0.0,3,0.1592885727643464,2011,10
Aweil Centre,2011-11-07,2,0.0,2,0.10618698585130831,2011,11
Aweil Centre,2011-11-21,9,0.0,9,0.4777216290380781,2011,11
Aweil Centre,2012-08-20,9,0.0,9,0.47737462804407793,2012,8
Aweil Centre,2012-09-10,13,0.0,13,0.6895421173010753,2012,9
Aweil Centre,2012-09-17,23,0.0,14,0.7427473058883783,2012,9
Aweil Centre,2012-09-24,12,0.0,12,0.6366856075005886,2012,9
Aweil Centre,2012-10-01,15,0.0,12,0.6364126749256409,2012,10
Aweil Centre,2012-10-08,24,0.0,24,1.27287349955226,2012,10
Aweil Centre,2012-10-15,13,0.0,12,0.636542471690623,2012,10
Aweil Centre,2012-10-22,2,0.0,2,0.10620373773299172,2012,10
Aweil Centre,2012-10-29,21,0.0,21,1.1149451217291946,2012,10
Aweil Centre,2012-11-12,13,0.0,10,0.5308577019705789,2012,11
Aweil Centre,2012-11-19,5,0.0,4,0.21230288947402626,2012,11
Aweil Centre,2013-03-11,2,0.0,2,0.10607424145035349,2013,3
Aweil Centre,2013-03-18,2,0.0,2,0.10607424145035349,2013,3
Aweil Centre,2013-08-19,1,0.0,1,0.0531021506207456,2013,8
Aweil Centre,2013-10-07,2,0.0,2,0.10605570262083501,2013,10
Aweil Centre,2013-10-14,7,0.0,7,0.3714324711887983,2013,10
Aweil Centre,2013-11-04,5,0.0,5,0.2653435044797867,2013,11
Aweil Centre,2013-11-11,28,0.0,28,1.485857371397833,2013,11
Aweil Centre,2013-11-18,32,0.0,29,1.5389563103681783,2013,11
Aweil Centre,2013-11-25,282,0.0,246,13.061913705286608,2013,11
Aweil Centre,2013-12-02,56,0.0,47,2.495984914749041,2013,12
Aweil Centre,2014-01-06,2,0.0,2,0.1060542277014211,2014,1
Aweil Centre,2014-08-18,18,0.0,18,0.9551345874066355,2014,8
Aweil Centre,2014-08-25,6,0.0,3,0.15910048653205472,2014,8
Aweil Centre,2014-09-08,26,0.0,13,0.689438623669533,2014,9
Aweil Centre,2014-09-15,46,0.0,22,1.1667561684756285,2014,9
Aweil Centre,2014-09-22,27,0.0,19,1.0076481563369086,2014,9
Aweil Centre,2014-09-29,3,0.0,3,0.15910078497713495,2014,9
Aweil Centre,2014-10-06,31,0.0,18,0.9546004753896453,2014,10
Aweil Centre,2014-10-13,99,0.0,72,3.8216522982533214,2014,10
Aweil Centre,2014-10-20,7,0.0,7,0.37146981067083684,2014,10
Aweil Centre,2014-10-27,14,0.0,14,0.7426100132960165,2014,10
Aweil Centre,2014-11-03,77,0.0,36,1.9095681385802923,2014,11
Aweil Centre,2014-11-10,51,0.0,51,2.7062972651236694,2014,11
Aweil Centre,2014-11-17,21,0.0,20,1.0611935635941254,2014,11
Aweil Centre,2014-11-24,13,0.0,12,0.6372700118738455,2014,11
Aweil Centre,2014-12-01,21,0.0,15,0.7966000795216139,2014,12
Aweil Centre,2015-11-02,21,0.0,21,1.114325868700777,2015,11
Aweil Centre,2015-11-09,257,0.0,165,8.753436167021194,2015,11
Aweil Centre,2015-11-16,52,0.0,33,1.7502131358499677,2015,11
Aweil Centre,2015-11-23,52,0.0,32,1.6970743791378526,2015,11
Aweil Centre,2016-08-08,39,0.0,31,1.6441879788117588,2016,8
Aweil Centre,2016-08-15,245,0.0,131,6.947525649737912,2016,8
Aweil Centre,2016-08-22,256,0.0,183,9.70411407025436,2016,8
Aweil Centre,2016-09-12,1,0.0,1,0.05303369447407172,2016,9
Aweil Centre,2016-11-21,32,0.0,18,0.9559209551280357,2016,11
Aweil Centre,2016-11-28,13,0.0,13,0.6901717806253183,2016,11
Aweil Centre,2017-01-09,1,0.0,1,0.053077657385027746,2017,1
Aweil Centre,2017-10-16,24,0.0,19,1.008727139341629,2017,10
Aweil Centre,2017-10-23,4,0.0,4,0.2123438965655306,2017,10
Aweil Centre,2017-10-30,4,0.0,2,0.10617309229925863,2017,10
Aweil Centre,2017-11-06,12,0.0,7,0.3716489355368902,2017,11
Aweil Centre,2017-11-20,6,0.0,3,0.1591904089125155,2017,11
Aweil Centre,2017-12-18,5,0.0,5,0.26555230331811075,2017,12
Aweil Centre,2018-01-22,3,0.0,3,0.15909002463074126,2018,1
Aweil Centre,2018-01-29,2,0.0,2,0.10605722465411405,2018,1
Aweil Centre,2018-05-21,1,0.0,1,0.05307909554193833,2018,5
Aweil Centre,2018-10-22,2,0.0,2,0.10603979260250174,2018,10
Aweil Centre,2019-02-25,1,0.0,1,0.05304763929115732,2019,2
Aweil Centre,2019-06-10,3,0.0,3,0.1591248760833347,2019,6
Aweil Centre,2019-09-09,3,0.0,3,0.15912428298037973,2019,9
Aweil Centre,2019-09-23,3,0.0,3,0.15912369000883736,2019,9
Aweil Centre,2019-10-28,3,0.0,3,0.1591248760833347,2019,10
Aweil Centre,2019-11-04,19,0.0,10,0.530437223518145,2019,11
Aweil Centre,2019-11-11,7,0.0,7,0.37135525611666753,2019,11
Aweil Centre,2019-11-25,18,0.0,12,0.6373054747220812,2019,11
Aweil Centre,2019-12-02,5,0.0,5,0.26545743210361067,2019,12
Aweil Centre,2019-12-09,49,0.0,43,2.2838790118485854,2019,12
Aweil Centre,2019-12-23,1,0.0,1,0.053091676508877375,2019,12
Aweil Centre,2020-08-31,387,0.0,322,17.079086872077408,2020,8
Aweil Centre,2020-09-07,472,0.0,320,16.969774855027563,2020,9
Aweil Centre,2020-09-14,123,0.0,92,4.879827958123689,2020,9
Aweil Centre,2020-09-21,48,0.0,24,1.2732228560009013,2020,9
Aweil Centre,2020-09-28,1089,0.0,638,33.8434421461245,2020,9
Aweil Centre,2020-10-05,1502,0.0,1144,60.68517105418144,2020,10
Aweil Centre,2020-10-12,2239,0.0,933,49.48613907442673,2020,10
Aweil Centre,2020-10-19,159,0.0,80,4.243504308703309,2020,10
Aweil Centre,2020-10-26,205,0.0,100,5.304606251957324,2020,10
Aweil Centre,2020-11-02,754,0.0,271,14.374196833950663,2020,11
Aweil Centre,2020-11-09,786,0.0,331,17.558053742385777,2020,11
Aweil Centre,2020-11-16,194,0.0,100,5.304608152330554,2020,11
Aweil Centre,2020-11-23,3,0.0,3,0.15925991936042588,2020,11
Aweil Centre,2020-11-30,2,0.0,2,0.10625885746932373,2020,11
Aweil Centre,2020-12-07,1,0.0,1,0.05312750263959195,2020,12
Aweil Centre,2021-07-26,2,0.0,2,0.10610822665523202,2021,7
Aweil Centre,2021-08-02,359,0.0,130,6.896424525679508,2021,8
Aweil Centre,2021-08-09,87,0.0,49,2.599146553934539,2021,8
Aweil Centre,2021-08-16,17,0.0,17,0.9018598387417518,2021,8
Aweil Centre,2021-08-23,63,0.0,53,2.81131684574534,2021,8
Aweil Centre,2021-09-20,31,0.0,18,0.9552211822871735,2021,9
Aweil Centre,2021-09-27,29,0.0,26,1.379734842896235,2021,9
Aweil Centre,2021-10-04,379,0.0,158,8.380825835298085,2021,10
Aweil Centre,2021-10-11,47,0.0,23,1.220154116989555,2021,10
Aweil Centre,2021-10-18,61,0.0,30,1.5919505026033054,2021,10
Aweil Centre,2021-10-25,30,0.0,30,1.5915329995719751,2021,10
Aweil Centre,2021-11-01,68,0.0,58,3.076701795685501,2021,11
Aweil Centre,2021-11-08,72,0.0,38,2.0157726839852783,2021,11
Aweil Centre,2021-11-15,9,0.0,8,0.42437747316022356,2021,11
Aweil Centre,2021-11-22,1,0.0,1,0.053091676508877375,2021,11
Aweil Centre,2021-11-29,3,0.0,3,0.15927502932631807,2021,11
Aweil Centre,2021-12-06,2,0.0,1,0.053091676508877375,2021,12
Aweil Centre,2022-01-24,1,0.0,1,0.053091676508877375,2022,1
Aweil Centre,2022-08-22,12,0.0,8,0.42462211200008854,2022,8
Aweil Centre,2022-08-29,16,0.0,8,0.4243095121229521,2022,8
Aweil Centre,2022-09-05,13,0.0,13,0.6896195676424702,2022,9
Aweil Centre,2022-09-12,110,0.0,47,2.4932987995635876,2022,9
Aweil Centre,2022-09-19,285,0.0,115,6.099878480380578,2022,9
Aweil Centre,2022-09-26,174,0.0,72,3.819705814761416,2022,9
Aweil Centre,2022-10-03,14,0.0,14,0.7432022110348719,2022,10
Aweil Centre,2022-10-10,10,0.0,10,0.5303279553091284,2022,10
Aweil Centre,2022-10-24,204,0.0,89,4.720415451283064,2022,10
Aweil Centre,2022-10-31,110,0.0,43,2.2809131183691242,2022,10
Aweil Centre,2022-11-07,127,0.0,94,4.9878393097825775,2022,11
Aweil Centre,2022-11-14,22,0.0,17,0.9024012879618478,2022,11
Aweil Centre,2022-11-21,3,0.0,3,0.15926791234094406,2022,11
Aweil Centre,2023-05-29,7,0.0,7,0.37127367011317974,2023,5
Aweil Centre,2023-11-06,11,0.0,11,0.5836376988483539,2023,11
Aweil Centre,2023-11-13,2,0.0,2,0.10607840364652088,2023,11
Aweil Centre,2023-12-04,24,0.0,20,1.0621833763617674,2023,12
Aweil Centre,2024-01-01,9,0.0,6,0.31861479850099444,2024,1
Aweil Centre,2024-02-12,3,0.0,3,0.1592707476373702,2024,2
Aweil Centre,2024-09-02,129,0.0,70,3.7125880723034133,2024,9
Aweil Centre,2024-09-09,2,0.0,2,0.10607096295318752,2024,9
Aweil Centre,2024-09-16,36,0.0,23,1.2202040516477215,2024,9
Aweil Centre,2024-09-23,3,0.0,3,0.15925535101510507,2024,9
Aweil Centre,2024-10-21,21,0.0,12,0.6369769847984961,2024,10
Aweil Centre,2024-10-28,52,0.0,44,2.3338341658084296,2024,10
Aweil Centre,2024-11-04,61,0.0,27,1.4315966169520618,2024,11
Aweil Centre,2024-11-11,5,0.0,2,0.10603948714429956,2024,11
Aweil Centre,2024-11-25,1,0.0,1,0.05307794510404829,2024,11
Aweil Centre,2024-12-02,13,0.0,13,0.6903102504260482,2024,12
Aweil Centre,2024-12-16,1,0.0,1,0.05310636954105984,2024,12
Aweil Centre,2025-10-13,155,0.0,139,7.375376150568354,2025,10
Aweil Centre,2025-10-20,171,0.0,150,7.957585488875643,2025,10
Aweil Centre,2025-10-27,14,0.0,14,0.7425135765765242,2025,10
Aweil Centre,2025-11-03,1,0.0,1,0.053037864387450624,2025,11
Aweil Centre,2025-11-10,4,0.0,2,0.10609114093150064,2025,11
Aweil Centre,2025-11-24,13,0.0,7,0.37159574410793095,2025,11
Aweil Centre,2025-12-01,1,0.0,1,0.053079383041719434,2025,12
Aweil Centre,2025-12-15,2,0.0,2,0.10621563895750234,2025,12
Aweil East,2000-10-30,28,0.0,14,0.7422111723705037,2000,10
Aweil East,2001-08-20,28,0.0,28,1.4843980914220856,2001,8
Aweil East,2001-09-03,357,0.0,357,18.930220899017485,2001,9
Aweil East,2001-10-01,527,0.0,434,23.013772430394106,2001,10
Aweil East,2001-10-08,185,0.0,94,4.984185814652307,2001,10
Aweil East,2001-10-15,10,0.0,5,0.26513166932554283,2001,10
Aweil East,2001-10-22,410,0.0,391,20.73163862566493,2001,10
Aweil East,2001-10-29,170,0.0,108,5.72665363508063,2001,10
Aweil East,2001-11-05,241,0.0,115,6.098010708271751,2001,11
Aweil East,2001-11-12,153,0.0,117,6.203986025414759,2001,11
Aweil East,2001-11-19,121,0.0,48,2.545184006778993,2001,11
Aweil East,2001-11-26,84,0.0,34,1.8029140194929643,2001,11
Aweil East,2001-12-03,4,0.0,2,0.1060340555811675,2001,12
Aweil East,2002-08-05,14,0.0,11,0.5830450127413808,2002,8
Aweil East,2002-08-12,182,0.0,160,8.481659971775553,2002,8
Aweil East,2002-08-19,93,0.0,69,3.657343125754636,2002,8
Aweil East,2002-08-26,56,0.0,56,2.9683204280254647,2002,8
Aweil East,2002-09-23,11,0.0,11,0.5831668942414294,2002,9
Aweil East,2002-09-30,21,0.0,16,0.8482415987086139,2002,9
Aweil East,2002-10-07,20,0.0,20,1.0600760287113569,2002,10
Aweil East,2002-11-04,2,0.0,1,0.05298320314798697,2002,11
Aweil East,2002-11-18,1,0.0,1,0.05298815393166777,2002,11
Aweil East,2003-01-27,1,0.0,1,0.05304024102458606,2003,1
Aweil East,2003-04-21,2,0.0,1,0.052917861466258154,2003,4
Aweil East,2003-05-12,5,0.0,5,0.2647844801220711,2003,5
Aweil East,2003-05-19,4,0.0,4,0.21178168086258237,2003,5
Aweil East,2003-06-02,16,0.0,16,0.8479582095076582,2003,6
Aweil East,2003-06-09,96,0.0,92,4.8784441226188475,2003,6
Aweil East,2003-06-16,614,0.0,330,17.50039227327519,2003,6
Aweil East,2003-06-23,958,0.0,347,18.399608294698652,2003,6
Aweil East,2003-06-30,120,0.0,90,4.772721350932273,2003,6
Aweil East,2003-07-07,16,0.0,16,0.8484919143099799,2003,7
Aweil East,2003-07-14,14,0.0,13,0.6893033630139671,2003,7
Aweil East,2003-07-21,47,0.0,46,2.4387715371814314,2003,7
Aweil East,2003-07-28,3,0.0,3,0.15908733467686625,2003,7
Aweil East,2003-08-04,316,0.0,152,8.06028815661021,2003,8
Aweil East,2003-08-11,442,0.0,196,10.393462638285389,2003,8
Aweil East,2003-08-18,809,0.0,540,28.633402333720486,2003,8
Aweil East,2003-08-25,54,0.0,52,2.7574278647914903,2003,8
Aweil East,2003-09-01,470,0.0,406,21.528093210614994,2003,9
Aweil East,2003-09-08,1335,0.0,796,42.2060559951654,2003,9
Aweil East,2003-09-15,2542,0.0,1110,58.853818655899765,2003,9
Aweil East,2003-09-22,2700,0.0,904,47.93436129962594,2003,9
Aweil East,2003-09-29,1622,0.0,610,32.341799453364345,2003,9
Aweil East,2003-10-06,21,0.0,12,0.6361952598535476,2003,10
Aweil East,2003-10-13,1369,0.0,508,26.9352647970434,2003,10
Aweil East,2003-10-20,2524,0.0,801,42.47007372757487,2003,10
Aweil East,2003-10-27,1787,0.0,607,32.18356393854181,2003,10
Aweil East,2003-11-03,496,0.0,289,15.32353735297643,2003,11
Aweil East,2003-11-10,1113,0.0,422,22.37484845396885,2003,11
Aweil East,2003-11-17,679,0.0,304,16.118442915027387,2003,11
Aweil East,2003-11-24,190,0.0,102,5.407378768104837,2003,11
Aweil East,2003-12-01,98,0.0,64,3.392605096244271,2003,12
Aweil East,2003-12-08,69,0.0,37,1.9613570933392033,2003,12
Aweil East,2003-12-15,47,0.0,29,1.5375275373071124,2003,12
Aweil East,2003-12-22,1,0.0,1,0.05303100649015638,2003,12
Aweil East,2003-12-29,16,0.0,10,0.530309765063666,2003,12
Aweil East,2004-01-05,1,0.0,1,0.05303100649015638,2004,1
Aweil East,2004-01-12,3,0.0,3,0.15909272039409245,2004,1
Aweil East,2004-05-03,3,0.0,3,0.15882119432782782,2004,5
Aweil East,2004-08-16,36,0.0,22,1.1667287279852159,2004,8
Aweil East,2004-08-23,224,0.0,112,5.939706592544097,2004,8
Aweil East,2004-08-30,31,0.0,31,1.6439924528704584,2004,8
Aweil East,2004-09-27,6,0.0,6,0.31804001587344993,2004,9
Aweil East,2004-10-04,1,0.0,1,0.05299922744208715,2004,10
Aweil East,2004-10-18,1,0.0,1,0.052994931780885914,2004,10
Aweil East,2004-10-25,1,0.0,1,0.05299523912957756,2004,10
Aweil East,2004-11-01,1,0.0,1,0.052949316772695626,2004,11
Aweil East,2004-11-08,1,0.0,1,0.052999533669429735,2004,11
Aweil East,2004-12-20,5,0.0,3,0.1588301314069499,2004,12
Aweil East,2005-08-15,1,0.0,1,0.053036376642161424,2005,8
Aweil East,2005-08-22,29,0.0,29,1.537770151124744,2005,8
Aweil East,2005-08-29,129,0.0,100,5.302717077457789,2005,8
Aweil East,2005-09-12,16,0.0,16,0.848450294105089,2005,9
Aweil East,2005-09-19,371,0.0,166,8.802702895803153,2005,9
Aweil East,2005-09-26,1208,0.0,411,21.793279532637406,2005,9
Aweil East,2005-10-03,653,0.0,277,14.689064206413125,2005,10
Aweil East,2005-10-10,1831,0.0,1390,73.70391642377231,2005,10
Aweil East,2005-10-17,1554,0.0,459,24.338447603994968,2005,10
Aweil East,2005-10-24,1665,0.0,936,49.62675389066155,2005,10
Aweil East,2005-10-31,912,0.0,588,31.171880520087665,2005,10
Aweil East,2005-11-07,248,0.0,140,7.4200504007275025,2005,11
Aweil East,2005-11-14,73,0.0,54,2.861461657407157,2005,11
Aweil East,2005-11-21,59,0.0,41,2.1719283549032244,2005,11
Aweil East,2005-11-28,23,0.0,21,1.1127478319636204,2005,11
Aweil East,2005-12-05,10,0.0,10,0.5298404949677836,2005,12
Aweil East,2005-12-12,3,0.0,2,0.10589609219300086,2005,12
Aweil East,2005-12-19,3,0.0,3,0.1588428661378231,2005,12
Aweil East,2006-01-02,2,0.0,1,0.053022607631543706,2006,1
Aweil East,2006-07-10,1,0.0,1,0.05303160429549395,2006,7
Aweil East,2006-08-14,8,0.0,8,0.4242491310114949,2006,8
Aweil East,2006-09-04,377,0.0,191,10.127807890148695,2006,9
Aweil East,2006-09-11,244,0.0,114,6.044790237928855,2006,9
Aweil East,2006-09-25,127,0.0,50,2.650796977019888,2006,9
Aweil East,2006-10-02,2773,0.0,1576,83.56158776542998,2006,10
Aweil East,2006-10-09,2317,0.0,754,39.978174381082745,2006,10
Aweil East,2006-10-16,576,0.0,320,16.96723314562162,2006,10
Aweil East,2006-10-23,1292,0.0,1109,58.7975608417928,2006,10
Aweil East,2006-10-30,982,0.0,599,31.75707762251839,2006,10
Aweil East,2006-11-06,523,0.0,384,20.36028402985474,2006,11
Aweil East,2006-11-13,211,0.0,198,10.497631179970304,2006,11
Aweil East,2006-11-20,171,0.0,166,8.797739575117468,2006,11
Aweil East,2006-11-27,76,0.0,44,2.331734693864409,2006,11
Aweil East,2006-12-04,35,0.0,20,1.0598007550500612,2006,12
Aweil East,2006-12-11,6,0.0,4,0.21186984658130004,2006,12
Aweil East,2006-12-18,46,0.0,37,1.9603649581941363,2006,12
Aweil East,2006-12-25,45,0.0,39,2.0658636510195727,2006,12
Aweil East,2007-01-01,1,0.0,1,0.05302861232705702,2007,1
Aweil East,2007-01-08,3,0.0,3,0.159086734350562,2007,1
Aweil East,2007-08-20,146,0.0,101,5.355714009968344,2007,8
Aweil East,2007-08-27,50,0.0,50,2.6511482944856297,2007,8
Aweil East,2007-09-10,136,0.0,109,5.77871250314939,2007,9
Aweil East,2007-09-17,1259,0.0,820,43.47716171712587,2007,9
Aweil East,2007-09-24,3589,0.0,1595,84.5663829511913,2007,9
Aweil East,2007-10-01,1649,0.0,1234,65.428563134087,2007,10
Aweil East,2007-10-08,5123,0.0,1991,105.56571898943072,2007,10
Aweil East,2007-10-15,2647,0.0,1457,77.25267219590599,2007,10
Aweil East,2007-10-22,5097,0.0,3054,161.92773503723785,2007,10
Aweil East,2007-10-29,6645,0.0,2425,128.5778179772534,2007,10
Aweil East,2007-11-05,1690,0.0,556,29.479238893594957,2007,11
Aweil East,2007-11-12,753,0.0,381,20.20002001559932,2007,11
Aweil East,2007-11-26,10,0.0,10,0.5302127955416474,2007,11
Aweil East,2007-12-03,11,0.0,11,0.5832420297896828,2007,12
Aweil East,2007-12-10,6,0.0,4,0.21193682292499352,2007,12
Aweil East,2007-12-24,1,0.0,1,0.05302861232705702,2007,12
Aweil East,2008-07-21,2,0.0,2,0.10605332780479598,2008,7
Aweil East,2008-08-04,108,0.0,107,5.672364969503548,2008,8
Aweil East,2008-08-11,113,0.0,113,5.990091756327678,2008,8
Aweil East,2008-08-25,894,0.0,577,30.592428767208474,2008,8
Aweil East,2008-09-01,783,0.0,772,40.93294703176064,2008,9
Aweil East,2008-09-08,1140,0.0,864,45.81319372326788,2008,9
Aweil East,2008-09-15,644,0.0,322,17.073500073606272,2008,9
Aweil East,2008-09-22,1738,0.0,1202,63.732577000410934,2008,9
Aweil East,2008-09-29,3491,0.0,1394,73.9129477395861,2008,9
Aweil East,2008-10-06,6360,0.0,4434,235.10757544351333,2008,10
Aweil East,2008-10-13,11861,0.0,3839,203.54320303669022,2008,10
Aweil East,2008-10-20,20797,0.0,6271,332.4856372080601,2008,10
Aweil East,2008-10-27,23037,0.0,7078,375.2640735056267,2008,10
Aweil East,2008-11-03,17969,0.0,6344,336.3519959952019,2008,11
Aweil East,2008-11-10,20020,0.0,6177,327.5041630275276,2008,11
Aweil East,2008-11-17,10139,0.0,4048,214.62298727843333,2008,11
Aweil East,2008-11-24,5628,0.0,1653,87.63607730028333,2008,11
Aweil East,2008-12-01,2497,0.0,846,44.8506655067473,2008,12
Aweil East,2008-12-08,1122,0.0,358,18.978264045925165,2008,12
Aweil East,2008-12-15,233,0.0,99,5.24805050115333,2008,12
Aweil East,2008-12-22,27,0.0,18,0.9538449448114976,2008,12
Aweil East,2008-12-29,19,0.0,15,0.7948613790721544,2008,12
Aweil East,2009-01-05,15,0.0,10,0.5299218761527745,2009,1
Aweil East,2009-01-12,9,0.0,5,0.26497527360181283,2009,1
Aweil East,2009-01-26,2,0.0,2,0.10599017091046348,2009,1
Aweil East,2009-02-02,1,0.0,1,0.052994931780885914,2009,2
Aweil East,2009-02-09,1,0.0,1,0.05299523912957756,2009,2
Aweil East,2009-08-17,9,0.0,9,0.47726181931298206,2009,8
Aweil East,2009-08-24,78,0.0,30,1.5904656599631242,2009,8
Aweil East,2009-08-31,587,0.0,211,11.186826607435355,2009,8
Aweil East,2009-09-07,105,0.0,55,2.9158438459473626,2009,9
Aweil East,2009-09-14,104,0.0,60,3.1809155276030716,2009,9
Aweil East,2009-09-21,219,0.0,92,4.877700037866164,2009,9
Aweil East,2009-09-28,402,0.0,386,20.465814193977657,2009,9
Aweil East,2009-10-05,377,0.0,377,19.988694313891518,2009,10
Aweil East,2009-10-12,171,0.0,142,7.529053607978901,2009,10
Aweil East,2009-10-19,825,0.0,465,24.653744379631284,2009,10
Aweil East,2009-10-26,154,0.0,114,6.042527615834662,2009,10
Aweil East,2009-11-09,32,0.0,14,0.7418332273176534,2009,11
Aweil East,2009-11-23,11,0.0,11,0.5828650582138886,2009,11
Aweil East,2010-02-22,1,0.0,1,0.05294995170966331,2010,2
Aweil East,2010-04-26,6,0.0,3,0.1588422308453287,2010,4
Aweil East,2010-08-16,27,0.0,22,1.1664233024888777,2010,8
Aweil East,2010-08-30,122,0.0,88,4.666130037238256,2010,8
Aweil East,2010-09-06,354,0.0,354,18.768908358252446,2010,9
Aweil East,2010-09-13,137,0.0,69,3.6582158005671364,2010,9
Aweil East,2010-09-20,681,0.0,323,17.124757966387225,2010,9
Aweil East,2010-09-27,2541,0.0,1238,65.63815635814403,2010,9
Aweil East,2010-10-04,981,0.0,735,38.96762129450816,2010,10
Aweil East,2010-10-11,6117,0.0,2623,139.07164341805625,2010,10
Aweil East,2010-10-18,2589,0.0,1640,86.95299043780437,2010,10
Aweil East,2010-10-25,3983,0.0,2398,127.14101924357573,2010,10
Aweil East,2010-11-01,7073,0.0,2207,117.01480781756497,2010,11
Aweil East,2010-11-08,7056,0.0,2656,140.81798847027827,2010,11
Aweil East,2010-11-15,4452,0.0,2380,126.18243059331199,2010,11
Aweil East,2010-11-22,2191,0.0,926,49.093134285288365,2010,11
Aweil East,2010-11-29,714,0.0,298,15.798477715688817,2010,11
Aweil East,2010-12-06,135,0.0,78,4.134914769674298,2010,12
Aweil East,2010-12-13,38,0.0,22,1.166150462076951,2010,12
Aweil East,2010-12-20,3,0.0,2,0.10598986356177183,2010,12
Aweil East,2010-12-27,5,0.0,4,0.2119800344722353,2010,12
Aweil East,2011-01-03,2,0.0,2,0.10599047825915511,2011,1
Aweil East,2011-01-10,3,0.0,2,0.10598986356177183,2011,1
Aweil East,2011-08-22,3,0.0,3,0.1590596889037526,2011,8
Aweil East,2011-09-12,21,0.0,21,1.113263216566513,2011,9
Aweil East,2011-09-19,3,0.0,2,0.10603284707129149,2011,9
Aweil East,2011-09-26,599,0.0,452,23.963623431915234,2011,9
Aweil East,2011-10-03,267,0.0,266,14.102630382213972,2011,10
Aweil East,2011-10-10,2,0.0,2,0.10603133499616062,2011,10
Aweil East,2011-10-17,119,0.0,103,5.460020194964311,2011,10
Aweil East,2011-10-31,11,0.0,6,0.31792830566916463,2011,10
Aweil East,2011-11-21,2,0.0,2,0.10605782203563788,2011,11
Aweil East,2011-11-28,1,0.0,1,0.05302771347898792,2011,11
Aweil East,2011-12-05,25,0.0,16,0.8484473023532287,2011,12
Aweil East,2011-12-12,2,0.0,2,0.10605512711028763,2011,12
Aweil East,2011-12-19,5,0.0,5,0.2651397654627185,2011,12
Aweil East,2012-08-13,1,0.0,1,0.05302771347898792,2012,8
Aweil East,2012-08-20,44,0.0,44,2.3326660610382075,2012,8
Aweil East,2012-08-27,4,0.0,4,0.21178614250163152,2012,8
Aweil East,2012-09-10,4,0.0,4,0.21195107050673323,2012,9
Aweil East,2012-09-17,382,0.0,350,18.5576152607348,2012,9
Aweil East,2012-09-24,797,0.0,387,20.51895345158653,2012,9
Aweil East,2012-10-01,823,0.0,551,29.21221871689035,2012,10
Aweil East,2012-10-08,875,0.0,772,40.92830238627105,2012,10
Aweil East,2012-10-15,375,0.0,332,17.60012959406449,2012,10
Aweil East,2012-10-22,102,0.0,102,5.407375210637377,2012,10
Aweil East,2012-10-29,181,0.0,180,9.540613853383407,2012,10
Aweil East,2012-11-05,52,0.0,37,1.960766295700251,2012,11
Aweil East,2012-11-12,7,0.0,5,0.2649830632114616,2012,11
Aweil East,2012-11-19,14,0.0,11,0.5828889878748271,2012,11
Aweil East,2012-11-26,5,0.0,4,0.21203682545545632,2012,11
Aweil East,2012-12-03,2,0.0,2,0.1060590207313952,2012,12
Aweil East,2012-12-17,4,0.0,4,0.2121108412263637,2012,12
Aweil East,2012-12-24,2,0.0,2,0.10606141482755936,2012,12
Aweil East,2012-12-31,1,0.0,1,0.05303070741377968,2012,12
Aweil East,2013-05-06,52,0.0,31,1.6439892886128062,2013,5
Aweil East,2013-08-12,41,0.0,41,2.173502196363925,2013,8
Aweil East,2013-08-19,155,0.0,131,6.94547508287441,2013,8
Aweil East,2013-08-26,317,0.0,220,11.663881526916766,2013,8
Aweil East,2013-09-02,402,0.0,243,12.883439628697854,2013,9
Aweil East,2013-09-09,753,0.0,552,29.267291613239422,2013,9
Aweil East,2013-09-16,3046,0.0,1741,92.30478733685588,2013,9
Aweil East,2013-09-23,1707,0.0,680,36.055382170102476,2013,9
Aweil East,2013-09-30,2412,0.0,906,48.03674394092213,2013,9
Aweil East,2013-10-07,2524,0.0,1391,73.75184593182497,2013,10
Aweil East,2013-10-14,5087,0.0,2154,114.20308123736694,2013,10
Aweil East,2013-10-21,1434,0.0,555,29.426391522529585,2013,10
Aweil East,2013-10-28,1566,0.0,680,36.05176870188703,2013,10
Aweil East,2013-11-04,65,0.0,49,2.597896234769215,2013,11
Aweil East,2013-11-11,9,0.0,9,0.4766951091051427,2013,11
Aweil East,2013-11-18,91,0.0,37,1.9610488137877857,2013,11
Aweil East,2013-11-25,30,0.0,21,1.1128625344908862,2013,11
Aweil East,2013-12-02,28,0.0,20,1.0600870299739866,2013,12
Aweil East,2013-12-09,22,0.0,13,0.6890921308608959,2013,12
Aweil East,2013-12-16,20,0.0,9,0.47707790705065417,2013,12
Aweil East,2013-12-23,7,0.0,5,0.26504466730136816,2013,12
Aweil East,2013-12-30,7,0.0,7,0.371061743468831,2013,12
Aweil East,2014-01-06,2,0.0,2,0.1060176844874857,2014,1
Aweil East,2014-01-13,1,0.0,1,0.05300869014642983,2014,1
Aweil East,2014-02-03,2,0.0,1,0.05294868155569791,2014,2
Aweil East,2014-08-11,4,0.0,4,0.21206115637854084,2014,8
Aweil East,2014-08-18,63,0.0,38,2.0146047222544463,2014,8
Aweil East,2014-08-25,68,0.0,24,1.2723633070689198,2014,8
Aweil East,2014-09-08,149,0.0,59,3.1278466447977777,2014,9
Aweil East,2014-09-15,1878,0.0,829,43.95317854403608,2014,9
Aweil East,2014-09-22,988,0.0,477,25.291679680478246,2014,9
Aweil East,2014-09-29,1256,0.0,556,29.47881283306247,2014,9
Aweil East,2014-10-06,2965,0.0,1567,83.08169769552168,2014,10
Aweil East,2014-10-13,5554,0.0,3496,185.35006120602756,2014,10
Aweil East,2014-10-20,3363,0.0,1928,102.2191832249567,2014,10
Aweil East,2014-10-27,1289,0.0,826,43.79345592110966,2014,10
Aweil East,2014-11-03,2757,0.0,1175,62.29493422910145,2014,11
Aweil East,2014-11-10,1337,0.0,593,31.43953919967448,2014,11
Aweil East,2014-11-17,845,0.0,454,24.07030043902113,2014,11
Aweil East,2014-11-24,951,0.0,394,20.888398156672352,2014,11
Aweil East,2014-12-01,270,0.0,128,6.7853700032922015,2014,12
Aweil East,2014-12-08,8,0.0,8,0.42412079823349047,2014,12
Aweil East,2014-12-15,5,0.0,5,0.2649883239894952,2014,12
Aweil East,2014-12-22,1,0.0,1,0.05301415381253096,2014,12
Aweil East,2014-12-29,5,0.0,2,0.10586798806864595,2014,12
Aweil East,2015-08-24,1,0.0,1,0.052986917810977946,2015,8
Aweil East,2015-09-14,284,0.0,193,10.232844025066855,2015,9
Aweil East,2015-09-21,139,0.0,118,6.255899930466527,2015,9
Aweil East,2015-09-28,398,0.0,270,14.314155134913616,2015,9
Aweil East,2015-10-05,8,0.0,8,0.42415687903722377,2015,10
Aweil East,2015-11-09,229,0.0,223,11.82409326526152,2015,11
Aweil East,2015-11-16,89,0.0,83,4.400407566519941,2015,11
Aweil East,2015-11-23,172,0.0,128,6.786183251461644,2015,11
Aweil East,2015-11-30,89,0.0,89,4.718469103255565,2015,11
Aweil East,2016-01-04,6,0.0,3,0.15883554815495296,2016,1
Aweil East,2016-07-11,31,0.0,31,1.6434417658463483,2016,7
Aweil East,2016-07-25,433,0.0,306,16.21965502331823,2016,7
Aweil East,2016-08-01,1,0.0,1,0.05299983996682081,2016,8
Aweil East,2016-08-08,1,0.0,1,0.05299983996682081,2016,8
Aweil East,2016-08-15,3,0.0,3,0.15903700548005986,2016,8
Aweil East,2016-08-22,764,0.0,440,23.32564261620265,2016,8
Aweil East,2016-08-29,73,0.0,40,2.1208436699788766,2016,8
Aweil East,2016-09-05,6,0.0,6,0.3180949123197077,2016,9
Aweil East,2016-09-12,34,0.0,26,1.3785972671374236,2016,9
Aweil East,2016-09-19,139,0.0,103,5.460887477094678,2016,9
Aweil East,2016-09-26,3,0.0,3,0.15904427539398874,2016,9
Aweil East,2016-10-10,2,0.0,2,0.10603193988364452,2016,10
Aweil East,2016-10-17,2,0.0,2,0.10603193988364452,2016,10
Aweil East,2016-10-24,3,0.0,3,0.15904760738172483,2016,10
Aweil East,2016-11-07,1,0.0,1,0.05301172838180079,2016,11
Aweil East,2016-12-05,4,0.0,4,0.21183682343410187,2016,12
Aweil East,2016-12-12,1,0.0,1,0.052947410281776235,2016,12
Aweil East,2017-09-25,43,0.0,43,2.2796570533753657,2017,9
Aweil East,2017-10-02,88,0.0,88,4.664054062898327,2017,10
Aweil East,2017-10-16,165,0.0,105,5.565653435368579,2017,10
Aweil East,2017-10-30,79,0.0,59,3.126771758938854,2017,10
Aweil East,2017-11-06,63,0.0,42,2.226311927092265,2017,11
Aweil East,2017-11-13,7,0.0,7,0.37060321439714705,2017,11
Aweil East,2017-11-20,21,0.0,16,0.8477401794411106,2017,11
Aweil East,2017-11-27,24,0.0,22,1.165873229112571,2017,11
Aweil East,2017-12-04,54,0.0,44,2.33294564991623,2017,12
Aweil East,2017-12-18,3,0.0,2,0.10606080966029122,2017,12
Aweil East,2017-12-25,1,0.0,1,0.05303339602899151,2017,12
Aweil East,2018-03-19,4,0.0,4,0.21210305419445777,2018,3
Aweil East,2018-05-28,1,0.0,1,0.052941994799602335,2018,5
Aweil East,2018-07-16,6,0.0,4,0.21208204838383127,2018,7
Aweil East,2018-07-30,14,0.0,14,0.7421982861814791,2018,7
Aweil East,2018-08-06,339,0.0,334,17.710309435081147,2018,8
Aweil East,2018-08-13,540,0.0,403,21.36926119521477,2018,8
Aweil East,2018-08-27,23,0.0,23,1.2193208426266797,2018,8
Aweil East,2018-09-10,345,0.0,174,9.225160099427347,2018,9
Aweil East,2018-09-17,1458,0.0,640,33.93019979955472,2018,9
Aweil East,2018-09-24,1124,0.0,831,44.060093441699216,2018,9
Aweil East,2018-10-01,604,0.0,323,17.123993701465064,2018,10
Aweil East,2018-10-08,179,0.0,168,8.907796608308487,2018,10
Aweil East,2018-10-15,707,0.0,335,17.75999625813367,2018,10
Aweil East,2018-10-22,480,0.0,315,16.699003510104838,2018,10
Aweil East,2018-10-29,4,0.0,2,0.10602891321327633,2018,10
Aweil East,2018-11-05,62,0.0,54,2.8627268030955046,2018,11
Aweil East,2018-11-12,5,0.0,3,0.15896415283458232,2018,11
Aweil East,2018-11-19,5,0.0,4,0.2118519441533358,2018,11
Aweil East,2018-11-26,15,0.0,15,0.7938330324157312,2018,11
Aweil East,2018-12-03,1,0.0,1,0.05292142567324145,2018,12
Aweil East,2018-12-10,33,0.0,20,1.0589017422389075,2018,12
Aweil East,2018-12-17,6,0.0,5,0.2647268684015048,2018,12
Aweil East,2019-06-03,49,0.0,38,2.0152257482388647,2019,6
Aweil East,2019-06-10,786,0.0,309,16.387004128860127,2019,6
Aweil East,2019-06-24,7,0.0,7,0.3712209305715853,2019,6
Aweil East,2019-07-15,20,0.0,15,0.7954550036492343,2019,7
Aweil East,2019-08-26,18,0.0,18,0.9544501230910242,2019,8
Aweil East,2019-09-02,35,0.0,35,1.8552498861800881,2019,9
Aweil East,2019-09-09,482,0.0,430,22.802615449432473,2019,9
Aweil East,2019-09-16,22,0.0,11,0.5833915065335229,2019,9
Aweil East,2019-09-23,1704,0.0,779,41.3059065833035,2019,9
Aweil East,2019-09-30,467,0.0,369,19.56525629502736,2019,9
Aweil East,2019-10-07,3,0.0,3,0.1590034981230016,2019,10
Aweil East,2019-10-14,8,0.0,8,0.4241826582604016,2019,10
Aweil East,2019-10-21,307,0.0,307,16.2700483319885,2019,10
Aweil East,2019-10-28,27,0.0,26,1.3773098980994891,2019,10
Aweil East,2019-11-04,226,0.0,128,6.783364065539666,2019,11
Aweil East,2019-11-11,135,0.0,89,4.71851429538592,2019,11
Aweil East,2019-11-18,13,0.0,10,0.5301609270198303,2019,11
Aweil East,2019-11-25,44,0.0,27,1.4309569698314977,2019,11
Aweil East,2019-12-02,29,0.0,20,1.0597603243663392,2019,12
Aweil East,2019-12-16,7,0.0,5,0.26512025583793536,2019,12
Aweil East,2019-12-23,23,0.0,13,0.6893284321778604,2019,12
Aweil East,2019-12-30,3,0.0,2,0.10597630786333553,2019,12
Aweil East,2020-01-06,2,0.0,2,0.1060629075517383,2020,1
Aweil East,2020-01-13,3,0.0,3,0.15909062103072624,2020,1
Aweil East,2020-05-04,3,0.0,3,0.158831966922668,2020,5
Aweil East,2020-08-31,6,0.0,3,0.1590494219692124,2020,8
Aweil East,2020-09-07,63,0.0,63,3.3399190847598534,2020,9
Aweil East,2020-09-14,138,0.0,101,5.354227638777099,2020,9
Aweil East,2020-09-21,567,0.0,332,17.602086656304625,2020,9
Aweil East,2020-09-28,1486,0.0,1082,57.36614904068658,2020,9
Aweil East,2020-10-05,3525,0.0,1884,99.89131074911158,2020,10
Aweil East,2020-10-12,3261,0.0,1435,76.08097570442514,2020,10
Aweil East,2020-10-19,1034,0.0,523,27.728498527564668,2020,10
Aweil East,2020-10-26,4101,0.0,1246,66.05928541398988,2020,10
Aweil East,2020-11-02,6655,0.0,2487,131.8586325899302,2020,11
Aweil East,2020-11-09,12017,0.0,4968,263.4061482214141,2020,11
Aweil East,2020-11-16,7091,0.0,2252,119.39549452028578,2020,11
Aweil East,2020-11-23,3386,0.0,1229,65.15723642320764,2020,11
Aweil East,2020-11-30,1613,0.0,526,27.88709492955215,2020,11
Aweil East,2020-12-07,80,0.0,61,3.23397370506563,2020,12
Aweil East,2020-12-14,8,0.0,8,0.4242375804142029,2020,12
Aweil East,2020-12-21,28,0.0,23,1.2195929003217285,2020,12
Aweil East,2020-12-28,99,0.0,62,3.2878293306080035,2020,12
Aweil East,2021-01-04,65,0.0,34,1.8030344691420215,2021,1
Aweil East,2021-01-11,8,0.0,5,0.2651484486084272,2021,1
Aweil East,2021-05-10,2,0.0,1,0.05292207278782882,2021,5
Aweil East,2021-06-28,44,0.0,22,1.166346160880021,2021,6
Aweil East,2021-07-12,1,0.0,1,0.05301959463045899,2021,7
Aweil East,2021-07-19,230,0.0,111,5.884717467811457,2021,7
Aweil East,2021-07-26,25,0.0,25,1.325343127196073,2021,7
Aweil East,2021-08-02,1553,0.0,613,32.499785059984724,2021,8
Aweil East,2021-08-09,107,0.0,55,2.915862983690828,2021,8
Aweil East,2021-08-16,764,0.0,526,27.887672953718138,2021,8
Aweil East,2021-08-23,3399,0.0,1310,69.45869466981499,2021,8
Aweil East,2021-09-06,266,0.0,166,8.80137131649795,2021,9
Aweil East,2021-09-20,1363,0.0,1293,68.55917667468904,2021,9
Aweil East,2021-09-27,3188,0.0,1665,88.28038883881914,2021,9
Aweil East,2021-10-04,4787,0.0,2413,127.94546625462931,2021,10
Aweil East,2021-10-11,4030,0.0,1802,95.54788144001928,2021,10
Aweil East,2021-10-18,4582,0.0,1721,91.25306438399762,2021,10
Aweil East,2021-10-25,4474,0.0,2765,146.6075425139948,2021,10
Aweil East,2021-11-01,1440,0.0,1002,53.123666141605895,2021,11
Aweil East,2021-11-08,2081,0.0,708,37.53444354196998,2021,11
Aweil East,2021-11-15,1135,0.0,360,19.08489495054531,2021,11
Aweil East,2021-11-22,545,0.0,175,9.277039234813971,2021,11
Aweil East,2021-11-29,195,0.0,96,5.089121045186118,2021,11
Aweil East,2021-12-06,42,0.0,21,1.1130064087099818,2021,12
Aweil East,2021-12-13,4,0.0,2,0.10598986356177183,2021,12
Aweil East,2021-12-20,14,0.0,11,0.582941790593958,2021,12
Aweil East,2021-12-27,3,0.0,3,0.15898479541332067,2021,12
Aweil East,2022-05-30,2,0.0,2,0.10588526591317536,2022,5
Aweil East,2022-08-01,263,0.0,198,10.494418753534223,2022,8
Aweil East,2022-08-15,160,0.0,160,8.480738620205532,2022,8
Aweil East,2022-08-22,311,0.0,188,9.963181527471413,2022,8
Aweil East,2022-08-29,65,0.0,28,1.484728243731469,2022,8
Aweil East,2022-09-05,11,0.0,11,0.583280191806281,2022,9
Aweil East,2022-09-12,601,0.0,561,29.745623237956085,2022,9
Aweil East,2022-09-19,1096,0.0,462,24.495960124422396,2022,9
Aweil East,2022-09-26,5855,0.0,1878,99.57355877935812,2022,9
Aweil East,2022-10-03,1668,0.0,834,44.21849834455897,2022,10
Aweil East,2022-10-10,398,0.0,214,11.346082562204224,2022,10
Aweil East,2022-10-24,2967,0.0,1301,68.9750064829789,2022,10
Aweil East,2022-10-31,1860,0.0,735,38.96713454266468,2022,10
Aweil East,2022-11-07,2153,0.0,1510,80.06017975422415,2022,11
Aweil East,2022-11-14,4343,0.0,1973,104.60717398894391,2022,11
Aweil East,2022-11-21,2744,0.0,1044,55.35018930773519,2022,11
Aweil East,2022-11-28,477,0.0,221,11.716301311382972,2022,11
Aweil East,2022-12-05,555,0.0,174,9.224056578678846,2022,12
Aweil East,2022-12-12,146,0.0,69,3.6574245060911803,2022,12
Aweil East,2022-12-19,42,0.0,15,0.7950203806282622,2022,12
Aweil East,2022-12-26,3,0.0,3,0.15897678803030407,2022,12
Aweil East,2023-01-02,8,0.0,7,0.3709623713091586,2023,1
Aweil East,2023-01-09,7,0.0,6,0.3179680540843301,2023,1
Aweil East,2023-01-16,6,0.0,5,0.26497373707034344,2023,1
Aweil East,2023-07-10,51,0.0,49,2.5977835986941673,2023,7
Aweil East,2023-07-17,40,0.0,40,2.1204969334921273,2023,7
Aweil East,2023-07-24,9,0.0,9,0.47710333174081704,2023,7
Aweil East,2023-08-21,34,0.0,13,0.6892154721218691,2023,8
Aweil East,2023-08-28,38,0.0,32,1.6965560493328495,2023,8
Aweil East,2023-09-04,75,0.0,34,1.802471027646068,2023,9
Aweil East,2023-09-11,13,0.0,7,0.3709040910458085,2023,9
Aweil East,2023-09-25,11,0.0,8,0.4239172750929103,2023,9
Aweil East,2023-10-02,17,0.0,6,0.31791470323795146,2023,10
Aweil East,2023-11-06,8,0.0,8,0.4238887082880317,2023,11
Aweil East,2023-11-13,32,0.0,18,0.9541384818747088,2023,11
Aweil East,2023-11-20,2,0.0,2,0.10602467032003991,2023,11
Aweil East,2023-11-27,3,0.0,2,0.10601159483968395,2023,11
Aweil East,2023-12-25,1,0.0,1,0.05303667438601956,2023,12
Aweil East,2024-01-01,7,0.0,7,0.3712564223312016,2024,1
Aweil East,2024-01-08,42,0.0,14,0.7425095702982609,2024,1
Aweil East,2024-01-15,15,0.0,14,0.7425107591116126,2024,1
Aweil East,2024-01-22,18,0.0,11,0.5834013334042659,2024,1
Aweil East,2024-07-01,4,0.0,4,0.21201708972854189,2024,7
Aweil East,2024-07-22,3,0.0,3,0.1589866371920276,2024,7
Aweil East,2024-09-02,726,0.0,376,19.936933071066587,2024,9
Aweil East,2024-09-09,393,0.0,237,12.56688205637839,2024,9
Aweil East,2024-09-16,613,0.0,261,13.839718982490183,2024,9
Aweil East,2024-09-23,1512,0.0,808,42.84229794680627,2024,9
Aweil East,2024-09-30,1446,0.0,901,47.77379139931666,2024,9
Aweil East,2024-10-07,1050,0.0,557,29.53159295483782,2024,10
Aweil East,2024-10-14,8315,0.0,2105,111.60291835158958,2024,10
Aweil East,2024-10-21,3839,0.0,1419,75.23437458932396,2024,10
Aweil East,2024-10-28,3956,0.0,1851,98.13921877364753,2024,10
Aweil East,2024-11-04,8111,0.0,1887,100.04648488474427,2024,11
Aweil East,2024-11-11,6373,0.0,1584,83.98324832222188,2024,11
Aweil East,2024-11-18,5855,0.0,1317,69.82606870354869,2024,11
Aweil East,2024-11-25,5312,0.0,1397,74.06798142720463,2024,11
Aweil East,2024-12-02,3183,0.0,814,43.1566545324935,2024,12
Aweil East,2024-12-09,752,0.0,276,14.63267196525433,2024,12
Aweil East,2024-12-16,239,0.0,71,3.764499232662686,2024,12
Aweil East,2024-12-23,271,0.0,71,3.764593993263479,2024,12
Aweil East,2024-12-30,254,0.0,65,3.446448252088099,2024,12
Aweil East,2025-01-06,339,0.0,67,3.552580871370927,2025,1
Aweil East,2025-01-13,220,0.0,71,3.764668896446244,2025,1
Aweil East,2025-01-20,202,0.0,66,3.499555858633934,2025,1
Aweil East,2025-01-27,159,0.0,55,2.916293343554278,2025,1
Aweil East,2025-02-03,37,0.0,37,1.9618725733014981,2025,2
Aweil East,2025-02-17,1,0.0,1,0.05302411136549912,2025,2
Aweil East,2025-02-24,1,0.0,1,0.053022908463474405,2025,2
Aweil East,2025-03-24,2,0.0,2,0.10585737935441884,2025,3
Aweil East,2025-09-15,68,0.0,64,3.3934042453259687,2025,9
Aweil East,2025-09-29,4,0.0,2,0.10603918926091797,2025,9
Aweil East,2025-10-06,55,0.0,53,2.810226135974738,2025,10
Aweil East,2025-10-13,293,0.0,236,12.512518622617474,2025,10
Aweil East,2025-10-20,111,0.0,111,5.8854948642790115,2025,10
Aweil East,2025-10-27,41,0.0,39,2.0673805486015966,2025,10
Aweil East,2025-11-03,336,0.0,226,11.982502824613746,2025,11
Aweil East,2025-11-10,186,0.0,98,5.195877585658071,2025,11
Aweil East,2025-11-17,33,0.0,25,1.3250306403676264,2025,11
Aweil East,2025-11-24,63,0.0,32,1.696505779436704,2025,11
Aweil East,2025-12-01,2,0.0,2,0.10603405123709715,2025,12
Aweil East,2025-12-08,2,0.0,2,0.10602891321327633,2025,12
Aweil East,2025-12-15,5,0.0,4,0.21177531370747554,2025,12
Aweil North,2001-08-20,6,0.0,6,0.31805761407569644,2001,8
Aweil North,2001-10-01,69,0.0,69,3.657539056745124,2001,10
Aweil North,2003-06-23,7,0.0,6,0.31804026991021556,2003,6
Aweil North,2003-06-30,2,0.0,2,0.10601342330340519,2003,6
Aweil North,2003-09-01,49,0.0,49,2.5974327812695677,2003,9
Aweil North,2003-09-08,8,0.0,8,0.4240704289191047,2003,9
Aweil North,2003-09-15,115,0.0,78,4.134419700480643,2003,9
Aweil North,2003-09-22,111,0.0,103,5.459717740518461,2003,9
Aweil North,2003-10-06,12,0.0,10,0.5300817296551981,2003,10
Aweil North,2003-10-13,2,0.0,2,0.1060155548411408,2003,10
Aweil North,2003-10-20,23,0.0,22,1.1661799203591607,2003,10
Aweil North,2003-11-03,4,0.0,4,0.2118793627194367,2003,11
Aweil North,2003-12-15,1,0.0,1,0.052948046058711125,2003,12
Aweil North,2004-10-18,1,0.0,1,0.052956285822209355,2004,10
Aweil North,2004-11-08,2,0.0,2,0.10586541998022837,2004,11
Aweil North,2005-10-31,1,0.0,1,0.052965106470980045,2005,10
Aweil North,2005-11-07,2,0.0,2,0.10588079621855188,2005,11
Aweil North,2005-11-14,8,0.0,8,0.4236534451039283,2005,11
Aweil North,2006-01-16,1,0.0,1,0.05297106061926995,2006,1
Aweil North,2006-10-02,38,0.0,31,1.642857319766313,2006,10
Aweil North,2006-10-09,28,0.0,14,0.7421034032638046,2006,10
Aweil North,2006-10-30,24,0.0,24,1.2710253535820928,2006,10
Aweil North,2006-11-20,2,0.0,2,0.10594305925656775,2006,11
Aweil North,2006-11-27,2,0.0,2,0.10594305925656775,2006,11
Aweil North,2007-09-17,140,0.0,104,5.511237633907324,2007,9
Aweil North,2007-09-24,558,0.0,287,15.21124711480627,2007,9
Aweil North,2007-10-01,350,0.0,221,11.714099113314141,2007,10
Aweil North,2007-10-08,476,0.0,206,10.91921825173092,2007,10
Aweil North,2007-10-15,71,0.0,70,3.7104535896976,2007,10
Aweil North,2007-10-29,2,0.0,2,0.10595117521819841,2007,10
Aweil North,2008-08-25,14,0.0,10,0.5300495343186433,2008,8
Aweil North,2008-09-08,306,0.0,135,7.154071995254922,2008,9
Aweil North,2008-09-15,66,0.0,37,1.9612159014835955,2008,9
Aweil North,2008-09-22,391,0.0,227,12.03209255154761,2008,9
Aweil North,2008-09-29,344,0.0,141,7.4732746779775185,2008,9
Aweil North,2008-10-06,12,0.0,12,0.6360516182555561,2008,10
Aweil North,2008-10-13,35,0.0,20,1.0601181000675302,2008,10
Aweil North,2008-10-20,131,0.0,68,3.6039769868839855,2008,10
Aweil North,2008-10-27,177,0.0,94,4.981197782045159,2008,10
Aweil North,2008-11-03,179,0.0,113,5.988087569164175,2008,11
Aweil North,2008-11-10,13,0.0,12,0.6360349101728066,2008,11
Aweil North,2009-01-19,8,0.0,7,0.37087280757257485,2009,1
Aweil North,2009-09-28,1,0.0,1,0.052980410460080285,2009,9
Aweil North,2009-10-19,1,0.0,1,0.053008081686187085,2009,10
Aweil North,2009-10-26,6,0.0,6,0.31759593843720446,2009,10
Aweil North,2010-04-26,2,0.0,1,0.05292239631419467,2010,4
Aweil North,2010-09-27,176,0.0,121,6.4133876277009305,2010,9
Aweil North,2010-10-04,231,0.0,176,9.327448940589791,2010,10
Aweil North,2010-10-11,771,0.0,318,16.85466624223978,2010,10
Aweil North,2010-10-18,729,0.0,299,15.848867130459674,2010,10
Aweil North,2010-10-25,271,0.0,151,8.004102312336267,2010,10
Aweil North,2010-11-01,8,0.0,8,0.42405491153581304,2010,11
Aweil North,2010-11-15,2,0.0,1,0.05299983996682081,2010,11
Aweil North,2011-09-12,4,0.0,3,0.15897746844421468,2011,9
Aweil North,2012-09-17,2,0.0,2,0.10602467032003991,2012,9
Aweil North,2012-12-24,1,0.0,1,0.052954388572403956,2012,12
Aweil North,2012-12-31,1,0.0,1,0.052954388572403956,2012,12
Aweil North,2013-03-11,3,0.0,3,0.15879170142495938,2013,3
Aweil North,2013-09-16,8,0.0,8,0.42385942307552466,2013,9
Aweil North,2013-10-07,2,0.0,2,0.10601585910675748,2013,10
Aweil North,2013-10-14,16,0.0,16,0.8481253504771746,2013,10
Aweil North,2013-11-04,2,0.0,1,0.05296133297669404,2013,11
Aweil North,2013-11-25,2,0.0,2,0.10589926869766582,2013,11
Aweil North,2014-09-29,2,0.0,2,0.10596361458874586,2014,9
Aweil North,2014-10-06,50,0.0,29,1.536901556142386,2014,10
Aweil North,2014-10-13,27,0.0,23,1.2191017548851397,2014,10
Aweil North,2014-10-20,1,0.0,1,0.05298258305683034,2014,10
Aweil North,2014-11-17,35,0.0,35,1.8514180497399129,2014,11
Aweil North,2014-11-24,2,0.0,2,0.10584188021564099,2014,11
Aweil North,2014-12-01,5,0.0,5,0.26458573832283283,2014,12
Aweil North,2015-11-09,4,0.0,4,0.21188048186757535,2015,11
Aweil North,2017-11-13,3,0.0,2,0.10583101495658523,2017,11
Aweil North,2018-08-27,20,0.0,20,1.0601628461538335,2018,8
Aweil North,2018-09-10,34,0.0,33,1.7491605102521206,2018,9
Aweil North,2018-09-17,25,0.0,16,0.8478495520729007,2018,9
Aweil North,2018-09-24,89,0.0,85,4.50552903238674,2018,9
Aweil North,2018-10-22,1,0.0,1,0.052999533669429735,2018,10
Aweil North,2019-06-03,4,0.0,4,0.21203871336849675,2019,6
Aweil North,2019-06-10,138,0.0,138,7.315054714138193,2019,6
Aweil North,2019-06-17,4,0.0,4,0.2120176721899869,2019,6
Aweil North,2019-07-15,3,0.0,3,0.15885175903491586,2019,7
Aweil North,2019-11-18,1,0.0,1,0.052927884371993146,2019,11
Aweil North,2019-12-23,1,0.0,1,0.05292142567324145,2019,12
Aweil North,2020-02-03,2,0.0,2,0.10596578613284352,2020,2
Aweil North,2020-04-20,4,0.0,2,0.10583182765142378,2020,4
Aweil North,2020-05-04,4,0.0,2,0.10587695971771323,2020,5
Aweil North,2020-09-14,4,0.0,4,0.21195091664989268,2020,9
Aweil North,2020-09-21,20,0.0,16,0.8476967848296009,2020,9
Aweil North,2020-09-28,422,0.0,346,18.336372268750104,2020,9
Aweil North,2020-10-05,1075,0.0,464,24.590864517347498,2020,10
Aweil North,2020-10-12,1265,0.0,438,23.21323522336546,2020,10
Aweil North,2020-10-19,366,0.0,250,13.251633488598033,2020,10
Aweil North,2020-10-26,232,0.0,108,5.72459410835013,2020,10
Aweil North,2020-11-02,27,0.0,24,1.2721750836895844,2020,11
Aweil North,2020-11-09,5,0.0,5,0.26501416285784113,2020,11
Aweil North,2020-11-30,14,0.0,14,0.7409944205757137,2020,11
Aweil North,2021-08-02,19,0.0,10,0.529841918754926,2021,8
Aweil North,2021-08-09,23,0.0,15,0.794839928908593,2021,8
Aweil North,2021-08-23,65,0.0,46,2.437391179057754,2021,8
Aweil North,2021-09-06,6,0.0,3,0.15901998247269203,2021,9
Aweil North,2021-09-20,15,0.0,15,0.7947272542318393,2021,9
Aweil North,2021-09-27,5,0.0,5,0.26490855012618153,2021,9
Aweil North,2021-10-04,50,0.0,40,2.119526502203945,2021,10
Aweil North,2021-10-11,4,0.0,2,0.1059654761232521,2021,10
Aweil North,2021-11-08,8,0.0,8,0.4236244749162375,2021,11
Aweil North,2021-11-15,20,0.0,15,0.794071984992532,2021,11
Aweil North,2021-11-22,10,0.0,9,0.4765510933403278,2021,11
Aweil North,2022-08-22,120,0.0,111,5.883598805517903,2022,8
Aweil North,2022-08-29,80,0.0,40,2.11956370280354,2022,8
Aweil North,2022-09-05,136,0.0,131,6.9422523287204765,2022,9
Aweil North,2022-09-12,433,0.0,204,10.81270208134968,2022,9
Aweil North,2022-09-19,471,0.0,232,12.293267766232145,2022,9
Aweil North,2022-09-26,1000,0.0,460,24.373860770051508,2022,9
Aweil North,2022-10-03,218,0.0,141,7.471191627056666,2022,10
Aweil North,2022-10-10,337,0.0,146,7.7362883500674755,2022,10
Aweil North,2022-10-17,6,0.0,6,0.3179047967700233,2022,10
Aweil North,2022-10-24,1165,0.0,809,42.846643336462506,2022,10
Aweil North,2022-10-31,242,0.0,142,7.518143359319397,2022,10
Aweil North,2022-11-07,41,0.0,31,1.6409322382196727,2022,11
Aweil North,2022-11-14,1,0.0,1,0.052932709990114186,2022,11
Aweil North,2024-09-02,61,0.0,36,1.908204554067703,2024,9
Aweil North,2024-09-09,16,0.0,8,0.42388389878925214,2024,9
Aweil North,2024-09-16,95,0.0,72,3.8146032753552426,2024,9
Aweil North,2024-09-23,58,0.0,33,1.74891304266487,2024,9
Aweil North,2024-09-30,32,0.0,32,1.6958548007115917,2024,9
Aweil North,2024-10-07,8,0.0,3,0.15891724512660893,2024,10
Aweil North,2024-10-14,36,0.0,27,1.4306476457610922,2024,10
Aweil North,2024-10-21,165,0.0,87,4.609781255916175,2024,10
Aweil North,2024-10-28,329,0.0,150,7.948492020579804,2024,10
Aweil North,2024-11-04,190,0.0,93,4.927832613364693,2024,11
Aweil North,2024-11-11,24,0.0,14,0.7421088788458063,2024,11
Aweil North,2025-09-29,2,0.0,1,0.05298258305683034,2025,9
Aweil North,2025-10-06,10,0.0,6,0.3179326283027964,2025,10
Aweil North,2025-10-13,364,0.0,276,14.625245861111175,2025,10
Aweil North,2025-10-20,117,0.0,106,5.617046023822956,2025,10
Aweil North,2025-10-27,40,0.0,40,2.1199969187586367,2025,10
Aweil North,2025-11-03,38,0.0,37,1.9611548326052275,2025,11
Aweil North,2025-11-10,9,0.0,9,0.4763882852277924,2025,11
Aweil South,2000-11-20,5,0.0,5,0.26521069560812843,2000,11
Aweil South,2001-10-01,7,0.0,7,0.37146232682879154,2001,10
Aweil South,2001-10-08,375,0.0,121,6.415372730065611,2001,10
Aweil South,2001-10-22,279,0.0,225,11.929589863861462,2001,10
Aweil South,2001-10-29,59,0.0,59,3.1281575863846984,2001,10
Aweil South,2001-11-05,343,0.0,163,8.64265010102506,2001,11
Aweil South,2001-11-12,389,0.0,171,9.066805650604136,2001,11
Aweil South,2001-11-19,330,0.0,112,5.938239122514648,2001,11
Aweil South,2001-11-26,306,0.0,102,5.408086520531106,2001,11
Aweil South,2001-12-03,260,0.0,93,4.930826503903966,2001,12
Aweil South,2001-12-10,33,0.0,17,0.9013291871127811,2001,12
Aweil South,2002-07-22,4,0.0,4,0.21213537199294696,2002,7
Aweil South,2002-11-04,1,0.0,1,0.053029211391300825,2002,11
Aweil South,2002-11-11,1,0.0,1,0.053029211391300825,2002,11
Aweil South,2002-11-18,2,0.0,2,0.10605872207252379,2002,11
Aweil South,2002-11-25,2,0.0,2,0.10605902136244591,2002,11
Aweil South,2003-08-25,12,0.0,12,0.6363241646473771,2003,8
Aweil South,2003-09-01,28,0.0,28,1.484740278134716,2003,9
Aweil South,2003-09-08,225,0.0,109,5.779143326694935,2003,9
Aweil South,2003-09-15,843,0.0,367,19.458550886024945,2003,9
Aweil South,2003-09-22,668,0.0,276,14.633614128716147,2003,9
Aweil South,2003-09-29,1217,0.0,358,18.98191447713919,2003,9
Aweil South,2003-10-13,1051,0.0,293,15.53603266250435,2003,10
Aweil South,2003-10-20,1726,0.0,436,23.1203915451451,2003,10
Aweil South,2003-10-27,1274,0.0,346,18.34750547603645,2003,10
Aweil South,2003-11-03,358,0.0,148,7.846985223811115,2003,11
Aweil South,2003-11-10,1029,0.0,387,20.52319743693898,2003,11
Aweil South,2003-11-17,958,0.0,323,17.1290936455458,2003,11
Aweil South,2003-11-24,856,0.0,250,13.257527259711651,2003,11
Aweil South,2003-12-01,424,0.0,160,8.484848226719038,2003,12
Aweil South,2003-12-08,94,0.0,66,3.500019061257067,2003,12
Aweil South,2003-12-15,35,0.0,25,1.3258044105397295,2003,12
Aweil South,2003-12-29,2,0.0,2,0.10605542695797585,2003,12
Aweil South,2004-09-27,39,0.0,24,1.2726068922857896,2004,9
Aweil South,2005-09-19,388,0.0,201,10.66510417594652,2005,9
Aweil South,2005-09-26,666,0.0,299,15.864179616465004,2005,9
Aweil South,2005-10-03,804,0.0,372,19.737841890698142,2005,10
Aweil South,2005-10-10,885,0.0,670,35.54756832611772,2005,10
Aweil South,2005-10-17,259,0.0,114,6.048502963293231,2005,10
Aweil South,2005-10-24,383,0.0,258,13.685739444461428,2005,10
Aweil South,2005-10-31,514,0.0,278,14.745498780888324,2005,10
Aweil South,2005-11-07,675,0.0,286,15.172322033583827,2005,11
Aweil South,2005-11-14,528,0.0,237,12.574359900684328,2005,11
Aweil South,2005-11-21,292,0.0,109,5.783083657801877,2005,11
Aweil South,2005-11-28,160,0.0,81,4.297509264763787,2005,11
Aweil South,2005-12-05,53,0.0,36,1.9100615300666228,2005,12
Aweil South,2005-12-12,11,0.0,8,0.42448588499487805,2005,12
Aweil South,2006-06-26,4,0.0,4,0.21215324149612197,2006,6
Aweil South,2006-10-02,95,0.0,79,4.1898217600093215,2006,10
Aweil South,2006-10-09,73,0.0,44,2.3330812776529917,2006,10
Aweil South,2006-10-23,266,0.0,245,12.99219418212242,2006,10
Aweil South,2006-10-30,680,0.0,204,10.81613616454425,2006,10
Aweil South,2006-11-06,416,0.0,150,7.953350416606331,2006,11
Aweil South,2006-11-13,339,0.0,131,6.9457384941364415,2006,11
Aweil South,2006-11-20,249,0.0,128,6.7868485396661935,2006,11
Aweil South,2006-11-27,18,0.0,16,0.8484666414749098,2006,11
Aweil South,2006-12-04,5,0.0,5,0.26519112297572756,2006,12
Aweil South,2006-12-18,31,0.0,29,1.5379153933321306,2006,12
Aweil South,2006-12-25,29,0.0,29,1.5378924198326342,2006,12
Aweil South,2007-01-01,7,0.0,7,0.3711966882996763,2007,1
Aweil South,2007-01-08,12,0.0,12,0.63632986051847,2007,1
Aweil South,2007-03-26,2,0.0,1,0.053036971923419045,2007,3
Aweil South,2007-09-17,64,0.0,64,3.3963898962455272,2007,9
Aweil South,2007-09-24,265,0.0,141,7.479699994629186,2007,9
Aweil South,2007-10-01,161,0.0,142,7.531982962142809,2007,10
Aweil South,2007-10-08,574,0.0,286,15.170555032627155,2007,10
Aweil South,2007-10-15,505,0.0,140,7.423178716442702,2007,10
Aweil South,2007-10-22,1130,0.0,517,27.414402876689778,2007,10
Aweil South,2007-10-29,1310,0.0,502,26.620430117409033,2007,10
Aweil South,2007-11-05,827,0.0,193,10.233097628677315,2007,11
Aweil South,2007-11-12,781,0.0,247,13.096541951985461,2007,11
Aweil South,2007-11-26,118,0.0,77,4.083345110288218,2007,11
Aweil South,2007-12-03,54,0.0,43,2.280318834136077,2007,12
Aweil South,2007-12-10,13,0.0,13,0.6895659533054449,2007,12
Aweil South,2007-12-17,5,0.0,3,0.15915465275399826,2007,12
Aweil South,2007-12-24,3,0.0,3,0.15908284058927555,2007,12
Aweil South,2007-12-31,1,0.0,1,0.05302771347898792,2007,12
Aweil South,2008-01-07,1,0.0,1,0.05302771347898792,2008,1
Aweil South,2008-07-21,13,0.0,13,0.6893497778514265,2008,7
Aweil South,2008-08-04,42,0.0,34,1.8030122930759729,2008,8
Aweil South,2008-08-11,2,0.0,2,0.10604880819551549,2008,8
Aweil South,2008-08-18,32,0.0,32,1.6966354718712455,2008,8
Aweil South,2008-08-25,96,0.0,67,3.5528310853534655,2008,8
Aweil South,2008-09-01,627,0.0,207,10.976806284663255,2008,9
Aweil South,2008-09-08,457,0.0,393,20.84601786763558,2008,9
Aweil South,2008-09-15,421,0.0,226,11.985117221983378,2008,9
Aweil South,2008-09-22,910,0.0,769,40.78949471136123,2008,9
Aweil South,2008-09-29,1855,0.0,652,34.57286043669523,2008,9
Aweil South,2008-10-06,1541,0.0,1360,72.12361284450962,2008,10
Aweil South,2008-10-13,6823,0.0,1946,103.19257771977746,2008,10
Aweil South,2008-10-20,10945,0.0,2736,145.08926924793386,2008,10
Aweil South,2008-10-27,14598,0.0,3202,169.81083513225167,2008,10
Aweil South,2008-11-03,11878,0.0,2894,153.4766111077694,2008,11
Aweil South,2008-11-10,14794,0.0,2967,157.34212073488683,2008,11
Aweil South,2008-11-17,11231,0.0,2482,131.61835185740952,2008,11
Aweil South,2008-11-24,10169,0.0,1932,102.44564434005798,2008,11
Aweil South,2008-12-01,8770,0.0,1693,89.77151424825858,2008,12
Aweil South,2008-12-08,6232,0.0,1308,69.35602124761813,2008,12
Aweil South,2008-12-15,2295,0.0,612,32.45023258013765,2008,12
Aweil South,2008-12-22,383,0.0,161,8.53629146252522,2008,12
Aweil South,2008-12-29,644,0.0,131,6.945654881165052,2008,12
Aweil South,2009-01-05,269,0.0,87,4.6127433014725145,2009,1
Aweil South,2009-01-12,68,0.0,33,1.7496595884218062,2009,1
Aweil South,2009-01-19,1,0.0,1,0.05301989630125087,2009,1
Aweil South,2009-04-06,7,0.0,7,0.3712480846079461,2009,4
Aweil South,2009-05-18,1,0.0,1,0.053052057156465535,2009,5
Aweil South,2009-08-31,13,0.0,7,0.37120956750843204,2009,8
Aweil South,2009-09-28,2,0.0,2,0.10610028921020777,2009,9
Aweil South,2009-10-05,2,0.0,2,0.10609999482781605,2009,10
Aweil South,2009-10-12,1,0.0,1,0.05304999741390803,2009,10
Aweil South,2010-09-20,6,0.0,5,0.2653634343693917,2010,9
Aweil South,2010-09-27,152,0.0,98,5.19900825280205,2010,9
Aweil South,2010-10-04,70,0.0,60,3.1827393778457838,2010,10
Aweil South,2010-10-11,1581,0.0,734,38.930546766661834,2010,10
Aweil South,2010-10-18,678,0.0,418,22.166675373857537,2010,10
Aweil South,2010-10-25,880,0.0,405,21.47714132904658,2010,10
Aweil South,2010-11-01,2757,0.0,751,39.820865203649454,2010,11
Aweil South,2010-11-08,4361,0.0,1127,59.75927865814953,2010,11
Aweil South,2010-11-15,3421,0.0,1290,68.40376228548753,2010,11
Aweil South,2010-11-22,3773,0.0,995,52.76057739810465,2010,11
Aweil South,2010-11-29,2816,0.0,747,39.60999865151483,2010,11
Aweil South,2010-12-06,1102,0.0,382,20.2552864849008,2010,12
Aweil South,2010-12-13,617,0.0,225,11.930261393274908,2010,12
Aweil South,2010-12-20,15,0.0,13,0.6892565402146964,2010,12
Aweil South,2011-10-17,9,0.0,7,0.3714864121002812,2011,10
Aweil South,2011-10-31,44,0.0,31,1.6443688335767788,2011,10
Aweil South,2011-11-07,131,0.0,88,4.669262015659732,2011,11
Aweil South,2011-11-14,40,0.0,37,1.9630355483025999,2011,11
Aweil South,2011-11-21,80,0.0,60,3.1829027782523576,2011,11
Aweil South,2011-11-28,39,0.0,38,2.015770115539327,2011,11
Aweil South,2011-12-05,81,0.0,48,2.5454286139213504,2011,12
Aweil South,2011-12-12,16,0.0,12,0.6363968863742671,2011,12
Aweil South,2011-12-19,66,0.0,48,2.5457998979445744,2011,12
Aweil South,2011-12-26,3,0.0,3,0.15908254074158734,2011,12
Aweil South,2012-01-02,1,0.0,1,0.05305499358764708,2012,1
Aweil South,2012-08-13,2,0.0,2,0.10607424145035349,2012,8
Aweil South,2012-08-20,37,0.0,37,1.9625710912184076,2012,8
Aweil South,2012-08-27,33,0.0,15,0.7956454187987336,2012,8
Aweil South,2012-09-10,45,0.0,42,2.2278562037843384,2012,9
Aweil South,2012-09-17,79,0.0,56,2.970002852603181,2012,9
Aweil South,2012-09-24,163,0.0,64,3.394634658710938,2012,9
Aweil South,2012-10-01,416,0.0,188,9.972071235509848,2012,10
Aweil South,2012-10-08,212,0.0,154,8.168806431681338,2012,10
Aweil South,2012-10-15,227,0.0,112,5.940966103991759,2012,10
Aweil South,2012-10-22,27,0.0,15,0.7957038354655486,2012,10
Aweil South,2012-10-29,142,0.0,115,6.100102452160747,2012,10
Aweil South,2012-11-05,141,0.0,63,3.3427933429291503,2012,11
Aweil South,2012-11-12,686,0.0,295,15.6528359884287,2012,11
Aweil South,2012-11-19,481,0.0,223,11.83248733952991,2012,11
Aweil South,2012-11-26,184,0.0,107,5.677182730163119,2012,11
Aweil South,2012-12-03,11,0.0,10,0.5304458591235941,2012,12
Aweil South,2012-12-17,3,0.0,3,0.1590825408086864,2012,12
Aweil South,2012-12-24,1,0.0,1,0.05302771347898792,2012,12
Aweil South,2013-03-11,3,0.0,3,0.15911091577025713,2013,3
Aweil South,2013-08-19,15,0.0,15,0.7954090909352414,2013,8
Aweil South,2013-08-26,119,0.0,73,3.8708579348018497,2013,8
Aweil South,2013-09-02,25,0.0,20,1.0603946077103334,2013,9
Aweil South,2013-09-09,13,0.0,9,0.47717936817190426,2013,9
Aweil South,2013-09-16,307,0.0,173,9.173172031887818,2013,9
Aweil South,2013-09-23,652,0.0,238,12.620486866642343,2013,9
Aweil South,2013-09-30,987,0.0,343,18.18751970306519,2013,9
Aweil South,2013-10-07,936,0.0,424,22.482219514848513,2013,10
Aweil South,2013-10-14,2317,0.0,800,42.42528291416299,2013,10
Aweil South,2013-10-21,839,0.0,321,17.020409939976528,2013,10
Aweil South,2013-10-28,1817,0.0,503,26.67177605943587,2013,10
Aweil South,2013-11-04,200,0.0,141,7.475809201804739,2013,11
Aweil South,2013-11-11,313,0.0,80,4.241578419191208,2013,11
Aweil South,2013-11-18,114,0.0,67,3.5523714593745654,2013,11
Aweil South,2013-11-25,11,0.0,8,0.424325322006052,2013,11
Aweil South,2014-09-08,30,0.0,15,0.7959441552578949,2014,9
Aweil South,2014-09-15,119,0.0,71,3.7671906772021937,2014,9
Aweil South,2014-09-22,44,0.0,21,1.1141521738222568,2014,9
Aweil South,2014-09-29,218,0.0,119,6.311650328624265,2014,9
Aweil South,2014-10-06,855,0.0,490,25.99387108630779,2014,10
Aweil South,2014-10-13,2034,0.0,1034,54.841337638564085,2014,10
Aweil South,2014-10-20,1179,0.0,658,34.89229056954735,2014,10
Aweil South,2014-10-27,1470,0.0,646,34.25462194151539,2014,10
Aweil South,2014-11-03,2794,0.0,850,45.07421052308851,2014,11
Aweil South,2014-11-10,1806,0.0,628,33.30334771581003,2014,11
Aweil South,2014-11-17,1766,0.0,581,30.813207156590035,2014,11
Aweil South,2014-11-24,2590,0.0,782,41.473986178835176,2014,11
Aweil South,2014-12-01,1750,0.0,486,25.775346519108993,2014,12
Aweil South,2014-12-08,393,0.0,200,10.60682493457569,2014,12
Aweil South,2014-12-15,338,0.0,151,8.008330840889158,2014,12
Aweil South,2014-12-22,137,0.0,83,4.402359909317577,2014,12
Aweil South,2014-12-29,55,0.0,23,1.2199955020552165,2014,12
Aweil South,2015-01-05,22,0.0,11,0.5834726256788126,2015,1
Aweil South,2015-01-12,14,0.0,10,0.5304438575972159,2015,1
Aweil South,2015-09-28,16,0.0,16,0.8484461028160706,2015,9
Aweil South,2015-12-14,1,0.0,1,0.053041131174355396,2015,12
Aweil South,2015-12-21,14,0.0,10,0.5304136837611361,2015,12
Aweil South,2016-08-22,13,0.0,13,0.6894188834217065,2016,8
Aweil South,2016-09-05,4,0.0,4,0.21232585913543964,2016,9
Aweil South,2016-09-12,7,0.0,7,0.3713234479495713,2016,9
Aweil South,2016-09-19,123,0.0,64,3.393431444751118,2016,9
Aweil South,2016-09-26,216,0.0,87,4.6130230791966715,2016,9
Aweil South,2016-10-03,169,0.0,68,3.605455206522258,2016,10
Aweil South,2016-10-10,132,0.0,48,2.5450702565870893,2016,10
Aweil South,2016-10-17,188,0.0,66,3.499510459211551,2016,10
Aweil South,2016-10-24,208,0.0,84,4.454035953517116,2016,10
Aweil South,2016-10-31,41,0.0,32,1.6966423625865767,2016,10
Aweil South,2017-10-16,51,0.0,30,1.5924532525623027,2017,10
Aweil South,2017-10-23,67,0.0,46,2.4415881335417766,2017,10
Aweil South,2017-10-30,272,0.0,139,7.375855203257668,2017,10
Aweil South,2017-11-06,939,0.0,344,18.252635448326153,2017,11
Aweil South,2017-11-13,257,0.0,149,7.9057024526807735,2017,11
Aweil South,2017-11-20,152,0.0,116,6.154318985036458,2017,11
Aweil South,2017-11-27,82,0.0,73,3.8723271986713304,2017,11
Aweil South,2017-12-04,118,0.0,96,5.091124845616718,2017,12
Aweil South,2017-12-11,2,0.0,2,0.10605572659842709,2017,12
Aweil South,2017-12-18,17,0.0,16,0.848438017125539,2017,12
Aweil South,2018-09-24,2,0.0,2,0.10604671941770233,2018,9
Aweil South,2018-10-01,229,0.0,76,4.029506072634387,2018,10
Aweil South,2018-10-08,138,0.0,91,4.824786109430202,2018,10
Aweil South,2018-10-15,499,0.0,126,6.680476136737807,2018,10
Aweil South,2018-10-22,327,0.0,105,5.567122633364312,2018,10
Aweil South,2018-10-29,66,0.0,21,1.1134148056083133,2018,10
Aweil South,2018-11-05,3,0.0,2,0.10603979260250174,2018,11
Aweil South,2019-09-02,1,0.0,1,0.05301989630125087,2019,9
Aweil South,2019-09-09,3,0.0,3,0.15915705320835163,2019,9
Aweil South,2019-10-07,107,0.0,50,2.6511462343578467,2019,10
Aweil South,2019-10-14,37,0.0,35,1.8556809833930519,2019,10
Aweil South,2019-10-21,45,0.0,41,2.1738115214456504,2019,10
Aweil South,2019-10-28,23,0.0,14,0.7422788492577859,2019,10
Aweil South,2019-11-04,27,0.0,21,1.1136122412732496,2019,11
Aweil South,2019-11-11,7,0.0,7,0.3713658694769927,2019,11
Aweil South,2019-11-18,8,0.0,4,0.21220852231272574,2019,11
Aweil South,2019-11-25,24,0.0,15,0.7960457761323463,2019,11
Aweil South,2019-12-02,139,0.0,66,3.5028719314799375,2019,12
Aweil South,2019-12-09,74,0.0,32,1.6982294491756527,2019,12
Aweil South,2019-12-16,82,0.0,46,2.440958979114728,2019,12
Aweil South,2019-12-23,37,0.0,21,1.1142399298231176,2019,12
Aweil South,2020-01-06,3,0.0,3,0.15908493714832697,2020,1
Aweil South,2020-01-13,3,0.0,3,0.15908493714832697,2020,1
Aweil South,2020-04-20,2,0.0,2,0.1061356613652118,2020,4
Aweil South,2020-10-05,4,0.0,4,0.21210815078821205,2020,10
Aweil South,2020-10-12,3,0.0,3,0.15907143195119341,2020,10
Aweil South,2020-10-19,14,0.0,14,0.7422954100096727,2020,10
Aweil South,2020-10-26,270,0.0,123,6.527183219660767,2020,10
Aweil South,2020-11-02,898,0.0,379,20.10846569017759,2020,11
Aweil South,2020-11-09,2585,0.0,886,47.00061273908057,2020,11
Aweil South,2020-11-16,3785,0.0,1121,59.46177584698098,2020,11
Aweil South,2020-11-23,2732,0.0,925,49.062054370820896,2020,11
Aweil South,2020-11-30,2260,0.0,615,32.61958837736294,2020,11
Aweil South,2020-12-07,513,0.0,199,10.554125466068152,2020,12
Aweil South,2020-12-14,90,0.0,48,2.5460639663767126,2020,12
Aweil South,2020-12-21,26,0.0,24,1.2728322084118244,2020,12
Aweil South,2020-12-28,84,0.0,47,2.4923680819212537,2020,12
Aweil South,2021-01-04,25,0.0,24,1.2727608504617145,2021,1
Aweil South,2021-01-11,14,0.0,8,0.4242303278059334,2021,1
Aweil South,2021-08-16,13,0.0,10,0.5302974316370498,2021,8
Aweil South,2021-08-23,595,0.0,262,13.891627196995772,2021,8
Aweil South,2021-08-30,55,0.0,55,2.916096992054208,2021,8
Aweil South,2021-09-06,386,0.0,177,9.384964172494056,2021,9
Aweil South,2021-09-13,3,0.0,3,0.1590669197755305,2021,9
Aweil South,2021-09-20,783,0.0,720,38.177950545457016,2021,9
Aweil South,2021-09-27,4816,0.0,1399,74.18140760194684,2021,9
Aweil South,2021-10-04,5274,0.0,1865,98.91030958045035,2021,10
Aweil South,2021-10-11,5477,0.0,1773,94.01972234492096,2021,10
Aweil South,2021-10-18,5246,0.0,1558,82.61528471288852,2021,10
Aweil South,2021-10-25,7560,0.0,2271,120.42946466837668,2021,10
Aweil South,2021-11-01,2882,0.0,1597,84.68369566111251,2021,11
Aweil South,2021-11-08,6949,0.0,1549,82.13710768884016,2021,11
Aweil South,2021-11-15,4662,0.0,1088,57.69234487186774,2021,11
Aweil South,2021-11-22,2723,0.0,663,35.15509436179596,2021,11
Aweil South,2021-11-29,1190,0.0,338,17.921977430428644,2021,11
Aweil South,2021-12-06,503,0.0,130,6.892756832552804,2021,12
Aweil South,2021-12-13,54,0.0,38,2.014751230177511,2021,12
Aweil South,2022-09-12,429,0.0,225,11.93024806991472,2022,9
Aweil South,2022-09-19,1351,0.0,395,20.945177753973756,2022,9
Aweil South,2022-09-26,3102,0.0,1592,84.43018336763205,2022,9
Aweil South,2022-10-03,3965,0.0,1331,70.58527478740108,2022,10
Aweil South,2022-10-10,2659,0.0,1059,56.153603323760834,2022,10
Aweil South,2022-10-24,8834,0.0,2336,123.87543368399953,2022,10
Aweil South,2022-10-31,8918,0.0,2022,107.22431573189733,2022,10
Aweil South,2022-11-07,6205,0.0,2211,117.2532637205466,2022,11
Aweil South,2022-11-14,11676,0.0,2544,134.91448393293416,2022,11
Aweil South,2022-11-21,11114,0.0,2241,118.83940789664166,2022,11
Aweil South,2022-11-28,7321,0.0,1636,86.75376471482812,2022,11
Aweil South,2022-12-05,7082,0.0,1434,76.04168670691209,2022,12
Aweil South,2022-12-12,2989,0.0,805,42.68640947547448,2022,12
Aweil South,2022-12-19,1140,0.0,290,15.377696632143705,2022,12
Aweil South,2022-12-26,70,0.0,36,1.9088854544867566,2022,12
Aweil South,2023-01-02,6,0.0,4,0.21210575563992803,2023,1
Aweil South,2023-11-06,3,0.0,3,0.15917478531521687,2023,11
Aweil South,2023-12-04,28,0.0,16,0.8492599199774561,2023,12
Aweil South,2023-12-11,77,0.0,38,2.0165843931331717,2023,12
Aweil South,2023-12-18,95,0.0,36,1.910261565514207,2023,12
Aweil South,2023-12-25,17,0.0,10,0.5306285344976894,2023,12
Aweil South,2024-01-01,3,0.0,3,0.1591435049545523,2024,1
Aweil South,2024-01-08,1,0.0,1,0.05304645841130724,2024,1
Aweil South,2024-09-02,133,0.0,82,4.3477727318662,2024,9
Aweil South,2024-09-09,61,0.0,52,2.7571990577928323,2024,9
Aweil South,2024-09-16,225,0.0,111,5.889157888051562,2024,9
Aweil South,2024-09-23,622,0.0,264,13.998014005632541,2024,9
Aweil South,2024-09-30,652,0.0,607,32.18481822491146,2024,9
Aweil South,2024-10-07,822,0.0,440,23.329522909415456,2024,10
Aweil South,2024-10-14,5921,0.0,1338,70.94504578881735,2024,10
Aweil South,2024-10-21,3434,0.0,1165,61.772041780462736,2024,10
Aweil South,2024-10-28,3020,0.0,1402,74.3394947061081,2024,10
Aweil South,2024-11-04,6805,0.0,1362,72.21820596602367,2024,11
Aweil South,2024-11-11,4875,0.0,1116,59.17413486442554,2024,11
Aweil South,2024-11-18,4980,0.0,958,50.796288513062876,2024,11
Aweil South,2024-11-25,5662,0.0,1177,62.4085718301681,2024,11
Aweil South,2024-12-02,5318,0.0,1036,54.93226297851396,2024,12
Aweil South,2024-12-09,3431,0.0,778,41.252305696330325,2024,12
Aweil South,2024-12-16,1183,0.0,278,14.740442663474672,2024,12
Aweil South,2024-12-23,606,0.0,172,9.119930667121034,2024,12
Aweil South,2024-12-30,106,0.0,46,2.438985544368146,2024,12
Aweil South,2025-10-06,178,0.0,76,4.029487968542278,2025,10
Aweil South,2025-10-13,212,0.0,115,6.097267527883802,2025,10
Aweil South,2025-10-20,146,0.0,92,4.877843053041027,2025,10
Aweil South,2025-10-27,89,0.0,81,4.2945922712604,2025,10
Aweil South,2025-11-03,287,0.0,132,6.9986815480228195,2025,11
Aweil South,2025-11-10,309,0.0,111,5.885199652564063,2025,11
Aweil South,2025-11-17,411,0.0,97,5.142906078870792,2025,11
Aweil South,2025-11-24,434,0.0,96,5.089891610349113,2025,11
Aweil South,2025-12-01,139,0.0,58,3.0751407017546764,2025,12
Aweil South,2025-12-08,4,0.0,4,0.212108430655741,2025,12
Aweil West,2000-10-30,6,0.0,3,0.1590333585741369,2000,10
Aweil West,2001-08-20,27,0.0,27,1.4315106458020879,2001,8
Aweil West,2001-10-01,21,0.0,21,1.113400303907798,2001,10
Aweil West,2002-11-11,1,0.0,1,0.053032799064931996,2002,11
Aweil West,2002-11-18,3,0.0,3,0.1590529154312531,2002,11
Aweil West,2003-03-31,3,0.0,3,0.15906451109486477,2003,3
Aweil West,2003-04-21,8,0.0,4,0.21214372015657904,2003,4
Aweil West,2003-05-26,1,0.0,1,0.05299554626750933,2003,5
Aweil West,2003-06-16,32,0.0,25,1.325489558529981,2003,6
Aweil West,2003-06-23,12,0.0,12,0.6362944004300211,2003,6
Aweil West,2003-06-30,20,0.0,17,0.9014941694278971,2003,6
Aweil West,2003-09-01,26,0.0,26,1.378609440560548,2003,9
Aweil West,2003-09-08,321,0.0,177,9.386259355720911,2003,9
Aweil West,2003-09-15,267,0.0,143,7.582628042348515,2003,9
Aweil West,2003-09-22,44,0.0,44,2.332884635077678,2003,9
Aweil West,2003-09-29,22,0.0,20,1.0604925107650656,2003,9
Aweil West,2003-10-13,20,0.0,16,0.8485031865760166,2003,10
Aweil West,2003-10-20,90,0.0,77,4.0832979855119085,2003,10
Aweil West,2003-10-27,16,0.0,14,0.7422369952455545,2003,10
Aweil West,2003-11-03,3,0.0,3,0.1590208963891297,2003,11
Aweil West,2004-11-01,2,0.0,2,0.10604581692694881,2004,11
Aweil West,2005-08-22,19,0.0,19,1.0074190060559625,2005,8
Aweil West,2005-08-29,46,0.0,21,1.1134566748924632,2005,8
Aweil West,2005-09-19,10,0.0,6,0.31812133045229796,2005,9
Aweil West,2005-09-26,19,0.0,15,0.7951395889405991,2005,9
Aweil West,2005-10-03,64,0.0,33,1.7496163844113295,2005,10
Aweil West,2005-10-10,32,0.0,30,1.590793159375831,2005,10
Aweil West,2005-10-24,55,0.0,55,2.9166581574721957,2005,10
Aweil West,2005-10-31,19,0.0,13,0.6893510288360334,2005,10
Aweil West,2005-11-07,2,0.0,2,0.10604099858903514,2005,11
Aweil West,2006-08-14,1,0.0,1,0.053004425037750526,2006,8
Aweil West,2006-09-11,2,0.0,2,0.10602072370406782,2006,9
Aweil West,2006-09-18,1,0.0,1,0.05301415381253096,2006,9
Aweil West,2006-10-02,381,0.0,295,15.637557631399257,2006,10
Aweil West,2006-10-09,62,0.0,44,2.332926494526367,2006,10
Aweil West,2006-10-16,24,0.0,13,0.6891933562987765,2006,10
Aweil West,2006-10-23,1,0.0,1,0.05302621381382464,2006,10
Aweil West,2006-10-30,1,0.0,1,0.05300473007410523,2006,10
Aweil West,2006-11-06,3,0.0,3,0.1590491196655674,2006,11
Aweil West,2006-11-13,4,0.0,4,0.21208341068299813,2006,11
Aweil West,2006-11-20,10,0.0,8,0.4242468613543117,2006,11
Aweil West,2007-08-20,4,0.0,4,0.21201739490499355,2007,8
Aweil West,2007-09-03,2,0.0,2,0.10605182750600128,2007,9
Aweil West,2007-09-10,6,0.0,6,0.3180959569375007,2007,9
Aweil West,2007-09-17,824,0.0,443,23.48186689298539,2007,9
Aweil West,2007-09-24,2611,0.0,1243,65.89117276568841,2007,9
Aweil West,2007-10-01,1739,0.0,1138,60.33098804541498,2007,10
Aweil West,2007-10-08,4102,0.0,1524,80.80241661943111,2007,10
Aweil West,2007-10-15,1721,0.0,827,43.85041493992335,2007,10
Aweil West,2007-10-22,1040,0.0,730,38.709498532643615,2007,10
Aweil West,2007-10-29,746,0.0,387,20.5214314534718,2007,10
Aweil West,2007-11-05,34,0.0,32,1.6965800359506515,2007,11
Aweil West,2007-11-12,6,0.0,5,0.26512204681339374,2007,11
Aweil West,2008-07-28,3,0.0,3,0.15912072313946446,2008,7
Aweil West,2008-08-04,3,0.0,3,0.15912072313946446,2008,8
Aweil West,2008-08-11,42,0.0,32,1.696496149044962,2008,8
Aweil West,2008-08-25,484,0.0,318,16.85918728152459,2008,8
Aweil West,2008-09-01,248,0.0,229,12.14164069318204,2008,9
Aweil West,2008-09-08,1392,0.0,681,36.093204201793924,2008,9
Aweil West,2008-09-15,670,0.0,276,14.630230943787543,2008,9
Aweil West,2008-09-22,1472,0.0,819,43.41587696835909,2008,9
Aweil West,2008-09-29,1724,0.0,844,44.74566591510186,2008,9
Aweil West,2008-10-06,384,0.0,374,19.833378953438448,2008,10
Aweil West,2008-10-13,281,0.0,163,8.642056449436348,2008,10
Aweil West,2008-10-20,1031,0.0,422,22.372056943688694,2008,10
Aweil West,2008-10-27,2067,0.0,788,41.77026328005624,2008,10
Aweil West,2008-11-03,1768,0.0,823,43.62567539568692,2008,11
Aweil West,2008-11-10,874,0.0,505,26.775842924863635,2008,11
Aweil West,2008-11-17,114,0.0,99,5.249733870182227,2008,11
Aweil West,2008-11-24,4,0.0,4,0.21207203633024319,2008,11
Aweil West,2009-07-13,4,0.0,4,0.2120347606549485,2009,7
Aweil West,2009-08-17,13,0.0,13,0.6892429619724906,2009,8
Aweil West,2009-08-24,136,0.0,62,3.287190119789511,2009,8
Aweil West,2009-08-31,269,0.0,120,6.362426160679984,2009,8
Aweil West,2009-09-07,9,0.0,9,0.4769112763244512,2009,9
Aweil West,2009-09-21,34,0.0,16,0.8479279392498151,2009,9
Aweil West,2009-09-28,61,0.0,49,2.597510086140235,2009,9
Aweil West,2009-10-05,18,0.0,18,0.9542686569608392,2009,10
Aweil West,2009-10-12,10,0.0,8,0.42405051202947214,2009,10
Aweil West,2009-10-19,31,0.0,23,1.2195238503655523,2009,10
Aweil West,2010-03-08,3,0.0,3,0.15909152422245604,2010,3
Aweil West,2010-08-16,8,0.0,6,0.3182093207443251,2010,8
Aweil West,2010-09-20,45,0.0,23,1.219370266616736,2010,9
Aweil West,2010-09-27,898,0.0,481,25.49551920643365,2010,9
Aweil West,2010-10-04,1491,0.0,937,49.6627518011199,2010,10
Aweil West,2010-10-11,3978,0.0,1526,80.88894205424813,2010,10
Aweil West,2010-10-18,2227,0.0,1166,61.81422603100448,2010,10
Aweil West,2010-10-25,1116,0.0,740,39.238140387943396,2010,10
Aweil West,2010-11-01,88,0.0,86,4.560445881983902,2010,11
Aweil West,2010-11-08,24,0.0,24,1.2726906165568277,2010,11
Aweil West,2010-11-15,21,0.0,21,1.1134462318050633,2010,11
Aweil West,2011-09-05,2,0.0,2,0.10600885007550105,2011,9
Aweil West,2011-09-12,33,0.0,33,1.749659287868431,2011,9
Aweil West,2011-09-19,22,0.0,22,1.166444954189964,2011,9
Aweil West,2011-09-26,79,0.0,73,3.870577717743874,2011,9
Aweil West,2011-10-03,16,0.0,16,0.8483950576591128,2011,10
Aweil West,2011-10-17,24,0.0,17,0.9014294210249407,2011,10
Aweil West,2012-08-13,2,0.0,2,0.10604972540824582,2012,8
Aweil West,2012-08-20,3,0.0,3,0.1591153726247908,2012,8
Aweil West,2012-09-10,5,0.0,5,0.26518217512687814,2012,9
Aweil West,2012-09-17,28,0.0,28,1.4849039599687697,2012,9
Aweil West,2012-09-24,4,0.0,4,0.21214163502644792,2012,9
Aweil West,2012-10-08,8,0.0,8,0.4241699020482017,2012,10
Aweil West,2012-11-12,2,0.0,2,0.10602497353456085,2012,11
Aweil West,2012-11-19,2,0.0,1,0.053029211391300825,2012,11
Aweil West,2012-12-24,1,0.0,1,0.05303100649015638,2012,12
Aweil West,2013-03-11,1,0.0,1,0.05300686392462837,2013,3
Aweil West,2013-09-09,1,0.0,1,0.053016272453974125,2013,9
Aweil West,2013-09-16,67,0.0,67,3.551699333362255,2013,9
Aweil West,2013-09-23,66,0.0,52,2.756818426545252,2013,9
Aweil West,2013-09-30,43,0.0,32,1.6965482415612705,2013,9
Aweil West,2013-10-07,29,0.0,20,1.0603840229723467,2013,10
Aweil West,2013-10-14,228,0.0,221,11.717566705160028,2013,10
Aweil West,2013-10-21,7,0.0,5,0.2649863727552165,2013,10
Aweil West,2013-10-28,4,0.0,4,0.21206177649677468,2013,10
Aweil West,2013-11-04,2,0.0,2,0.10606738894814344,2013,11
Aweil West,2013-11-11,4,0.0,4,0.2121291055237528,2013,11
Aweil West,2013-11-25,2,0.0,2,0.10606422835201908,2013,11
Aweil West,2014-01-13,1,0.0,1,0.053011424818143534,2014,1
Aweil West,2014-01-20,13,0.0,7,0.37108240181851176,2014,1
Aweil West,2014-09-08,10,0.0,10,0.5301351747726879,2014,9
Aweil West,2014-09-15,9,0.0,9,0.4771179838462169,2014,9
Aweil West,2014-09-22,10,0.0,9,0.4771234449891393,2014,9
Aweil West,2014-09-29,54,0.0,35,1.8549682197135329,2014,9
Aweil West,2014-10-06,222,0.0,139,7.367978519418215,2014,10
Aweil West,2014-10-13,495,0.0,338,17.921001906376883,2014,10
Aweil West,2014-10-20,96,0.0,73,3.8704367314985157,2014,10
Aweil West,2014-11-03,41,0.0,34,1.8027024490049526,2014,11
Aweil West,2014-11-10,10,0.0,10,0.5301236286762354,2014,11
Aweil West,2014-11-17,11,0.0,10,0.5301121100534493,2014,11
Aweil West,2015-09-21,2,0.0,2,0.10608611508993956,2015,9
Aweil West,2015-09-28,3,0.0,3,0.15910432427217786,2015,9
Aweil West,2015-11-02,56,0.0,48,2.5457565898548484,2015,11
Aweil West,2015-11-09,144,0.0,74,3.9245462866913075,2015,11
Aweil West,2015-11-16,1,0.0,1,0.053032799064931996,2015,11
Aweil West,2015-11-23,6,0.0,4,0.21207010201353083,2015,11
Aweil West,2016-05-09,1,0.0,1,0.05300259292941955,2016,5
Aweil West,2016-07-25,2,0.0,2,0.10604940466849833,2016,7
Aweil West,2016-08-15,38,0.0,33,1.7494101077925364,2016,8
Aweil West,2016-08-22,282,0.0,201,10.655321253942926,2016,8
Aweil West,2016-08-29,4,0.0,2,0.10601859665279349,2016,8
Aweil West,2016-09-05,7,0.0,5,0.2650749243402861,2016,9
Aweil West,2016-09-12,2,0.0,2,0.10599967993364162,2016,9
Aweil West,2016-09-19,47,0.0,26,1.37855948481009,2016,9
Aweil West,2016-09-26,8,0.0,8,0.4241676106285967,2016,9
Aweil West,2016-10-10,30,0.0,27,1.4317480653908068,2016,10
Aweil West,2016-10-17,36,0.0,20,1.060423244577489,2016,10
Aweil West,2016-10-24,19,0.0,19,1.0074033474349193,2016,10
Aweil West,2016-10-31,10,0.0,8,0.42416881563363223,2016,10
Aweil West,2016-11-07,3,0.0,2,0.10604130004947679,2016,11
Aweil West,2016-11-14,1,0.0,1,0.05302080075495921,2016,11
Aweil West,2017-05-22,3,0.0,3,0.15905184017860047,2017,5
Aweil West,2017-05-29,3,0.0,3,0.15900410994704572,2017,5
Aweil West,2017-06-05,3,0.0,3,0.15900441582390018,2017,6
Aweil West,2017-10-23,9,0.0,9,0.47714221725769057,2017,10
Aweil West,2018-08-06,14,0.0,14,0.7422722127617559,2018,8
Aweil West,2018-08-13,21,0.0,21,1.1133740963196141,2018,8
Aweil West,2018-08-27,2,0.0,2,0.10604545090008564,2018,8
Aweil West,2018-09-10,9,0.0,8,0.42404904995018894,2018,9
Aweil West,2018-09-17,33,0.0,27,1.4309795085143187,2018,9
Aweil West,2018-09-24,103,0.0,99,5.248810175549751,2018,9
Aweil West,2018-10-01,4,0.0,4,0.21210815422607637,2018,10
Aweil West,2018-10-08,24,0.0,24,1.2727277788469953,2018,10
Aweil West,2018-10-22,3,0.0,3,0.15905998440782107,2018,10
Aweil West,2019-06-03,570,0.0,408,21.634680135029093,2019,6
Aweil West,2019-06-10,1149,0.0,907,48.09021310266766,2019,6
Aweil West,2019-06-17,670,0.0,268,14.208813860075065,2019,6
Aweil West,2019-06-24,118,0.0,109,5.779036759239997,2019,6
Aweil West,2019-07-01,7,0.0,7,0.3711449858943293,2019,7
Aweil West,2019-07-08,8,0.0,8,0.4241501187867627,2019,7
Aweil West,2019-07-15,63,0.0,39,2.06781146596904,2019,7
Aweil West,2019-07-29,3,0.0,2,0.1060373789474523,2019,7
Aweil West,2019-08-05,240,0.0,105,5.5671894306370735,2019,8
Aweil West,2019-08-12,28,0.0,14,0.7424702299282275,2019,8
Aweil West,2019-08-19,26,0.0,22,1.1664513460318728,2019,8
Aweil West,2019-08-26,65,0.0,58,3.0754660930394375,2019,8
Aweil West,2019-09-02,19,0.0,18,0.9544429304204879,2019,9
Aweil West,2019-09-09,186,0.0,142,7.530764697899255,2019,9
Aweil West,2019-09-16,44,0.0,22,1.1666440402998919,2019,9
Aweil West,2019-09-23,72,0.0,54,2.8634666517696847,2019,9
Aweil West,2019-09-30,7,0.0,7,0.3712002613900757,2019,9
Aweil West,2019-10-07,2,0.0,1,0.05303369447407172,2019,10
Aweil West,2019-10-14,2,0.0,2,0.10606738894814344,2019,10
Aweil West,2019-10-28,18,0.0,9,0.4772744567083897,2019,10
Aweil West,2019-11-04,19,0.0,16,0.8483972548278429,2019,11
Aweil West,2019-11-11,9,0.0,4,0.21210688310556497,2019,11
Aweil West,2019-11-25,2,0.0,1,0.05303369447407172,2019,11
Aweil West,2019-12-02,6,0.0,3,0.15910048653205472,2019,12
Aweil West,2019-12-09,1,0.0,1,0.05303339602899151,2019,12
Aweil West,2020-09-07,222,0.0,132,6.997311439976169,2020,9
Aweil West,2020-09-14,182,0.0,107,5.6714510643976235,2020,9
Aweil West,2020-09-21,82,0.0,65,3.4452911842197764,2020,9
Aweil West,2020-09-28,1101,0.0,843,44.6764937766034,2020,9
Aweil West,2020-10-05,2937,0.0,1369,72.55502989762127,2020,10
Aweil West,2020-10-12,4382,0.0,1718,91.05832242619084,2020,10
Aweil West,2020-10-19,939,0.0,468,24.809101049127502,2020,10
Aweil West,2020-10-26,1402,0.0,486,25.765049297908703,2020,10
Aweil West,2020-11-02,1119,0.0,565,29.95519208254885,2020,11
Aweil West,2020-11-09,910,0.0,453,24.017283765308164,2020,11
Aweil West,2020-11-16,205,0.0,90,4.771209879918229,2020,11
Aweil West,2020-11-23,2,0.0,2,0.10601281358171646,2020,11
Aweil West,2020-11-30,1,0.0,1,0.05298072110207423,2020,11
Aweil West,2021-08-02,76,0.0,42,2.225676807160103,2021,8
Aweil West,2021-08-09,92,0.0,69,3.656307487728232,2021,8
Aweil West,2021-08-16,5,0.0,5,0.2649813513642732,2021,8
Aweil West,2021-08-23,494,0.0,268,14.205741824253867,2021,8
Aweil West,2021-09-06,64,0.0,35,1.8559078464947834,2021,9
Aweil West,2021-09-13,7,0.0,7,0.37110452690143886,2021,9
Aweil West,2021-09-20,39,0.0,39,2.067197606882932,2021,9
Aweil West,2021-09-27,40,0.0,22,1.1661923130377723,2021,9
Aweil West,2021-10-04,481,0.0,316,16.750263338513104,2021,10
Aweil West,2021-10-11,102,0.0,39,2.0676425652823154,2021,10
Aweil West,2021-10-18,62,0.0,30,1.5906091721025266,2021,10
Aweil West,2021-10-25,26,0.0,26,1.3786572908927894,2021,10
Aweil West,2021-11-08,10,0.0,8,0.4241497000401493,2021,11
Aweil West,2021-11-15,1,0.0,1,0.053013244732264396,2021,11
Aweil West,2022-08-22,75,0.0,68,3.6045860779077703,2022,8
Aweil West,2022-08-29,865,0.0,430,22.791077822178497,2022,8
Aweil West,2022-09-05,462,0.0,424,22.47043750412187,2022,9
Aweil West,2022-09-12,1178,0.0,640,33.92706014996565,2022,9
Aweil West,2022-09-19,1357,0.0,678,35.93462799634678,2022,9
Aweil West,2022-09-26,3014,0.0,1064,56.39071131476168,2022,9
Aweil West,2022-10-03,637,0.0,400,21.200119787846624,2022,10
Aweil West,2022-10-10,1108,0.0,514,27.241659539242466,2022,10
Aweil West,2022-10-17,50,0.0,42,2.225470014509945,2022,10
Aweil West,2022-10-24,2059,0.0,834,44.19587383119667,2022,10
Aweil West,2022-10-31,719,0.0,293,15.529050011859313,2022,10
Aweil West,2022-11-07,233,0.0,158,8.375388105042326,2022,11
Aweil West,2022-11-14,44,0.0,34,1.802230192820035,2022,11
Aweil West,2023-08-21,3,0.0,3,0.15894433639134575,2023,8
Aweil West,2023-11-06,6,0.0,6,0.31809067559925736,2023,11
Aweil West,2023-11-13,6,0.0,3,0.15905425670965176,2023,11
Aweil West,2023-11-27,2,0.0,2,0.10596237342571303,2023,11
Aweil West,2024-03-18,6,0.0,3,0.15908853204366885,2024,3
Aweil West,2024-09-02,54,0.0,30,1.5898493848680106,2024,9
Aweil West,2024-09-09,120,0.0,59,3.126476768015995,2024,9
Aweil West,2024-09-16,306,0.0,242,12.823492505464595,2024,9
Aweil West,2024-09-23,184,0.0,116,6.148904623427027,2024,9
Aweil West,2024-09-30,175,0.0,175,9.276697417478445,2024,9
Aweil West,2024-10-07,121,0.0,97,5.142136993657142,2024,10
Aweil West,2024-10-14,305,0.0,182,9.646450859821456,2024,10
Aweil West,2024-10-21,580,0.0,256,13.566789253951635,2024,10
Aweil West,2024-10-28,1166,0.0,558,29.575922453728573,2024,10
Aweil West,2024-11-04,1096,0.0,377,19.97992551942621,2024,11
Aweil West,2024-11-11,256,0.0,100,5.301157768166518,2024,11
Aweil West,2024-12-02,3,0.0,3,0.159124277996943,2024,12
Aweil West,2025-01-27,1,0.0,1,0.053012335160019956,2025,1
Aweil West,2025-03-24,1,0.0,1,0.05303190302465964,2025,3
Aweil West,2025-05-19,6,0.0,6,0.3179054159487474,2025,5
Aweil West,2025-10-06,24,0.0,17,0.9008774456408988,2025,10
Aweil West,2025-10-13,867,0.0,506,26.818127394175885,2025,10
Aweil West,2025-10-20,336,0.0,332,17.59485785217754,2025,10
Aweil West,2025-10-27,92,0.0,92,4.876184118732467,2025,10
Aweil West,2025-11-03,14,0.0,14,0.742110151296952,2025,11
Aweil West,2025-11-10,3,0.0,3,0.15894092081030262,2025,11
