state,county,county_code,detected_weeks,largest_weekly_flood_area_km2,largest_weekly_flood_percent,flood_area_km2_weeks,flooded_rangeland_km2_weeks,potential_cattle_weeks,peak_potential_cattle_exposed,peak_flooded_rangeland_km2,mapped_cattle,mapped_rangeland_km2,mean_weekly_potential_cattle_exposed,mean_weekly_flooded_rangeland_km2,cattle_exposure_weeks_per_year,rangeland_exposure_weeks_per_year,cattle_absolute_rank,rangeland_absolute_rank
Abyei Region,Abyei Region,SS0001,167,156.23827653144352,1.4885718442044533,908.8293339181959,788.8501594000516,13708.781803734315,2284.527672077326,136.78266539732624,132982.49556891053,7262.681214412422,10.102271041808633,0.5813192036846364,0.003964889035579449,0.004177574348981044,50,41
Central Equatoria,Juba,SS0101,830,45.07826043475505,0.24543720312394995,1947.8851462472867,804.5709613249459,17986.339426475315,554.5567822906797,38.93290083908226,360601.76558356546,13752.716171981596,13.254487418183725,0.5929041719417435,0.0019184107002752683,0.002250103658583509,47,40
Central Equatoria,Kajo-keji,SS0102,165,2.4093706512689272,0.09575797059269729,34.31931467735564,11.28433784837615,745.604298006571,58.62385129371104,1.0091791925081954,91808.31860554423,1341.168080037051,0.5494504775287922,0.008315650588339094,0.0003123582788622852,0.00032360820439174444,71,76
Central Equatoria,Lainya,SS0103,121,4.33377883105736,0.12386060854022275,66.03575350355881,26.529928730764247,1154.6316681205894,68.86337472485057,2.3306647732847496,63668.74522324931,1449.1547296670449,0.8508707944882752,0.01955042647808714,0.000697499379901616,0.0007041221019197891,67,71
Central Equatoria,Morobo,SS0104,48,1.713416616002035,0.13090089056388782,11.994428759850132,4.6071145337811314,308.09863861468375,43.375769692109195,0.7753175130329487,69227.84161689546,502.4190296512404,0.22704394886859525,0.0033950733484017183,0.00017117314886983635,0.000352687104548446,74,77
Central Equatoria,Terekeka,SS0105,775,99.26689811443126,0.9301507611798325,2812.284144215571,1168.2860060768894,7797.015210672042,646.471280790554,98.43539664544257,237603.71073512879,7897.456263443376,5.745773920907916,0.8609329447876857,0.0012621233880676353,0.005689689902405575,52,35
Central Equatoria,Yei,SS0106,164,11.828258726055882,0.17600140175646928,129.34729560523664,50.56551432653763,2047.4497128175524,189.48600585654108,5.428164317061584,116147.5436669153,2279.787838906436,1.5088059784948802,0.037262722421914245,0.0006780002692388372,0.0008530738873624716,64,68
Eastern Equatoria,Budi,SS0201,378,14.339560731764175,0.2501086489693328,298.9513867471134,252.73785478108888,5823.249298726694,278.3742446209712,11.5493336214993,128606.94631944393,3542.5919590167828,4.291266985060202,0.1862474979963809,0.0017415165609934219,0.002743947605257781,56,52
Eastern Equatoria,Ikotos,SS0202,275,9.901894064443406,0.28201711075280506,192.8337974547719,172.1824024726637,3530.2421305834073,202.89763155157323,6.9078184656055,70411.28570542824,2007.6528776210603,2.6015048862073744,0.12688460020093126,0.0019283633599877525,0.0032985782397550564,59,59
Eastern Equatoria,Kapoeta East,SS0203,1133,254.28139374772368,0.860136519176102,15159.749399612696,6819.837645586614,192361.7527126001,3001.4484289008883,135.23311609375267,470100.2677425906,18772.177888044393,141.75516043669867,5.0256725464897665,0.015738193441182595,0.013972883139693224,23,11
Eastern Equatoria,Kapoeta North,SS0204,409,22.87289976003063,0.3989592874594012,507.83273263348127,416.42163639722094,7504.668090915753,430.49306224117134,18.548276731157618,82947.9607988072,4192.960151555584,5.530337576209103,0.30686929727134926,0.0034797851284125523,0.0038197875022891637,54,50
Eastern Equatoria,Kapoeta South,SS0205,85,1.7646739705679246,0.14703085417450001,19.148062633834925,11.41789165531328,517.0090728973523,62.17977455937375,0.9288608171841481,35373.24029103452,635.2038503264295,0.3809941583620872,0.008414069016443095,0.000562147097031588,0.000691352356924211,72,75
Eastern Equatoria,Lafon,SS0206,709,824.8915117670745,5.078701993705325,5394.1205634260405,5257.282112404257,18777.76064162485,1087.8531220970533,805.1639878361144,96294.67955112658,14823.17439795789,13.83770128343762,3.8741946296273078,0.0075001190772535035,0.01364101593497078,46,15
Eastern Equatoria,Magwi,SS0207,347,5.7811360824270235,0.11116152903644093,172.6175468967089,106.93507883368507,2063.3764900490546,63.88127868908705,4.69667283513479,63785.93063343339,3550.6756723558688,1.5205427340081463,0.07880256362099121,0.0012441714566920356,0.0011583394336663055,63,63
Eastern Equatoria,Torit,SS0208,304,9.7357228280722,0.16674840080135397,222.12746047999332,193.53237772979756,2810.920663997056,138.6852021571085,8.523101319743603,72462.91405590945,3236.387024260224,2.071422744286703,0.14261781704480292,0.0014919677829577887,0.0022999576174944814,61,57
Jonglei,Akobo,SS0301,644,341.8485680514543,3.7881871751978786,7133.302132406436,6467.549488468634,134399.97459098054,6364.721771094249,332.8059744856838,175699.1807199529,6532.316358693662,99.04198569711167,4.766064471973938,0.02942091005079887,0.03808019846919744,26,12
Jonglei,Ayod,SS0302,1272,1145.5193990218854,8.517413327485684,79429.15356837059,30792.1254612762,1123688.195564024,20317.885792414516,605.914378095021,201782.46042055037,5076.329319220078,828.0679407251466,22.691323110741486,0.21418500231579532,0.23330096281526289,5,3
Jonglei,Bor South,SS0303,1176,1087.9024246087197,7.791414681651827,20679.06344526072,7202.895583030401,251046.18147493413,19547.189039719782,1083.7759577990857,243308.03972200712,11769.8456823609,185.00087065212537,5.307955477546353,0.03968476494016649,0.02353764467076677,20,9
Jonglei,Canal/Pigi,SS0304,545,446.94303472334957,10.069183708437162,11474.418526318716,5161.919625066352,214583.4707536402,8427.73835730078,210.25080917554968,87516.07117804422,1980.7292549315976,158.1307816902286,3.803920136379036,0.0943050836549903,0.10023347193996784,22,17
Jonglei,Duk,SS0305,1208,464.04065303154704,6.739803480709372,38367.96500546643,806.3022621691533,526508.2407597073,7107.137537357121,47.69512791644973,99618.34379265053,1705.490979831709,387.9942820631594,0.5941800015984917,0.20327899643108127,0.018183400460496404,14,39
Jonglei,Fangak,SS0306,1136,827.6268671443593,10.810898385078561,48772.482643654745,11656.89397722977,736479.626484302,12098.155952816654,185.40304674569566,117493.90543608212,1995.0525243486366,542.7263275492277,8.59019453001457,0.24108603229275724,0.22472695358919323,11,7
Jonglei,Nyirol,SS0307,260,34.40171149109579,0.48613641900708354,552.7751147578945,222.44202960648175,9889.560143064411,507.0792039189956,19.011491337964618,140483.80953124614,3710.9150588704556,7.287811453989986,0.16392190833196887,0.00270755540499184,0.0023054859896945537,51,55
Jonglei,Pibor,SS0308,862,972.4953309973622,2.942505400028222,19868.069977113522,19212.759526400423,39292.96599519056,2333.3940985269764,943.4110611402915,193875.53854897854,27049.323747902068,28.955759760641534,14.15826052056037,0.0077950417788789535,0.027318697367961078,40,6
Jonglei,Pochalla,SS0309,814,378.98567912126396,4.587575058075549,8281.83843833129,7054.712313237935,94914.34807383656,4677.233948177249,368.55919927033244,80363.3332727724,5881.080917662681,69.94425060710137,5.198756310418522,0.04542559025772197,0.046136941961772315,29,10
Jonglei,Twic East,SS0310,1178,464.2605192999022,7.810705136013825,29135.930851140423,2531.476856973852,437398.0888205365,8341.3949464451,73.0028771413044,88299.61811081132,1745.4260068320687,322.32725778963635,1.865495104623325,0.1905218139795634,0.055782653700519755,17,28
Jonglei,Uror,SS0311,418,245.681799055643,2.0186054676081895,5066.496090126492,5021.095427232589,86618.06167306095,4322.733237402156,244.90384868925096,217525.1034783222,11730.640022262383,63.83055392266835,3.700144014172873,0.015315307783932837,0.016462789287460887,31,18
Lakes,Awerial,SS0401,1144,57.99617256056692,1.2806473038696178,7575.054193372528,357.8021177505997,168585.60190231432,1616.0960496036919,24.605491280823145,176328.24155778295,2504.7722140982924,124.23404709087275,0.26367142059734683,0.03677267778742431,0.005494160241808147,24,51
Lakes,Cueibet,SS0402,315,26.031257939882117,0.5353672875681059,836.8488185391442,705.1338983305959,44230.52261604839,1340.0403651855333,22.11373085188633,219504.52589374286,3485.676600542174,32.59434238470773,0.5196270437218835,0.007750063192749799,0.007780565341878918,38,43
Lakes,Rumbek Centre,SS0403,371,74.48352694080573,1.9329479461458607,1114.0000798711376,969.2591478877237,56785.39804189391,3521.4224726634225,72.14049648340223,192536.15799166594,3141.75646908826,41.84627711267053,0.7142661369843211,0.011343603163290564,0.011865718543901059,35,37
Lakes,Rumbek East,SS0404,754,47.71101401932804,1.3376599379164715,870.2102854371184,439.93379522850563,35516.59128353586,2493.781088373723,39.128609629962,166305.2755131909,2619.460589948675,26.172874932598276,0.3241958697336077,0.008213947137029377,0.006459547683457719,41,48
Lakes,Rumbek North,SS0405,328,132.5897709613232,3.2308298398801707,1759.9437017622436,1451.0021535027001,78157.39761970758,5636.0224960723735,117.44967107806742,194708.27402497112,3396.0875975295908,57.5957241117963,1.0692720364795136,0.015438757133754958,0.016432961027069905,33,32
Lakes,Wulu,SS0406,252,9.766810900493986,0.08246535080292629,207.5290183712087,140.30637877462516,2723.380704061694,124.36546738334035,6.986712414996288,166683.00024819636,6598.850223343937,2.0069128253955,0.10339453115300307,0.0006284108849655408,0.000817778704015626,62,62
Lakes,Yirol East,SS0407,1142,167.3141525784997,3.0046092060510756,11056.480643742425,910.6669756760061,87108.35661256782,2867.747337625408,30.224994778566618,142276.76368076613,2125.036146575075,64.19186191051423,0.6710884124362609,0.02354791690154675,0.016482379825428637,30,38
Lakes,Yirol West,SS0408,766,64.68819577429986,1.3313878315495657,1199.4623093296696,523.1352168813,54007.61463430818,2586.148479597205,54.028177615083564,204961.6287366536,3645.1566643213937,39.79927386463388,0.3855086344003685,0.01013465769313493,0.005519813582116961,36,47
Northern Bahr el Ghazal,Aweil Centre,SS0501,267,93.65147934660487,0.8394155917756815,1066.1971043101537,731.9148811208274,32947.693277516264,2606.1761874762956,69.09611194772236,364961.8333817694,6375.796523491362,24.279803446953768,0.5393624768760703,0.003472195874483636,0.004415224395427524,43,42
Northern Bahr el Ghazal,Aweil East,SS0502,478,375.2640735056267,5.893397354845327,10640.655156990138,5165.045629462362,855560.3354014325,29595.90885298142,177.69478480455615,505027.78025618306,4349.461713847028,630.4792449531558,3.8062237505249534,0.06515714190913771,0.0456736061156083,9,16
Northern Bahr el Ghazal,Aweil North,SS0503,138,42.846643336462506,0.6755146775921028,480.74837138237046,252.68666092688483,41172.034802732924,3504.4205808089255,33.50391153412409,463800.5038861725,4454.177362811882,30.34048253701763,0.1862097722379402,0.00341426925334637,0.002181933258675126,39,53
Northern Bahr el Ghazal,Aweil South,SS0504,319,169.81083513225167,8.589827892703568,5938.920804031886,3484.2133070890955,447909.61605252826,12315.528044122098,112.70931483196274,141256.8006910938,1488.70602424816,330.07340902912915,2.5675853405225464,0.12195726393924633,0.09001656602181712,16,25
Northern Bahr el Ghazal,Aweil West,SS0505,255,91.05832242619084,1.818311087770665,2092.4789673808664,1056.3560214897698,168182.01727792056,7449.587006407349,55.99178116648319,318964.9515941321,3606.9611470789,123.93663764032466,0.778449536838445,0.020279780250918537,0.011264074131352931,25,36
Unity,Abiemnhom,SS0601,167,21.746167413892188,0.9031449066287067,275.1523529167924,169.21990555729937,7342.778830700913,547.0146048810356,15.526047762572356,73586.64128463752,1164.608356296311,5.411038195063311,0.12470147793463476,0.003837851075702412,0.005588537872721592,55,60
Unity,Guit,SS0602,766,711.5034883803665,20.598325124270243,59782.17615191435,28347.599881163667,1721053.0556713883,21384.860094146294,331.3164762962291,91577.56427380373,1216.0081150752221,1268.277859743101,20.88990411286932,0.7228227658156732,0.8966159761641345,3,4
Unity,Koch,SS0603,1040,70.45181827136777,1.602420439501671,7163.774567179393,1550.6582620080587,220218.27795246814,2306.2723770515076,33.71602746053468,176766.9940693639,1749.121352267066,162.28318198413274,1.1427105836463218,0.04791581036943466,0.03409752119692782,21,30
Unity,Leer,SS0604,881,68.8178545453488,4.271902788907523,4581.353141105835,3693.6002237971547,130969.99956576934,1885.6206852347061,63.142752110610886,50149.18049926602,777.6746644612891,96.51436961368411,2.7218866792904604,0.10044646044974231,0.182674778491762,27,24
Unity,Mayendit,SS0605,934,496.0332504041709,16.20324213903825,23632.739079051134,6348.61523215971,874059.6476780797,18290.247527924956,104.44330003905607,120203.27907225509,1451.6437898680008,644.1117521577595,4.678419478378563,0.27967355812848815,0.1682075937867808,8,13
Unity,Mayom,SS0606,1107,639.2402815107739,15.004169837748494,52485.04058161167,10861.460482815655,2253006.678155694,29580.78431859621,266.8017542044208,205288.5547938287,1598.7431552666446,1660.2849507411158,8.00402393722598,0.4221087877646903,0.2612980569969169,2,8
Unity,Panyijiar,SS0607,1150,189.81015121886213,3.564527838649554,18820.80076387456,4511.883641512191,582233.1348517362,7165.275692101481,97.52625341934005,186234.84934590216,1794.0735977506286,429.0590529489582,3.324895830148999,0.12024377923000641,0.09672623599699623,12,22
Unity,Pariang,SS0608,1127,539.5306054430881,6.008942709697511,36353.60463100263,20893.945897252976,960395.0580826213,14245.016205204116,372.9740061488024,292350.7314447586,6689.855927735731,707.7340147992788,15.397159835853335,0.12634916725596052,0.12012415699548443,6,5
Unity,Rubkona,SS0609,523,1992.2416302719284,55.90073739743749,183437.07535632892,60241.70829341605,8006410.858186587,86740.44856856202,699.3701092070846,145667.06029210007,1294.0905432455856,5900.081693578914,44.39330014253209,2.1139911696132647,1.7904379199812266,1,1
Upper Nile,Baliet,SS0701,638,1778.856542877889,15.235353080651082,53254.720828316924,39578.12237115278,568388.5948474867,18807.836212655802,1419.294840608377,136001.39521011093,9217.971660963822,418.8567390180447,29.165897104755178,0.16074173186277108,0.16513779080705104,13,2
Upper Nile,Fashoda,SS0702,349,40.394247435520455,1.1236375891446055,950.2019173484365,653.2833159833319,15183.612965713804,630.7559596117661,28.991547564871762,45411.775920354725,2730.6230770926754,11.189103143488433,0.48141732939081205,0.012859772652145022,0.009201665947512074,48,44
Upper Nile,Longochuk,SS0703,502,51.222642989537775,0.7393498049850744,2141.3045634785512,1520.4334260148653,33787.74063232718,1051.1138951111664,49.286442021046234,104215.82975774753,4074.165160221218,24.89885087128016,1.1204373073064593,0.01246958824661787,0.01435342122696474,42,31
Upper Nile,Luakpiny/Nasir,SS0704,842,441.54288798374034,8.514516926494005,14154.95803834055,4607.31193544659,282663.65661966935,8831.456660233382,117.15042802363571,91833.42188563575,2500.23955063937,208.30041018398626,3.395218817573021,0.11838477623425053,0.07087493082979546,19,21
Upper Nile,Maban,SS0705,461,143.33461754771685,1.2125197353091774,3220.2541251501593,3048.035633307559,28062.142067995974,1252.3596682443053,141.2970669110939,112624.65699395166,9725.751287347652,20.679544633747955,2.2461574305877368,0.009583275858672285,0.012053787545966461,44,26
Upper Nile,Maiwut,SS0706,302,30.281753686180984,0.8214828305755101,482.7880571256418,435.012504170581,7733.221380416947,462.7478405166453,26.627023567797394,57170.19636334423,2145.136482772502,5.69876299220114,0.3205692735229042,0.005202563756545044,0.0077996203480640534,53,49
Upper Nile,Malakal,SS0707,327,49.42350695145416,6.548932014152893,1177.6129726301433,619.3862188651524,25501.115212416396,1111.559547712389,36.38719654994854,14137.500063310226,586.6149673191094,18.792273553733526,0.4564378915734358,0.06937663088680648,0.04061019272709733,45,45
Upper Nile,Melut,SS0709,92,11.997371557900143,0.1728366844312842,237.4665619940222,216.80139211488705,3140.042560159625,169.90465356848767,10.895940013624932,92664.47493130254,4980.504810976144,2.3139591452908066,0.15976521158060947,0.0013033135706858692,0.001674230905864243,60,56
Upper Nile,Panyikang,SS0710,787,195.30749100572805,3.821830219414815,11020.853930874906,3851.5324272075163,126422.36397602494,2489.647906135432,113.63529897369357,50994.37039438586,3883.1264473312813,93.1631274694362,2.8382700274189507,0.09535167464285067,0.038148606437143545,28,23
Upper Nile,Ulang,SS0712,809,519.9132615402068,10.756257674874714,16063.396634129565,2833.8222809889958,305668.6496164594,9672.979019547227,96.06368460386027,73554.99237730731,923.7064863288346,225.2532421639347,2.0882993964546763,0.15983261154326497,0.11799545230715412,18,27
Warrap,Gogrial East,SS0801,792,285.92393088022936,6.461847033838682,10140.878293844484,4721.904422442519,518649.1742456546,16286.802013584796,207.1963882773448,206271.32815608417,2002.0456804618725,382.202781315884,3.4796642759340597,0.0967077942514621,0.09071306930098798,15,20
Warrap,Gogrial West,SS0802,439,393.4379031352951,8.939611624731176,14915.064267440515,6075.993956252113,837639.6412566637,22100.187042037862,174.0130033706859,244418.04604152858,2695.836128265535,617.2731328346822,4.477519496132729,0.13181068174331342,0.08668630588863732,10,14
Warrap,Tonj East,SS0803,307,49.91581352748411,1.1289567153172602,894.5426332639072,568.0275926875935,44855.476758151344,2835.604508821579,28.500760375087236,222152.49576464493,3145.455812920198,33.0548833884682,0.41859070942342924,0.007765884594751629,0.006945643621388636,37,46
Warrap,Tonj North,SS0804,1047,459.7423066060355,4.094667400487015,53868.45586878839,5002.354462908707,1660447.4861923007,17393.18432377517,242.08676836753725,512008.5597465371,6031.486693973456,1223.616423133604,3.686333428819976,0.12473104919410863,0.031898975880300356,4,19
Warrap,Tonj South,SS0805,326,110.39177592689009,1.4870972162013023,1658.3158467392796,1385.0096654205433,84755.41252884746,5964.442321685448,97.03572965906342,193556.79397429893,4666.597617995273,62.45793111926858,1.0206408735597223,0.016841690192671174,0.01141508372411566,32,33
Warrap,Twic,SS0806,1021,320.0997419587914,8.08932341972286,15189.560123145335,2494.787238438343,916336.258458399,20757.794121991963,90.12982775542186,243078.4653210141,1391.3044957703369,675.2662184660272,1.8384578028285505,0.1449889944049813,0.06896646680597711,7,29
Western Bahr el Ghazal,Jur River,SS0901,373,87.73620036435315,0.8731510503908287,1869.2638775478536,1249.9535332941002,65297.29773532888,3132.721090178654,62.54989697328269,283219.50814170716,6432.956364501161,48.11886347481863,0.9211153524643333,0.008867448943613371,0.0074732569555762685,34,34
Western Bahr el Ghazal,Raja,SS0902,269,20.28323315548374,0.03270931644777213,290.0635064988406,190.01125786660282,4070.936958123044,254.7894799819891,10.592624311326958,737917.1796449482,28623.919198127707,2.9999535432004745,0.14002303453692175,0.00021218437882783035,0.0002553153274356529,57,58
Western Bahr el Ghazal,Wau,SS0903,198,21.224640860444243,0.11047119855859173,361.0320231724133,239.71594792794065,14256.53852450689,858.3592687070483,14.804039786136553,429582.2103562287,9126.091408097496,10.505923746873169,0.17665139862044263,0.001276422513711702,0.0010102730444814477,49,54
Western Equatoria,Ezo,SS1001,92,2.4572698572741296,0.03044034701514042,39.23490075841198,22.22908920995127,200.30323426616593,24.071717352614936,1.8812129251884053,58471.99096145854,2573.806730761859,0.14760739444816945,0.016381053212933875,0.00013175488677607568,0.0003321791645794775,76,72
Western Equatoria,Ibba,SS1002,158,13.147782472431205,0.13684164805798735,148.93942057208838,58.61185642733404,1264.2077964817013,114.99467167820444,5.063087355890671,79247.36853544826,2917.0677764141487,0.9316195994706715,0.043192230233849695,0.0006135645597621068,0.0007727973235689486,66,66
Western Equatoria,Maridi,SS1003,156,5.287232732760463,0.06883267203860836,94.90175760889909,30.847549744861695,981.7172694903155,61.69106697726553,3.400876879834453,76710.0102921582,1775.0712719078053,0.7234467719162236,0.022732166355830283,0.0004922220238929912,0.000668392441324937,69,70
Western Equatoria,Mundri East,SS1004,163,5.180267682255122,0.10197835691602887,88.00205446487877,62.828811447902986,1693.178215440514,98.96579783691148,4.2729088207898345,98504.7244839144,3232.2039120206655,1.2477363415184333,0.04629978736028223,0.0006611077732219707,0.000747630042463985,65,65
Western Equatoria,Mundri West,SS1005,149,8.928319797563452,0.15202477631756098,96.62695840016791,52.666154002870414,1134.0009207262226,90.87509923977262,3.3239101057473532,64017.3937232659,2955.0765719270903,0.835667590807828,0.03881072513107621,0.0006813057747472848,0.0006854716818663492,68,67
Western Equatoria,Mvolo,SS1006,208,14.7306129727481,0.2579389667523788,184.0341137149004,154.95091661950605,3590.021410976408,299.5802865598292,13.830209218397158,110548.4878477016,3954.5534747074084,2.6455574141314724,0.11418637923323953,0.0012490242902846403,0.0015070350362761794,58,61
Western Equatoria,Nagero,SS1007,116,10.660839068899287,0.11591879732017848,97.02920253286048,72.89285416899901,143.7044479422771,19.458432161346728,8.415097764608161,50166.47403298089,5108.310089549497,0.10589863518222337,0.053716178459100226,0.0001101750573100348,0.000548825593013191,77,64
Western Equatoria,Nzara,SS1008,105,3.096462100076663,0.04805133364644557,35.45852336834393,16.895173015947027,324.62380303196613,29.283200693972848,1.348970067778031,57081.95646585414,2187.881674019912,0.23922166767278272,0.012450385420742097,0.00021872990448940853,0.0002970061655908725,73,74
Western Equatoria,Tambura,SS1009,77,5.2261399346131725,0.04196047425191611,36.178327908282704,17.83825617733485,271.02930827214016,37.0600159773953,2.3160642578028385,90981.03850918311,4734.411063283882,0.19972682997210034,0.013145361958242336,0.00011457556799883004,0.00014491491483957814,75,73
Western Equatoria,Yambio,SS1010,152,8.442925718076863,0.0960286793618932,79.55696828519739,34.88254181312463,793.2897396282121,73.04831562563248,3.5538969217046263,84882.59124263177,2849.2758670603544,0.5845908177068623,0.025705631402449986,0.0003594511358005088,0.0004708691913941998,70,69
