head,importance_type,feature,mean_importance,mean_share_pct
det,gain,y_true_lag1,3503.5914945493764,40.852923704205985
det,gain,det_dates_prev,812.5557317476099,10.623328832802407
det,gain,y_det_lag1,1030.9843730181456,10.414938548609006
det,gain,y_true_lag2,651.1099975357453,7.236684696622812
det,gain,month_sin,376.38730305433273,3.901074963437108
det,gain,up_ro_w30,240.6011112400641,3.1880170192826065
det,gain,month,196.0960222693781,2.4156239647967426
det,gain,y_true_lag3,169.58806367094317,2.20666596478438
det,gain,coverage_prev,97.79599364598592,1.7317462174699478
det,gain,up_ro_w14,141.7589649197956,1.657331965478632
det,gain,y_true_lag4,99.14166419456403,1.5579076744626976
det,gain,week_of_year,122.74102098642227,1.2741474344061146
det,gain,et0_w30,88.2554951235652,1.0461076911907956
det,gain,et0_w7,55.1525313812308,0.6542238812420297
det,gain,gauge_w14,46.366210522401765,0.595674224619945
det,gain,gauge_chg7,57.8816897776754,0.5882359928834368
det,gain,county,53.81826300926817,0.5881432601139384
det,gain,up_ro_w1,58.359231115784496,0.5818598267289543
det,gain,up_ro_w3,38.01199219290478,0.5358226408157597
det,gain,local_ro_w30,49.380886742534734,0.5058096082407761
det,gain,gauge_w1,47.29278566176072,0.4940074994337109
det,gain,y_det_lag3,26.528175125519436,0.4577939014893544
det,gain,up_tp_w30,35.636332921606176,0.441622291316264
det,gain,albert_chg7,41.143744988405764,0.4127734728257086
det,gain,up_ro_w7,33.041340593248606,0.38671599079884134
det,gain,albert_w14,30.33073968804092,0.3677543638618455
det,gain,albert_w1,34.03699595481157,0.33589815182544674
det,gain,up_tp_w1,29.0414379124007,0.3336641381979686
det,gain,local_tp_w1,23.390211131671094,0.32972029032170114
det,gain,local_tp_w3,23.02919415438858,0.31567986130960013
det,gain,et0_w14,26.69171659493198,0.3124827097365157
det,gain,gauge_w3,25.573267384742696,0.29607398726760364
det,gain,gauge_w7,29.04484176300078,0.28980587278760056
det,gain,local_ro_w1,23.803717477868002,0.2722949123903511
det,gain,local_ro_w7,28.330595448613167,0.2703682364188298
det,gain,local_ro_w3,26.168686738082517,0.2594866124933936
det,gain,local_ro_w14,21.066326847920816,0.2551775358192691
det,gain,up_tp_w14,24.674441441175684,0.23475037948256053
det,gain,cnty_ro_w7,20.20261259873708,0.2151420493927121
det,gain,net_w7,16.75232702338447,0.19193630818037907
det,gain,albert_w7,17.21938462772717,0.18911474165788655
det,gain,albert_w3,16.32938557708015,0.17937442639065823
det,gain,local_tp_w14,15.963239785118882,0.1613946245845869
det,gain,up_tp_w7,15.521340293208292,0.1398317966331966
det,gain,net_w14,12.070116238144692,0.1271078006193835
det,gain,up_tp_w3,12.1699051267157,0.12349808112741446
det,gain,local_tp_w30,10.419462761220833,0.12246010125325822
det,gain,cnty_tp_w7,6.671421856464197,0.07966477626999119
det,gain,local_tp_w7,8.02777997404337,0.07638682516329169
det,gain,y_det_lag2,6.588806708653768,0.06533193950793938
det,gain,month_cos,5.370991001526515,0.05874911804956077
det,gain,y_det_lag4,4.71956870953242,0.047669091199104514
det,split,week_of_year,65.33333333333333,6.098656592492351
det,split,y_true_lag1,35.0,3.8887451616433992
det,split,gauge_chg7,39.666666666666664,3.5460192528173304
det,split,up_ro_w30,30.333333333333332,3.4490547722420675
det,split,gauge_w14,31.0,3.2674089626099097
det,split,y_true_lag2,29.0,3.2302549168537884
det,split,et0_w7,31.666666666666668,3.1850399838141015
det,split,et0_w30,32.333333333333336,3.074812242465652
det,split,det_dates_prev,26.666666666666668,2.9232911106909856
det,split,up_tp_w30,26.333333333333332,2.920030713406767
det,split,up_ro_w1,31.0,2.7515420275049727
det,split,up_ro_w3,24.666666666666668,2.670111698181629
det,split,albert_w14,25.333333333333332,2.603443262564249
det,split,local_ro_w30,25.333333333333332,2.542412251752643
det,split,up_ro_w14,27.666666666666668,2.4957080833308454
det,split,y_true_lag3,22.0,2.4939877787617566
det,split,gauge_w1,26.666666666666668,2.4509834813171163
det,split,albert_chg7,27.0,2.403719882232106
det,split,county,23.333333333333332,2.3747002457735897
det,split,albert_w1,23.333333333333332,2.238708842874058
det,split,gauge_w7,24.666666666666668,2.0810555328908746
det,split,y_true_lag4,19.666666666666668,2.045839040963371
det,split,gauge_w3,21.0,2.0188636481733924
det,split,local_ro_w1,20.0,2.000346603780469
det,split,month,18.0,1.9422984861098673
det,split,up_tp_w1,19.333333333333332,1.8944290214054094
det,split,local_tp_w3,18.0,1.8656868890901068
det,split,up_ro_w7,19.0,1.8545740090282823
det,split,local_tp_w1,16.666666666666668,1.7968078178776794
det,split,local_ro_w3,18.666666666666668,1.7902826009324582
det,split,et0_w14,16.666666666666668,1.6259929617873479
det,split,local_ro_w7,18.333333333333332,1.6005068043794797
det,split,up_tp_w14,18.0,1.4142733316307183
det,split,local_ro_w14,13.0,1.3790568397032141
det,split,month_sin,13.333333333333334,1.3753525463492728
det,split,net_w7,12.666666666666666,1.2572767446000015
det,split,cnty_ro_w7,13.0,1.1594891491457626
det,split,albert_w7,11.666666666666666,1.1202400023880834
det,split,albert_w3,11.0,1.1189127365556981
det,split,up_tp_w3,11.333333333333334,1.0211251411014592
det,split,local_tp_w14,11.0,0.9132744272745666
det,split,net_w14,10.333333333333334,0.9032113089019128
det,split,y_det_lag1,7.333333333333333,0.8876771576499931
det,split,up_tp_w7,11.0,0.8679439596413895
det,split,local_tp_w30,9.666666666666666,0.8374306654239788
det,split,coverage_prev,5.333333333333333,0.5682732055929799
det,split,cnty_tp_w7,6.666666666666667,0.5343331221648419
det,split,y_det_lag3,4.0,0.4924294437423921
det,split,local_tp_w7,4.666666666666667,0.3979022455723717
det,split,month_cos,3.6666666666666665,0.3044248090915222
det,split,y_det_lag4,2.3333333333333335,0.2355457378790944
det,split,y_det_lag2,1.0,0.08651274584268942
q10,gain,y_true_lag1,28186.67237831819,64.02376097933832
q10,gain,det_dates_prev,17731.89849718078,26.635934126052785
q10,gain,y_true_lag2,2558.2509193832907,5.071784412964971
q10,gain,up_ro_w30,907.3723850130724,1.8019040457153037
q10,gain,coverage_prev,520.4516807099184,0.7842622085047788
q10,gain,up_ro_w1,457.8691344436065,0.5335498909723393
q10,gain,up_tp_w14,3.7062915884398535,0.2996663956510213
q10,gain,y_true_lag4,101.36744415276917,0.24309964167138065
q10,gain,y_det_lag1,122.80233764648438,0.14296741585166556
q10,gain,month_sin,100.02855272792901,0.11919199063050877
q10,gain,y_true_lag3,38.52066511695739,0.10635298731153625
q10,gain,net_w7,1.4845788518481033,0.07616600051140425
q10,gain,local_ro_w1,4.399193355061773,0.019834113314756912
q10,gain,local_ro_w7,13.649495520051309,0.01632825355779716
q10,gain,cnty_ro_w7,8.616829289110987,0.011166653859528313
q10,gain,gauge_w14,6.528778506182789,0.008357748483343932
q10,gain,week_of_year,6.4612633183569415,0.008240268855489891
q10,gain,local_ro_w30,6.256243826148723,0.007927610553818423
q10,gain,up_ro_w7,6.691698333869378,0.007926825660105382
q10,gain,local_ro_w14,5.919795779744163,0.007293007168827221
q10,gain,et0_w30,5.811573821659597,0.006814342091878828
q10,gain,up_tp_w7,5.432986615458503,0.0063384113162625174
q10,gain,et0_w14,4.1298470001635605,0.004960469876845141
q10,gain,up_ro_w14,3.2984885019638264,0.004085876199349998
q10,gain,up_ro_w3,3.078443359117955,0.00405891574013776
q10,gain,gauge_w7,3.1748923087595053,0.0038878673410969893
q10,gain,county,3.312667871514956,0.0038566331410458212
q10,gain,albert_w1,2.8395346546118767,0.003587715713753476
q10,gain,gauge_w1,2.846872521607414,0.0034721341143248764
q10,gain,local_tp_w30,2.4919541887938976,0.00311508582291452
q10,gain,et0_w7,2.2075372287848345,0.0027551177414192073
q10,gain,local_ro_w3,2.1032844533107586,0.00267001799512602
q10,gain,albert_w7,2.0519239904824644,0.002557794908489949
q10,gain,up_tp_w3,1.9802475285250694,0.002305419239777652
q10,gain,albert_w14,1.8321435834535198,0.0022788974332845833
q10,gain,up_tp_w30,1.8543737035361119,0.0022600240231621465
q10,gain,gauge_w3,1.796813352855376,0.0021576785347227506
q10,gain,cnty_tp_w7,1.7651212634749147,0.002116761046168022
q10,gain,local_tp_w3,1.5089764239965007,0.0018130041593808661
q10,gain,local_tp_w7,1.5270587753814955,0.0017885729981952775
q10,gain,albert_w3,1.1433257573128988,0.0013997127801991074
q10,gain,net_w14,1.0732932635922527,0.0013545499741704629
q10,gain,albert_chg7,1.0694621341923873,0.0013229539395550715
q10,gain,local_tp_w14,0.7818092257948592,0.0010035471928883054
q10,gain,up_tp_w1,0.786568411528909,0.0009242147004344133
q10,gain,local_tp_w1,0.7750823471190719,0.0009023567658691853
q10,gain,month,0.2959597288475682,0.0003985566118824332
q10,gain,month_cos,0.06555040180683136,9.879196798647382e-05
q10,gain,gauge_chg7,0.0,0.0
q10,gain,y_det_lag2,0.0,0.0
q10,gain,y_det_lag3,0.0,0.0
q10,gain,y_det_lag4,0.0,0.0
q10,split,y_true_lag1,198.33333333333334,13.96017728125041
q10,split,y_true_lag2,231.66666666666666,12.476808493684304
q10,split,up_ro_w30,207.66666666666666,11.709635381206128
q10,split,det_dates_prev,150.66666666666666,9.558809141240989
q10,split,y_true_lag4,92.66666666666667,6.838647433627962
q10,split,y_true_lag3,48.0,5.121825383616816
q10,split,local_ro_w1,41.666666666666664,4.950217819105746
q10,split,up_tp_w14,22.333333333333332,4.169014311809638
q10,split,net_w7,14.666666666666666,3.9175615960557546
q10,split,up_ro_w1,86.66666666666667,3.1825847598240498
q10,split,week_of_year,47.666666666666664,1.8494047420918907
q10,split,cnty_ro_w7,44.666666666666664,1.7721972243824258
q10,split,gauge_w14,42.0,1.6374257503638725
q10,split,local_ro_w7,39.333333333333336,1.474966689159679
q10,split,local_ro_w30,29.666666666666668,1.1646589383499812
q10,split,up_ro_w3,29.0,1.1634989847884698
q10,split,local_ro_w14,27.0,1.0492687753613759
q10,split,gauge_w1,23.333333333333332,0.8850697838149157
q10,split,albert_w1,21.333333333333332,0.8317522661962299
q10,split,gauge_w7,21.333333333333332,0.7902208854177699
q10,split,local_tp_w30,19.0,0.7446296671740202
q10,split,local_ro_w3,19.333333333333332,0.73413460908052
q10,split,albert_w14,19.0,0.7280171148626362
q10,split,up_ro_w14,19.0,0.7197108387069443
q10,split,et0_w14,19.333333333333332,0.7147532980505721
q10,split,et0_w30,19.333333333333332,0.695371987020624
q10,split,month_sin,17.666666666666668,0.6675532746497698
q10,split,albert_w7,15.333333333333334,0.5887369517832521
q10,split,up_tp_w30,14.333333333333334,0.5399281232253971
q10,split,up_tp_w3,13.0,0.45454545454545453
q10,split,up_tp_w7,12.0,0.4223491782989836
q10,split,county,12.0,0.4195804195804196
q10,split,net_w14,10.0,0.3939504891473736
q10,split,gauge_w3,10.333333333333334,0.37791791361674526
q10,split,et0_w7,9.0,0.35344793674521063
q10,split,cnty_tp_w7,9.333333333333334,0.3484903960888383
q10,split,local_tp_w3,9.0,0.33129786699669866
q10,split,up_ro_w7,8.333333333333334,0.31352536112380336
q10,split,local_tp_w7,8.666666666666666,0.30856782046743103
q10,split,albert_w3,8.333333333333334,0.30798784368667537
q10,split,local_tp_w14,8.0,0.3046391081873557
q10,split,albert_chg7,7.333333333333333,0.2757915674402044
q10,split,up_tp_w1,6.0,0.21255896850877376
q10,split,coverage_prev,4.666666666666667,0.19362650907436715
q10,split,local_tp_w1,4.666666666666667,0.16317016317016317
q10,split,month,3.0,0.12704517464361686
q10,split,month_cos,1.0,0.043271311120726956
q10,split,y_det_lag1,0.3333333333333333,0.011655011655011656
q10,split,gauge_chg7,0.0,0.0
q10,split,y_det_lag2,0.0,0.0
q10,split,y_det_lag3,0.0,0.0
q10,split,y_det_lag4,0.0,0.0
q50,gain,y_true_lag1,8067.3524024380995,83.01506353894523
q50,gain,y_true_lag2,1206.384505148977,6.9425678734919485
q50,gain,up_ro_w30,298.037046407039,3.0493555839344526
q50,gain,month_sin,331.2898689409097,2.469248643975998
q50,gain,det_dates_prev,66.67430055389802,0.7121595855640179
q50,gain,y_true_lag3,62.9876043034407,0.6266513679313274
q50,gain,y_det_lag1,170.24566650390625,0.555240421390908
q50,gain,y_true_lag4,31.23993177479133,0.31724580313493306
q50,gain,up_tp_w30,24.390133345111582,0.2926794232899835
q50,gain,up_ro_w1,56.42777259290839,0.18403393681634708
q50,gain,local_ro_w1,13.087285453182025,0.11302868033431367
q50,gain,up_tp_w14,12.29683921703448,0.11098610184508124
q50,gain,et0_w30,27.004694364964962,0.10899696778737601
q50,gain,cnty_ro_w7,15.582680170501893,0.10819784483818405
q50,gain,local_ro_w30,20.495211999397725,0.10242344403396024
q50,gain,up_ro_w3,16.199101895404358,0.08941470201340075
q50,gain,et0_w7,16.12578575821438,0.08903744056343549
q50,gain,up_tp_w7,21.890376619858824,0.07139342920389231
q50,gain,gauge_w14,19.229100361466408,0.06271392398363158
q50,gain,week_of_year,18.729270901802618,0.06108377664710043
q50,gain,gauge_w1,16.886550935606163,0.055073916710296204
q50,gain,local_ro_w7,16.405649676608544,0.05358052434066896
q50,gain,up_ro_w7,15.932587088551372,0.051962652269281845
q50,gain,local_tp_w1,4.2299796640872955,0.05190788948491878
q50,gain,gauge_w3,11.03087089851033,0.05188416739806553
q50,gain,local_tp_w3,15.536763657505313,0.05067171093042922
q50,gain,up_tp_w1,14.839633728959598,0.04839808644859223
q50,gain,local_tp_w30,14.242229160891535,0.0464497069630718
q50,gain,county,12.929220949610075,0.042167452691977546
q50,gain,et0_w14,10.687192709185183,0.03485528592410701
q50,gain,month,10.291972490221573,0.03356631190540841
q50,gain,gauge_w7,10.053727858389417,0.03278929917733658
q50,gain,local_tp_w7,9.651831427589059,0.03147855131411286
q50,gain,local_ro_w14,9.530323649446169,0.031082264986690936
q50,gain,y_det_lag2,9.157605091730753,0.02986667804520852
q50,gain,cnty_tp_w7,8.929162614047527,0.02912163413203786
q50,gain,albert_w1,8.845464472969374,0.02884866042247913
q50,gain,local_ro_w3,8.273935589706525,0.026984672078478267
q50,gain,up_ro_w14,7.964903216809034,0.025976791710803252
q50,gain,net_w7,7.678351638217767,0.025042230364752224
q50,gain,net_w14,7.530248380033299,0.02455920535053359
q50,gain,albert_w7,6.676874458789825,0.021776005605332636
q50,gain,up_tp_w3,6.630109820514917,0.02162348708315717
q50,gain,local_tp_w14,6.504529631851862,0.021213918967248474
q50,gain,albert_w3,5.17655515174071,0.016882853601092037
q50,gain,albert_w14,4.494841426610947,0.014659507634160593
q50,gain,albert_chg7,4.016897952804963,0.01310073940677091
q50,gain,month_cos,0.7289107112834851,0.002377274551538159
q50,gain,y_det_lag3,0.1766203244527181,0.0005760307759321203
q50,gain,coverage_prev,0.0,0.0
q50,gain,gauge_chg7,0.0,0.0
q50,gain,y_det_lag4,0.0,0.0
q50,split,y_true_lag1,108.66666666666667,21.73254792787499
q50,split,y_true_lag2,106.66666666666667,11.933282278767564
q50,split,up_ro_w30,55.333333333333336,8.523222602723232
q50,split,month_sin,36.0,6.876953680022734
q50,split,y_true_lag4,42.0,6.762642828358724
q50,split,y_true_lag3,49.666666666666664,6.425008388682584
q50,split,det_dates_prev,29.666666666666668,3.9053531836053836
q50,split,up_tp_w30,33.666666666666664,3.734208004007302
q50,split,local_ro_w1,25.333333333333332,3.22671277632481
q50,split,cnty_ro_w7,29.333333333333332,1.9445688698798935
q50,split,et0_w7,24.666666666666668,1.8119554380337248
q50,split,up_ro_w1,60.333333333333336,1.7145022260111773
q50,split,local_ro_w30,33.0,1.4932657743356081
q50,split,up_ro_w3,33.0,1.4932657743356081
q50,split,local_ro_w7,27.666666666666668,1.3417075665114158
q50,split,et0_w30,26.0,1.2943456265663558
q50,split,local_tp_w1,5.333333333333333,1.262556934671027
q50,split,gauge_w3,19.666666666666668,1.114370254775127
q50,split,up_tp_w14,19.666666666666668,1.114370254775127
q50,split,week_of_year,38.0,1.0798522307473715
q50,split,gauge_w14,30.666666666666668,0.8714596949891068
q50,split,up_tp_w7,30.333333333333332,0.8619873070000947
q50,split,gauge_w1,26.666666666666668,0.7577910391209625
q50,split,local_tp_w30,24.0,0.6820119352088662
q50,split,up_ro_w7,21.0,0.5967604433077579
q50,split,gauge_w7,19.666666666666668,0.5588708913517098
q50,split,local_ro_w3,18.0,0.5115089514066496
q50,split,local_ro_w14,17.333333333333332,0.4925641754286256
q50,split,up_tp_w1,17.333333333333332,0.4925641754286256
q50,split,et0_w14,17.0,0.4830917874396135
q50,split,local_tp_w3,16.666666666666668,0.4736193994506015
q50,split,local_tp_w7,15.333333333333334,0.4357298474945534
q50,split,albert_w1,15.0,0.42625745950554134
q50,split,up_ro_w14,14.333333333333334,0.4073126835275173
q50,split,cnty_tp_w7,14.0,0.39784029553850525
q50,split,local_tp_w14,12.666666666666666,0.35995074358245716
q50,split,net_w7,12.333333333333334,0.35047835559344515
q50,split,county,11.333333333333334,0.322061191626409
q50,split,net_w14,10.333333333333334,0.2936440276593729
q50,split,albert_w7,10.0,0.2841716396703609
q50,split,albert_w3,9.333333333333334,0.26522686369233683
q50,split,albert_w14,8.333333333333334,0.23680969972530075
q50,split,up_tp_w3,7.666666666666667,0.2178649237472767
q50,split,albert_chg7,6.0,0.17050298380221654
q50,split,month,4.333333333333333,0.1231410438571564
q50,split,y_det_lag2,2.0,0.05683432793407218
q50,split,month_cos,1.3333333333333333,0.037889551956048116
q50,split,y_det_lag1,1.3333333333333333,0.037889551956048116
q50,split,y_det_lag3,0.3333333333333333,0.009472387989012029
q50,split,coverage_prev,0.0,0.0
q50,split,gauge_chg7,0.0,0.0
q50,split,y_det_lag4,0.0,0.0
q90,gain,y_true_lag1,388.10058590816334,39.20692309245251
q90,gain,det_dates_prev,373.4992512651758,34.14499291988394
q90,gain,y_true_lag2,47.844867251696996,5.649141661027001
q90,gain,up_ro_w14,21.124061410625774,2.620701081343575
q90,gain,et0_w7,18.908994105578433,1.7117241672980201
q90,gain,et0_w14,10.218670849494325,1.3651175601755272
q90,gain,y_true_lag4,11.36232217310741,1.289171726103018
q90,gain,up_ro_w30,7.055075314513185,1.213336003518809
q90,gain,local_ro_w30,12.200877400143327,1.1145142175727347
q90,gain,coverage_prev,12.578242951693634,1.0239590093917326
q90,gain,et0_w30,8.68660107562755,0.9944296982666799
q90,gain,y_true_lag3,7.551292191259563,0.9484784395895841
q90,gain,up_tp_w30,5.9677181642036885,0.8129510475498596
q90,gain,month_sin,9.168425822009644,0.7862762229314252
q90,gain,up_tp_w14,6.142208342440426,0.6448307900705721
q90,gain,local_tp_w3,6.165441818535328,0.5133855536099465
q90,gain,county,5.182725032170613,0.4534412268192845
q90,gain,month,4.955888306101163,0.4437140544184401
q90,gain,gauge_w1,2.4181057112291455,0.41068022575700924
q90,gain,albert_chg7,2.5872363549036286,0.39986795636629147
q90,gain,local_tp_w30,3.791958348825574,0.38908654931769493
q90,gain,up_ro_w7,4.541319859986591,0.3540326263841576
q90,gain,up_ro_w1,2.889680910573285,0.31360976457916007
q90,gain,week_of_year,2.5512738606582084,0.3052004363813751
q90,gain,local_ro_w3,2.051743578631431,0.27304393886675876
q90,gain,local_tp_w7,1.8938483780560393,0.27247474941985644
q90,gain,up_tp_w1,2.3541887750228248,0.23834887169666097
q90,gain,local_ro_w7,2.513299161568284,0.22911488423546575
q90,gain,up_tp_w3,2.459939945349712,0.21397530027813308
q90,gain,local_ro_w14,2.625262183176043,0.20965509595733497
q90,gain,gauge_chg7,2.69359999017009,0.19693908748033107
q90,gain,albert_w14,1.674545913071294,0.1792119781137933
q90,gain,up_tp_w7,1.099281346425414,0.1443554749825591
q90,gain,up_ro_w3,1.6209608323988505,0.1342423575046974
q90,gain,cnty_ro_w7,0.7101702383952215,0.0924965779734323
q90,gain,albert_w7,0.7667853459715843,0.09078649430643633
q90,gain,albert_w3,1.2480180555333693,0.09006705650769838
q90,gain,local_tp_w1,1.0121084575851758,0.0793311885303364
q90,gain,net_w14,0.558858684458149,0.06641909340315527
q90,gain,gauge_w3,0.8892601697395245,0.06534615252999877
q90,gain,y_det_lag1,0.3023943205674489,0.0603595783831879
q90,gain,local_ro_w1,0.7368174629906813,0.05590027678887594
q90,gain,gauge_w14,0.49026193749159575,0.05544380881741615
q90,gain,net_w7,0.30354846889774006,0.05265315386183548
q90,gain,albert_w1,0.5991843056787426,0.04648028229465443
q90,gain,cnty_tp_w7,0.48011456802487373,0.041592819682658794
q90,gain,local_tp_w14,0.020992446535577376,0.0017539274350023722
q90,gain,gauge_w7,0.006122099856535594,0.00044182014136703347
q90,gain,month_cos,0.0,0.0
q90,gain,y_det_lag2,0.0,0.0
q90,gain,y_det_lag3,0.0,0.0
q90,gain,y_det_lag4,0.0,0.0
q90,split,y_true_lag1,55.666666666666664,10.103578399439668
q90,split,y_true_lag2,44.666666666666664,7.950322362514481
q90,split,up_ro_w14,37.0,6.3890800755860715
q90,split,det_dates_prev,35.0,6.386447627025167
q90,split,et0_w30,25.666666666666668,4.245492951077828
q90,split,y_true_lag4,20.666666666666668,3.813517197339083
q90,split,up_ro_w30,20.0,3.7287363994442693
q90,split,et0_w14,20.666666666666668,3.598602027088447
q90,split,local_ro_w30,19.666666666666668,3.538142596082006
q90,split,up_tp_w14,18.0,3.3206943678344785
q90,split,up_tp_w30,17.0,3.01511797098316
q90,split,y_true_lag3,15.666666666666666,2.7989083518250983
q90,split,et0_w7,14.0,2.641294105503325
q90,split,local_ro_w3,13.0,2.3734093701762897
q90,split,gauge_w1,12.666666666666666,2.372740370349551
q90,split,up_ro_w1,11.666666666666666,2.1652592262109986
q90,split,albert_chg7,12.333333333333334,2.0932500079927476
q90,split,up_ro_w7,9.0,1.9831683826188826
q90,split,gauge_chg7,8.333333333333334,1.9377880740365356
q90,split,up_ro_w3,9.0,1.9077850595703165
q90,split,up_tp_w1,9.666666666666666,1.685009195254934
q90,split,local_tp_w3,9.333333333333334,1.5266532926637495
q90,split,local_ro_w7,9.666666666666666,1.4928059546684984
q90,split,local_tp_w7,9.333333333333334,1.438326342931937
q90,split,week_of_year,8.666666666666666,1.3719429324735744
q90,split,county,7.0,1.3268340614619216
q90,split,month_sin,7.0,1.2767683825171205
q90,split,local_tp_w30,6.666666666666667,1.2556658900770934
q90,split,up_tp_w7,6.333333333333333,1.1597496838512285
q90,split,local_ro_w14,6.0,1.122528241025662
q90,split,albert_w14,5.0,1.0517308977755393
q90,split,cnty_ro_w7,6.0,0.9421294085970168
q90,split,up_tp_w3,5.333333333333333,0.8967491000146698
q90,split,local_ro_w1,4.666666666666667,0.8680573510805901
q90,split,albert_w1,3.6666666666666665,0.8435807538102478
q90,split,month,5.0,0.742138130388506
q90,split,gauge_w14,3.3333333333333335,0.7094032767973717
q90,split,cnty_tp_w7,4.0,0.6632813119456137
q90,split,local_tp_w1,3.3333333333333335,0.6469635804320522
q90,split,albert_w3,2.0,0.5012531328320802
q90,split,net_w7,2.6666666666666665,0.43355845684157823
q90,split,gauge_w3,1.6666666666666667,0.3967078421507176
q90,split,net_w14,1.6666666666666667,0.3213245191021517
q90,split,coverage_prev,1.6666666666666667,0.3170099768744029
q90,split,local_tp_w14,1.3333333333333333,0.22109377064853789
q90,split,albert_w7,1.3333333333333333,0.21677922842078912
q90,split,y_det_lag1,0.6666666666666666,0.12507817385866166
q90,split,gauge_w7,0.3333333333333333,0.0835421888053467
q90,split,month_cos,0.0,0.0
q90,split,y_det_lag2,0.0,0.0
q90,split,y_det_lag3,0.0,0.0
q90,split,y_det_lag4,0.0,0.0
