county,phase,month,flood_type,detected_pixels,crop_exposed_hectares,rangeland_exposed_hectares,crop_hectares,rangeland_hectares,crop_exposed_percent,rangeland_exposed_percent
Morobo,vegetative growth and flowering,8,recurring,52,2564.89357245291,10955.95230871207,22110.0558025888,53860.619596300836,11.600574848628806,20.341303889241797
Morobo,vegetative growth and flowering,8,unusual,36,1778.0170191125485,7648.671564510688,22110.0558025888,53860.619596300836,8.041666809833949,14.200860706466885
Morobo,maturation and harvest,10,recurring,47,2315.3141102368613,7699.5313653644325,22110.0558025888,53860.619596300836,10.471769636898738,14.295289254142258
Morobo,maturation and harvest,10,unusual,31,1533.7894888392823,4835.836406091279,22110.0558025888,53860.619596300836,6.937067470719344,8.978426988655373
Morobo,maturation and harvest,11,recurring,40,1968.3910742313935,8405.757315157232,22110.0558025888,53860.619596300836,8.902696093606968,15.60649947616745
Morobo,maturation and harvest,11,unusual,24,1186.6759820163884,6329.993603631006,22110.0558025888,53860.619596300836,5.367132460504438,11.752545089670214
Kajo-keji,vegetative growth and flowering,8,recurring,59,3647.824484053335,26093.047574229546,28006.047330741992,115740.51473030538,13.025131468835125,22.544437127336682
Kajo-keji,vegetative growth and flowering,8,unusual,41,2554.87465318452,16749.897446294035,28006.047330741992,115740.51473030538,9.122582073122674,14.471939653391104
Kajo-keji,maturation and harvest,10,recurring,44,2736.30304089924,17134.685624397527,28006.047330741992,115740.51473030538,9.77040068733878,14.804397288472572
Kajo-keji,maturation and harvest,10,unusual,30,1884.670276803435,11941.915180764057,28006.047330741992,115740.51473030538,6.72951186058537,10.317834864127486
Kajo-keji,maturation and harvest,11,recurring,42,2625.859390710881,16915.20649166769,28006.047330741992,115740.51473030538,9.376044251087508,14.614766947497104
Kajo-keji,maturation and harvest,11,unusual,29,1775.6051327997534,12916.689412527172,28006.047330741992,115740.51473030538,6.340077597636162,11.160041444973011
Lainya,vegetative growth and flowering,8,recurring,65,6660.086770777392,41362.55632485859,46360.1843370742,183911.8127467743,14.36596265958185,22.49042935692779
Lainya,vegetative growth and flowering,8,unusual,41,4220.4696941033935,30244.46940534755,46360.1843370742,183911.8127467743,9.103651666734827,16.445093413869373
Lainya,maturation and harvest,10,recurring,46,4699.721227880363,33596.21270377745,46360.1843370742,183911.8127467743,10.137408414319008,18.267566504841984
Lainya,maturation and harvest,10,unusual,30,3136.6543772175364,18538.683765679896,46360.1843370742,183911.8127467743,6.76583672405538,10.08020283678328
Lainya,maturation and harvest,11,recurring,50,5151.246275588149,34423.80355192709,46360.1843370742,183911.8127467743,11.111358484113493,18.717559811845675
Lainya,maturation and harvest,11,unusual,33,3367.181628020689,17978.31353057426,46360.1843370742,183911.8127467743,7.263089386225665,9.775507762151395
Yei,vegetative growth and flowering,8,recurring,63,11898.201519811388,50254.04982085744,84994.98537156523,224690.54767916133,13.99871000365145,22.36589404402355
Yei,vegetative growth and flowering,8,unusual,44,8390.711919429687,28503.711574592307,84994.98537156523,224690.54767916133,9.87200819289366,12.685763539680869
Yei,maturation and harvest,10,recurring,49,9225.148190254884,39696.24005079956,84994.98537156523,224690.54767916133,10.853755842095978,17.667071650687486
Yei,maturation and harvest,10,unusual,34,6346.048037424411,28709.751584698126,84994.98537156523,224690.54767916133,7.466379351301658,12.77746299577015
Yei,maturation and harvest,11,recurring,53,10031.895912345546,42912.06299567468,84994.98537156523,224690.54767916133,11.802926806199183,19.09829471640676
Yei,maturation and harvest,11,unusual,29,5439.901099028693,29813.18372361156,84994.98537156523,224690.54767916133,6.40026123335106,13.268552696832716
Juba,vegetative growth and flowering,8,recurring,72,30925.680629402883,120121.74640826418,192642.13245062303,471011.87472423166,16.05343557818515,25.50291252818056
Juba,vegetative growth and flowering,8,unusual,39,16852.619711904154,82241.29637816807,192642.13245062303,471011.87472423166,8.748148443707517,17.460556897067352
Juba,maturation and harvest,10,recurring,55,23726.397251639715,91575.22116878798,192642.13245062303,471011.87472423166,12.316307419261534,19.442231944237818
Juba,maturation and harvest,10,unusual,34,14342.681281060244,53248.93040713493,192642.13245062303,471011.87472423166,7.445246322081947,11.305220370146962
Juba,maturation and harvest,11,recurring,60,25610.67029995665,95963.06704930335,192642.13245062303,471011.87472423166,13.294428365259627,20.37381055530455
Juba,maturation and harvest,11,unusual,35,15158.913349826864,61187.342376093104,192642.13245062303,471011.87472423166,7.868950139301595,12.990615663759455
Terekeka,vegetative growth and flowering,8,recurring,85,32646.706198086646,167043.69252532188,171923.66630331802,510090.5260033184,18.989070498583583,32.747852392819226
Terekeka,vegetative growth and flowering,8,unusual,55,21170.08806100359,109226.64770800198,171923.66630331802,510090.5260033184,12.313655540392007,21.413188863517806
Terekeka,maturation and harvest,10,recurring,72,27484.13557486656,122906.39121302447,171923.66630331802,510090.5260033184,15.986243293798426,24.09501548206071
Terekeka,maturation and harvest,10,unusual,39,14853.52774011066,78247.7933144351,171923.66630331802,510090.5260033184,8.639606204014505,15.339981694528877
Terekeka,maturation and harvest,11,recurring,71,27250.470106173365,119504.54856572875,171923.66630331802,510090.5260033184,15.850330959145818,23.428105889767362
Terekeka,maturation and harvest,11,unusual,45,17062.946381904727,85252.99230745168,171923.66630331802,510090.5260033184,9.924722261216356,16.713306356702862
Magwi,vegetative growth and flowering,8,recurring,50,4096.813403423285,45912.23813460494,36986.21829375385,261061.9521731186,11.076594451709992,17.586721371086295
Magwi,vegetative growth and flowering,8,unusual,29,2414.4026571613317,33901.4351192999,36986.21829375385,261061.9521731186,6.527844068797568,12.985973190309544
Magwi,maturation and harvest,10,recurring,48,3971.5312643604148,43079.60739646719,36986.21829375385,261061.9521731186,10.73786790749331,16.501679788213533
Magwi,maturation and harvest,10,unusual,25,2069.6437958244837,21881.48422239948,36986.21829375385,261061.9521731186,5.595716164834295,8.381720905805976
Magwi,maturation and harvest,11,recurring,44,3641.699336041548,35058.287119083616,36986.21829375385,261061.9521731186,9.846098098265292,13.429106320263527
Magwi,maturation and harvest,11,unusual,31,2567.2715080246567,23671.657447253125,36986.21829375385,261061.9521731186,6.941157075413173,9.067448262838273
Ikotos,vegetative growth and flowering,8,recurring,53,3747.4892755101528,22515.657560157695,31532.26709681185,131378.55678132776,11.8846173159844,17.138000379798466
Ikotos,vegetative growth and flowering,8,unusual,30,2089.291102098747,15474.12411322119,31532.26709681185,131378.55678132776,6.625882927111163,11.7782722632408
Ikotos,maturation and harvest,10,recurring,39,2763.5832869808005,21189.46072017227,31532.26709681185,131378.55678132776,8.764302542839426,16.12855342553423
Ikotos,maturation and harvest,10,unusual,23,1645.8332160217903,10284.69883178915,31532.26709681185,131378.55678132776,5.2195207244968325,7.828293356051593
Ikotos,maturation and harvest,11,recurring,40,2825.0561873926645,17137.482693005604,31532.26709681185,131378.55678132776,8.959254907739568,13.04435298488625
Ikotos,maturation and harvest,11,unusual,25,1764.2606213447218,10785.549101242103,31532.26709681185,131378.55678132776,5.59509601998488,8.209520157230866
Kapoeta South,vegetative growth and flowering,8,recurring,55,2420.1373491654153,8937.783045140992,19941.429357209403,44192.33651927549,12.136228079811469,20.22473521227504
Kapoeta South,vegetative growth and flowering,8,unusual,38,1673.8229702332158,5266.193497703535,19941.429357209403,44192.33651927549,8.393696059846786,11.916531037924562
Kapoeta South,maturation and harvest,10,recurring,46,2040.4932493146985,6715.684045599377,19941.429357209403,44192.33651927549,10.23243225329282,15.196490103369344
Kapoeta South,maturation and harvest,10,unusual,22,992.6767853913492,4934.738477454411,19941.429357209403,44192.33651927549,4.9779620488060345,11.166502760726427
Kapoeta South,maturation and harvest,11,recurring,40,1783.9637783377193,5826.104808029437,19941.429357209403,44192.33651927549,8.946017591726768,13.18351838103932
Kapoeta South,maturation and harvest,11,unusual,30,1323.1724847124194,4468.113477891305,19941.429357209403,44192.33651927549,6.635294095576224,10.110607018803893
Budi,vegetative growth and flowering,8,recurring,49,10487.36726905545,54531.40240454821,95355.15512455082,312432.8131053449,10.99821740665943,17.453801302925733
Budi,vegetative growth and flowering,8,unusual,35,7510.412443249753,37834.24448658959,95355.15512455082,312432.8131053449,7.876252137013271,12.10956176803132
Budi,maturation and harvest,10,recurring,36,7578.964117121914,41547.185762701476,95355.15512455082,312432.8131053449,7.94814303140972,13.297958479378016
Budi,maturation and harvest,10,unusual,23,4800.792779112957,31153.988837732562,95355.15512455082,312432.8131053449,5.034644191855455,9.97142026411553
Budi,maturation and harvest,11,recurring,36,7616.837880718503,41872.90493860484,95355.15512455082,312432.8131053449,7.987861663870775,13.402211029763476
Budi,maturation and harvest,11,unusual,27,5740.096003121878,25445.965403759004,95355.15512455082,312432.8131053449,6.01970181436367,8.144459972320266
Torit,vegetative growth and flowering,8,recurring,61,6525.1172095289585,67103.7257488147,48498.92843189556,334452.2324220718,13.454147175007856,20.063769723663015
Torit,vegetative growth and flowering,8,unusual,41,4413.342082338,40780.69271183125,48498.92843189556,334452.2324220718,9.099875450929641,12.193278668377031
Torit,maturation and harvest,10,recurring,47,5034.781335942965,53014.55968683096,48498.92843189556,334452.2324220718,10.38122180990666,15.851160359404531
Torit,maturation and harvest,10,unusual,32,3484.764045000318,33881.52955824231,48498.92843189556,334452.2324220718,7.1852392571802595,10.130454000224619
Torit,maturation and harvest,11,recurring,43,4622.272442052339,56214.73603726068,48498.92843189556,334452.2324220718,9.53066921580164,16.80800143869838
Torit,maturation and harvest,11,unusual,32,3476.5083541410195,36085.92204506237,48498.92843189556,334452.2324220718,7.168216838074873,10.789559329214667
Kapoeta North,vegetative growth and flowering,8,recurring,64,11832.182628641518,50882.32894773991,82952.15823957657,230513.7323945853,14.263863508492017,22.073448041109035
Kapoeta North,vegetative growth and flowering,8,unusual,35,6403.357628888257,35194.324585146176,82952.15823957657,230513.7323945853,7.7193381881572405,15.267777854076725
Kapoeta North,maturation and harvest,10,recurring,51,9476.036481900077,43580.1444105341,82952.15823957657,230513.7323945853,11.423496004205287,18.905660828889424
Kapoeta North,maturation and harvest,10,unusual,31,5780.982535599884,27042.815833340133,82952.15823957657,230513.7323945853,6.969056210573397,11.73154221764506
Kapoeta North,maturation and harvest,11,recurring,52,9531.52168388195,35177.26533914457,82952.15823957657,230513.7323945853,11.49038419995497,15.260377320570804
Kapoeta North,maturation and harvest,11,unusual,35,6492.704000752437,23312.388467831704,82952.15823957657,230513.7323945853,7.827046503118904,10.113231964821244
Lafon,vegetative growth and flowering,8,recurring,70,14654.625933853582,124692.39589224626,94271.47314804717,547023.3093096673,15.545133055085977,22.794713455557424
Lafon,vegetative growth and flowering,8,unusual,37,7788.2129738283775,86988.78499416994,94271.47314804717,547023.3093096673,8.261473713895931,15.902208098581408
Lafon,maturation and harvest,10,recurring,53,11140.902041652247,112576.38560711754,94271.47314804717,547023.3093096673,11.817893228586966,20.579815099504028
Lafon,maturation and harvest,10,unusual,31,6564.6313318455295,62258.90256637593,94271.47314804717,547023.3093096673,6.9635395657138055,11.381398471839425
Lafon,maturation and harvest,11,recurring,49,10255.125056257573,105884.7901349358,94271.47314804717,547023.3093096673,10.878290869765632,19.35654081515472
Lafon,maturation and harvest,11,unusual,33,6820.0059250750055,63549.88291880782,94271.47314804717,547023.3093096673,7.234432323301698,11.617399448481734
Kapoeta East,vegetative growth and flowering,8,recurring,43,31176.951375191395,278796.92080723256,327928.8344946085,1639432.5569462792,9.507230867099604,17.00569624690991
Kapoeta East,vegetative growth and flowering,8,unusual,27,19635.746210210888,160646.21740829028,327928.8344946085,1639432.5569462792,5.987807153485833,9.798891496184574
Kapoeta East,maturation and harvest,10,recurring,35,25250.627040121766,217570.7024817244,327928.8344946085,1639432.5569462792,7.7000325631739805,13.27109807353019
Kapoeta East,maturation and harvest,10,unusual,25,17982.10834032118,171288.5705785081,327928.8344946085,1639432.5569462792,5.483539856455296,10.448040076595898
Kapoeta East,maturation and harvest,11,recurring,42,30459.587431626256,225916.2345894218,327928.8344946085,1639432.5569462792,9.288474884671064,13.780148114798271
Kapoeta East,maturation and harvest,11,unusual,22,16235.920961372201,167808.10308419605,327928.8344946085,1639432.5569462792,4.951050122321322,10.23574299370796
Awerial,vegetative growth and flowering,8,recurring,97,15134.88921491536,90940.55048704735,70454.57209225051,243609.60138930887,21.481770118621,37.330445913630726
Awerial,vegetative growth and flowering,8,unusual,66,10284.957944795347,54708.06391112572,70454.57209225051,243609.60138930887,14.597999305607333,22.457269171299032
Awerial,maturation and harvest,10,recurring,81,12740.827880892817,70868.28323806754,70454.57209225051,243609.60138930887,18.083748864744315,29.090923688518334
Awerial,maturation and harvest,10,unusual,48,7567.602391929413,45146.54968331668,70454.57209225051,243609.60138930887,10.741109011379255,18.532335928405654
Awerial,maturation and harvest,11,recurring,82,12813.126206094039,72231.8553394674,70454.57209225051,243609.60138930887,18.186365803651498,29.650660289055992
Awerial,maturation and harvest,11,unusual,53,8298.19908965769,42380.059285650874,70454.57209225051,243609.60138930887,11.778084577381787,17.396711395592302
Yirol West,vegetative growth and flowering,8,recurring,118,6978.605170877623,49928.34022674384,26621.479577871927,126324.05944120283,26.214189750288405,39.52401501946891
Yirol West,vegetative growth and flowering,8,unusual,67,3939.0024650918976,30472.197763718876,26621.479577871927,126324.05944120283,14.796331862658906,24.12224393240155
Yirol West,maturation and harvest,10,recurring,84,4975.461954302159,39466.90137624113,26621.479577871927,126324.05944120283,18.689652240207636,31.24258478616331
Yirol West,maturation and harvest,10,unusual,56,3321.2758580380573,22689.475386419315,26621.479577871927,126324.05944120283,12.475925120250412,17.961325409258293
Yirol West,maturation and harvest,11,recurring,89,5293.097642378287,39879.2481105729,26621.479577871927,126324.05944120283,19.88280789163187,31.569004579950647
Yirol West,maturation and harvest,11,unusual,53,3148.8772002952246,23033.58444872632,26621.479577871927,126324.05944120283,11.82833279827394,18.233727249279255
Wulu,vegetative growth and flowering,8,recurring,95,41292.08929131915,163128.25751075926,196019.86709848198,468856.35276757716,21.06525726322101,34.79280093952906
Wulu,vegetative growth and flowering,8,unusual,63,27476.441471825292,97879.63898588097,196019.86709848198,468856.35276757716,14.017171768625323,20.876253122755948
Wulu,maturation and harvest,10,recurring,77,33378.608657193385,123065.51041745837,196019.86709848198,468856.35276757716,17.028176353381415,26.24802024991752
Wulu,maturation and harvest,10,unusual,43,18542.060431465918,69760.88069023321,196019.86709848198,468856.35276757716,9.459276095800146,14.87894539093838
Wulu,maturation and harvest,11,recurring,70,30505.132710727496,114896.95796403271,196019.86709848198,468856.35276757716,15.562265785743783,24.50579101377555
Wulu,maturation and harvest,11,unusual,46,20179.290036535116,69895.04211858341,196019.86709848198,468856.35276757716,10.294512661003324,14.907560003400869
Rumbek East,vegetative growth and flowering,8,recurring,120,15703.041788850138,91365.13215761138,58758.62526139827,214736.59071894336,26.72465824207483,42.54753782376757
Rumbek East,vegetative growth and flowering,8,unusual,70,9194.147941476996,56402.137005171324,58758.62526139827,214736.59071894336,15.64731628858773,26.265731804875724
Rumbek East,maturation and harvest,10,recurring,93,12197.589936380316,69113.31533082225,58758.62526139827,214736.59071894336,20.7588075488784,32.18516001368429
Rumbek East,maturation and harvest,10,unusual,54,7089.679377232019,44266.73137266735,58758.62526139827,214736.59071894336,12.065767954393607,20.61443335039513
Rumbek East,maturation and harvest,11,recurring,93,12119.028317963897,72335.85280415708,58758.62526139827,214736.59071894336,20.62510527441755,33.68585324092874
Rumbek East,maturation and harvest,11,unusual,61,7968.452367153726,45424.48565720397,58758.62526139827,214736.59071894336,13.56133219881275,21.153584261127403
Cueibet,vegetative growth and flowering,8,recurring,113,11139.554294387375,105918.29536154315,44171.594456432926,254329.14928490605,25.218818635524865,41.64614856745766
Cueibet,vegetative growth and flowering,8,unusual,73,7155.168951602386,59636.69531005102,44171.594456432926,254329.14928490605,16.19857521480152,23.44862768492355
Cueibet,maturation and harvest,10,recurring,85,8300.695338397067,78542.28874121544,44171.594456432926,254329.14928490605,18.791930516758143,30.882141886626748
Cueibet,maturation and harvest,10,unusual,48,4744.225791845811,50431.93535915629,44171.594456432926,254329.14928490605,10.74044496293904,19.82939647341058
Cueibet,maturation and harvest,11,recurring,90,8865.049372949878,77655.2405214189,44171.594456432926,254329.14928490605,20.06957068686665,30.53336227473773
Cueibet,maturation and harvest,11,unusual,53,5201.127245315763,49462.13403777158,44171.594456432926,254329.14928490605,11.774823411560813,19.448079064803864
Rumbek North,vegetative growth and flowering,8,recurring,136,7489.674097687019,101067.690118329,24819.080043369144,207890.82852695143,30.177081844288654,48.61575223614368
Rumbek North,vegetative growth and flowering,8,unusual,83,4595.371299366401,61295.26163037814,24819.080043369144,207890.82852695143,18.515477976364945,29.484351024379936
Rumbek North,maturation and harvest,10,recurring,99,5462.3195719564055,78934.8911720755,24819.080043369144,207890.82852695143,22.00854972227611,37.96939563490277
Rumbek North,maturation and harvest,10,unusual,64,3519.2320271223352,48222.58612567794,24819.080043369144,207890.82852695143,14.179542597762644,23.196110413993686
Rumbek North,maturation and harvest,11,recurring,101,5565.430524584013,74268.45009016729,24819.080043369144,207890.82852695143,22.42400006309225,35.724736207176626
Rumbek North,maturation and harvest,11,unusual,66,3653.2834126903545,45524.23254785899,24819.080043369144,207890.82852695143,14.719656837830273,21.898143785576924
Rumbek Centre,vegetative growth and flowering,8,recurring,126,13695.955720513068,74163.16600533573,48768.549404444886,173142.38086119833,28.08358232460526,42.83362954607256
Rumbek Centre,vegetative growth and flowering,8,unusual,73,7891.862510966983,43306.340257405485,48768.549404444886,173142.38086119833,16.182278553168736,25.011981492920867
Rumbek Centre,maturation and harvest,10,recurring,96,10383.263762802715,61941.85573795011,48768.549404444886,173142.38086119833,21.290901389526173,35.7750975987829
Rumbek Centre,maturation and harvest,10,unusual,57,6177.76150062203,37986.301710571046,48768.549404444886,173142.38086119833,12.667511287631152,21.939343516953958
Rumbek Centre,maturation and harvest,11,recurring,94,10148.059612865067,61624.43098286983,48768.549404444886,173142.38086119833,20.808614848692113,35.591765965302166
Rumbek Centre,maturation and harvest,11,unusual,57,6214.7365048086995,35027.42074134499,48768.549404444886,173142.38086119833,12.74332860153161,20.230414163834993
Yirol East,vegetative growth and flowering,8,recurring,123,21661.632177330142,103013.81548649578,79502.1149671149,242715.64401584532,27.24661122070805,42.44218204565779
Yirol East,vegetative growth and flowering,8,unusual,71,12496.532286445945,67081.16599336761,79502.1149671149,242715.64401584532,15.718490371752985,27.637759512933712
Yirol East,maturation and harvest,10,recurring,100,17672.773660094655,79083.34165916416,79502.1149671149,242715.64401584532,22.22931260055759,32.58271298491222
Yirol East,maturation and harvest,10,unusual,59,10355.16804477529,45625.791758647254,79502.1149671149,242715.64401584532,13.025022100429128,18.79804325907754
Yirol East,maturation and harvest,11,recurring,93,16420.837457775717,81801.26827822141,79502.1149671149,242715.64401584532,20.65459197477702,33.702511681892716
Yirol East,maturation and harvest,11,unusual,60,10685.96967848493,45722.23879577594,79502.1149671149,242715.64401584532,13.44111371490564,18.8377798971998
Aweil South,vegetative growth and flowering,8,recurring,85,5734.920414761562,19116.32533014866,30503.11511664916,64590.03431542179,18.801097503747535,29.596400640995423
Aweil South,vegetative growth and flowering,8,unusual,48,3270.441575556566,12146.904370435444,30503.11511664916,64590.03431542179,10.721664207245178,18.806158719651272
Aweil South,maturation and harvest,10,recurring,60,4085.131984805441,13854.433104019243,30503.11511664916,64590.03431542179,13.392507516636229,21.449799881452144
Aweil South,maturation and harvest,10,unusual,35,2343.830496389387,8884.794100047267,30503.11511664916,64590.03431542179,7.683905356637104,13.755673292661335
Aweil South,maturation and harvest,11,recurring,59,3979.4265257415673,14370.566762404713,30503.11511664916,64590.03431542179,13.04596763485813,22.248891666827205
Aweil South,maturation and harvest,11,unusual,34,2304.2212999690496,8269.912922797814,30503.11511664916,64590.03431542179,7.5540524013934665,12.803697985996045
Aweil Centre,vegetative growth and flowering,8,recurring,64,27590.575747059236,148309.52542766745,194341.16232023665,599847.6828067736,14.196979897442057,24.724530856517752
Aweil Centre,vegetative growth and flowering,8,unusual,43,18774.665313961254,81715.8517604784,194341.16232023665,599847.6828067736,9.660673575176132,13.622766929450853
Aweil Centre,maturation and harvest,10,recurring,51,21878.101147873575,121729.16029486986,194341.16232023665,599847.6828067736,11.25757450797927,20.29334509142081
Aweil Centre,maturation and harvest,10,unusual,36,15477.129084578624,77846.40358011315,194341.16232023665,599847.6828067736,7.963896531129782,12.977695140182695
Aweil Centre,maturation and harvest,11,recurring,53,22814.959192474373,115774.68964063386,194341.16232023665,599847.6828067736,11.739643274788968,19.30068131611469
Aweil Centre,maturation and harvest,11,unusual,33,14359.767453230565,77379.59268446095,194341.16232023665,599847.6828067736,7.388948013786417,12.899873568301658
Aweil West,vegetative growth and flowering,8,recurring,64,10557.267195718901,30446.123197371646,74106.92961162205,133096.99707884004,14.245991907972968,22.875139083218293
Aweil West,vegetative growth and flowering,8,unusual,34,5647.405710585419,18236.99106552481,74106.92961162205,133096.99707884004,7.620617586212541,13.702030448306902
Aweil West,maturation and harvest,10,recurring,53,8797.892983426083,25728.539448554093,74106.92961162205,133096.99707884004,11.871889753810994,19.33066862005443
Aweil West,maturation and harvest,10,unusual,35,5683.827811941394,13178.28478611916,74106.92961162205,133096.99707884004,7.6697656234431415,9.901263796592646
Aweil West,maturation and harvest,11,recurring,48,7826.964061989384,21624.437773397687,74106.92961162205,133096.99707884004,10.561716836750307,16.247126718109534
Aweil West,maturation and harvest,11,unusual,33,5442.84168934205,16487.998561395274,74106.92961162205,133096.99707884004,7.344578594561633,12.387956845959947
Aweil North,vegetative growth and flowering,8,recurring,56,13371.939629404827,72232.50283706147,106667.21919250018,356589.3047632304,12.536128466302994,20.25649728474686
Aweil North,vegetative growth and flowering,8,unusual,43,10144.307223110978,53815.01578748728,106667.21919250018,356589.3047632304,9.51023875929844,15.091595588717837
Aweil North,maturation and harvest,10,recurring,47,11191.549328990764,59855.50924319171,106667.21919250018,356589.3047632304,10.492023147986638,16.785559309731628
Aweil North,maturation and harvest,10,unusual,31,7396.351493625172,40736.35850033823,106667.21919250018,356589.3047632304,6.9340436074152505,11.423886795311073
Aweil North,maturation and harvest,11,recurring,45,10641.78220227676,59480.22997612955,106667.21919250018,356589.3047632304,9.9766191364488,16.680317996532025
Aweil North,maturation and harvest,11,unusual,32,7574.734522314061,35168.30973584249,106667.21919250018,356589.3047632304,7.101276830554746,9.862412940061029
Aweil East,vegetative growth and flowering,8,recurring,76,19778.587499739417,61573.23596012556,116770.1816034823,226614.05526659772,16.938046364355046,27.17096955336172
Aweil East,vegetative growth and flowering,8,unusual,46,11948.763086970448,35474.9869825436,116770.1816034823,226614.05526659772,10.232717739144215,15.654363071526799
Aweil East,maturation and harvest,10,recurring,59,15420.83226869217,43804.05735425088,116770.1816034823,226614.05526659772,13.206138807813836,19.32980604522436
Aweil East,maturation and harvest,10,unusual,36,9248.570628197334,27563.409080453122,116770.1816034823,226614.05526659772,7.920318784467425,12.163150713677686
Aweil East,maturation and harvest,11,recurring,54,14132.929275961285,51368.149126122415,116770.1816034823,226614.05526659772,12.1032005618974,22.66768010734855
Aweil East,maturation and harvest,11,unusual,39,10162.346347414257,27061.02101479068,116770.1816034823,226614.05526659772,8.702860788486774,11.941457462978201
Panyijiar,vegetative growth and flowering,8,recurring,149,31108.050831060988,92565.2551494864,93971.22773397776,176430.13648018503,33.10380377185713,52.46567111275939
Panyijiar,vegetative growth and flowering,8,unusual,93,19371.029171993043,57141.90793471299,93971.22773397776,176430.13648018503,20.6137874742153,32.38783865087053
Panyijiar,maturation and harvest,10,recurring,111,23170.209149909282,69338.17632805879,93971.22773397776,176430.13648018503,24.656705790310202,39.30064200559421
Panyijiar,maturation and harvest,10,unusual,70,14614.654075425904,44873.90686192711,93971.22773397776,176430.13648018503,15.552264696166775,25.434377457938954
Panyijiar,maturation and harvest,11,recurring,120,24966.521989508645,72534.89967827141,93971.22773397776,176430.13648018503,26.56826200056269,41.11253390455652
Panyijiar,maturation and harvest,11,unusual,72,14952.647416876085,45453.476113131204,93971.22773397776,176430.13648018503,15.91194217362509,25.76287533407656
Mayendit,vegetative growth and flowering,8,recurring,144,12928.094247483545,61831.55044313829,40364.291750004166,116170.96927762292,32.028542275815376,53.22461440032798
Mayendit,vegetative growth and flowering,8,unusual,91,8173.619159459515,34992.853442320324,40364.291750004166,116170.96927762292,20.24962858281459,30.121857173021553
Mayendit,maturation and harvest,10,recurring,113,10146.077145507556,46253.27010033988,40364.291750004166,116170.96927762292,25.13626947388841,39.8148267058053
Mayendit,maturation and harvest,10,unusual,65,5806.473401808435,27013.42614969789,40364.291750004166,116170.96927762292,14.385173503775984,23.253164123251633
Mayendit,maturation and harvest,11,recurring,110,9886.542246461551,46354.03944642514,40364.291750004166,116170.96927762292,24.4932880470039,39.901568984630956
Mayendit,maturation and harvest,11,unusual,67,5992.9148976692595,28448.67471289117,40364.291750004166,116170.96927762292,14.847070610792127,24.488626452711372
Leer,vegetative growth and flowering,8,recurring,154,3529.1748797337946,41847.47752776479,10301.90238072312,75200.68206054294,34.25750651974312,55.64773667089086
Leer,vegetative growth and flowering,8,unusual,95,2164.856195434492,25859.060990640915,10301.90238072312,75200.68206054294,21.014140062959267,34.38673730355554
Leer,maturation and harvest,10,recurring,125,2854.176311835335,31099.935704604693,10301.90238072312,75200.68206054294,27.70533253330044,41.3559223832127
Leer,maturation and harvest,10,unusual,73,1677.954645789391,19098.710031928455,10301.90238072312,75200.68206054294,16.287813490925455,25.396990437603172
Leer,maturation and harvest,11,recurring,124,2834.5108292407917,31846.583561707535,10301.90238072312,75200.68206054294,27.5144407749846,42.348796166593715
Leer,maturation and harvest,11,unusual,76,1731.0704152870017,19844.100140985778,10301.90238072312,75200.68206054294,16.80340534507659,26.388191698859316
Koch,vegetative growth and flowering,8,recurring,141,21469.71643277904,130260.05993605353,68528.57620049351,266890.64624980517,31.329581939606133,48.806528728673506
Koch,vegetative growth and flowering,8,unusual,86,13056.975385139696,73593.1842162146,68528.57620049351,266890.64624980517,19.053329441631778,27.574283793869874
Koch,maturation and harvest,10,recurring,99,15094.22455739315,99303.49456634067,68528.57620049351,266890.64624980517,22.02617563982666,37.20755896158094
Koch,maturation and harvest,10,unusual,68,10399.291917652232,62213.2483701655,68528.57620049351,266890.64624980517,15.175117438931032,23.310389196605616
Koch,maturation and harvest,11,recurring,102,15543.27046803207,100751.51620394111,68528.57620049351,266890.64624980517,22.681443756480867,37.75011137319491
Koch,maturation and harvest,11,unusual,58,8798.358050324563,59660.52659300964,68528.57620049351,266890.64624980517,12.838962281345635,22.35392188947993
Mayom,vegetative growth and flowering,8,recurring,108,8407.745605975751,46650.161221703565,35104.94382823927,116035.92969176179,23.950317787468887,40.20320373665743
Mayom,vegetative growth and flowering,8,unusual,67,5238.057365812634,25347.157883718744,35104.94382823927,116035.92969176179,14.921138718926002,21.84423217106203
Mayom,maturation and harvest,10,recurring,84,6544.790469296902,36253.924642141596,35104.94382823927,116035.92969176179,18.643500759662558,31.243705926644132
Mayom,maturation and harvest,10,unusual,57,4447.405597033334,23277.155275424306,35104.94382823927,116035.92969176179,12.668886806352706,20.060299716870293
Mayom,maturation and harvest,11,recurring,79,6186.52871861643,33777.8612880863,35104.94382823927,116035.92969176179,17.622955754852498,29.109829496617056
Mayom,maturation and harvest,11,unusual,49,3791.936784699579,21136.2323085557,35104.94382823927,116035.92969176179,10.80171728304904,18.215247953545127
Guit,vegetative growth and flowering,8,recurring,128,13404.590553399816,47980.54029439242,47038.505177034436,106606.03572068749,28.497058958294293,45.00733937814135
Guit,vegetative growth and flowering,8,unusual,73,7638.364986537372,28471.015700878186,47038.505177034436,106606.03572068749,16.23853682805091,26.706757744442818
Guit,maturation and harvest,10,recurring,95,9941.777013747378,36249.329227204624,47038.505177034436,106606.03572068749,21.13540168066659,34.00307401185001
Guit,maturation and harvest,10,unusual,62,6429.196251066414,20605.418440457895,47038.505177034436,106606.03572068749,13.667943372922775,19.328566437312233
Guit,maturation and harvest,11,recurring,97,10108.660179366483,34222.97340326756,47038.505177034436,106606.03572068749,21.490181589150126,32.10228498969163
Guit,maturation and harvest,11,unusual,57,5957.692530788334,22463.430430219345,47038.505177034436,106606.03572068749,12.665565175521461,21.07144335530356
Rubkona,vegetative growth and flowering,8,recurring,111,4609.015871975345,42282.61512964057,18761.742483903232,104601.2983670237,24.56603311728472,40.42264846587265
Rubkona,vegetative growth and flowering,8,unusual,71,2941.214620023924,27881.107434108053,18761.742483903232,104601.2983670237,15.676660217180572,26.654647570701446
Rubkona,maturation and harvest,10,recurring,86,3567.2820795467496,31366.526336615534,18761.742483903232,104601.2983670237,19.013596858646387,29.986746652567415
Rubkona,maturation and harvest,10,unusual,53,2205.0929205544267,18657.72555352521,18761.742483903232,104601.2983670237,11.753134989707387,17.836992317303004
Rubkona,maturation and harvest,11,recurring,83,3459.6204738027104,33157.29858768074,18761.742483903232,104601.2983670237,18.439761001788163,31.69874476255432
Rubkona,maturation and harvest,11,unusual,58,2423.108995256273,21648.79830985339,18761.742483903232,104601.2983670237,12.91515965180311,20.696491007111945
Abiemnhom,vegetative growth and flowering,8,recurring,100,3440.7380745812675,25958.108105108335,15508.257618212267,74126.25221702112,22.18649031558906,35.01877854165645
Abiemnhom,vegetative growth and flowering,8,unusual,63,2163.148396099543,15995.38605433591,15508.257618212267,74126.25221702112,13.948365118459403,21.57857112147779
Abiemnhom,maturation and harvest,10,recurring,72,2464.930746338289,19679.92032593221,15508.257618212267,74126.25221702112,15.894311321238142,26.549191058944757
Abiemnhom,maturation and harvest,10,unusual,52,1786.8209271191863,12597.860821351622,15508.257618212267,74126.25221702112,11.521738747883687,16.99514064796987
Abiemnhom,maturation and harvest,11,recurring,80,2766.500669079572,20029.001368726396,15508.257618212267,74126.25221702112,17.838887753777744,27.020118742934734
Abiemnhom,maturation and harvest,11,unusual,49,1699.7698890579798,11582.314533122677,15508.257618212267,74126.25221702112,10.960418190769795,15.625118209420425
Pariang,vegetative growth and flowering,8,recurring,101,30015.024541781102,174890.04796721088,133506.0856845012,481176.8174573324,22.48213958778777,36.3463162858462
Pariang,vegetative growth and flowering,8,unusual,63,18810.572252224963,112252.03629203822,133506.0856845012,481176.8174573324,14.089674006829709,23.328645981992263
Pariang,maturation and harvest,10,recurring,83,24580.23271016667,142585.28296496478,133506.0856845012,481176.8174573324,18.41132004143554,29.632616907527616
Pariang,maturation and harvest,10,unusual,52,15500.558844113059,85924.90310260665,133506.0856845012,481176.8174573324,11.610376234641212,17.857240828154797
Pariang,maturation and harvest,11,recurring,82,24371.176046849738,129886.12508912772,133506.0856845012,481176.8174573324,18.254730428126845,26.99342952045797
Pariang,maturation and harvest,11,unusual,46,13672.144465669631,85786.27422097744,133506.0856845012,481176.8174573324,10.240839880497552,17.82843044565097
Tonj South,vegetative growth and flowering,8,recurring,105,25722.952667068013,145481.52825008557,110628.00996654967,401412.7866209433,23.25175394083813,36.24237520551748
Tonj South,vegetative growth and flowering,8,unusual,59,14561.796786237994,87530.41483796522,110628.00996654967,401412.7866209433,13.162847989981028,21.80558710518127
Tonj South,maturation and harvest,10,recurring,73,17944.17660161268,113858.37283946625,110628.00996654967,401412.7866209433,16.220283278202707,28.364411058729786
Tonj South,maturation and harvest,10,unusual,43,10682.415269289788,63630.358226102566,110628.00996654967,401412.7866209433,9.6561578505478,15.851602227656272
Tonj South,maturation and harvest,11,recurring,80,19649.733394804556,104471.56308745849,110628.00996654967,401412.7866209433,17.76198758410822,26.02596792366549
Tonj South,maturation and harvest,11,unusual,49,12062.467692215097,71546.05769187114,110628.00996654967,401412.7866209433,10.903628923508972,17.82356219744254
Tonj East,vegetative growth and flowering,8,recurring,119,18189.264262463912,55975.149149819954,68495.46348141255,123001.78582185322,26.555429130572843,45.50759062221281
Tonj East,vegetative growth and flowering,8,unusual,72,11034.457006224664,34722.065594935244,68495.46348141255,123001.78582185322,16.10976325347307,28.228911769804824
Tonj East,maturation and harvest,10,recurring,92,14040.5401599933,42339.849754845614,68495.46348141255,123001.78582185322,20.498496464373073,34.42214230626501
Tonj East,maturation and harvest,10,unusual,54,8176.300446558693,25056.483157084243,68495.46348141255,123001.78582185322,11.93699557749175,20.370828756400513
Tonj East,maturation and harvest,11,recurring,100,15234.23765923749,42452.23281156122,68495.46348141255,123001.78582185322,22.241235966483487,34.51350931851179
Tonj East,maturation and harvest,11,unusual,60,9169.839767064195,24187.00902891845,68495.46348141255,123001.78582185322,13.387514006022593,19.663949484399474
Tonj North,vegetative growth and flowering,8,recurring,109,46860.9533895585,204557.725984998,194069.7428617275,534645.7123293271,24.146449981616346,38.260425786225326
Tonj North,vegetative growth and flowering,8,unusual,63,26977.24380022848,120086.61867518561,194069.7428617275,534645.7123293271,13.90079844617997,22.460971051651406
Tonj North,maturation and harvest,10,recurring,91,39425.93170720169,162169.6865392039,194069.7428617275,534645.7123293271,20.31534185897913,30.332177514838428
Tonj North,maturation and harvest,10,unusual,51,21864.528801737444,99488.34873236982,194069.7428617275,534645.7123293271,11.266325435034803,18.608275805471667
Tonj North,maturation and harvest,11,recurring,86,36990.14158901788,159605.83678155675,194069.7428617275,534645.7123293271,19.060231153793477,29.852635698917553
Tonj North,maturation and harvest,11,unusual,48,20863.107008585717,92903.24301302996,194069.7428617275,534645.7123293271,10.750314140133861,17.3765992825926
Gogrial East,vegetative growth and flowering,8,recurring,106,13603.194675003288,63126.14182157525,57603.420212083234,175156.23694229795,23.615255179153063,36.03990524320925
Gogrial East,vegetative growth and flowering,8,unusual,62,7879.1249644942745,41469.66363709226,57603.420212083234,175156.23694229795,13.67822420176624,23.675813297332763
Gogrial East,maturation and harvest,10,recurring,78,10022.096146836484,48862.7166123572,57603.420212083234,175156.23694229795,17.398439380747377,27.896646711161154
Gogrial East,maturation and harvest,10,unusual,47,5960.530552452944,31639.8241093996,57603.420212083234,175156.23694229795,10.347528897602903,18.06377247064446
Gogrial East,maturation and harvest,11,recurring,77,9864.531968711277,49467.63754338537,57603.420212083234,175156.23694229795,17.12490670240104,28.242007482543475
Gogrial East,maturation and harvest,11,unusual,48,6081.832358112704,30367.019789616686,57603.420212083234,175156.23694229795,10.558109806189847,17.337104472974346
Gogrial West,vegetative growth and flowering,8,recurring,87,13684.792910307664,57347.416949188206,70557.95240283373,176852.991291334,19.395110606636678,32.42660275659035
Gogrial West,vegetative growth and flowering,8,unusual,60,9392.883141849548,36126.32161043587,70557.95240283373,176852.991291334,13.312295527261238,20.427317257486557
Gogrial West,maturation and harvest,10,recurring,68,10591.344996238015,47239.14258321493,70557.95240283373,176852.991291334,15.010845178399265,26.71096611840554
Gogrial West,maturation and harvest,10,unusual,41,6497.106693221294,30814.63171403842,70557.95240283373,176852.991291334,9.20818486359641,17.42386797590365
Gogrial West,maturation and harvest,11,recurring,66,10386.068072529619,47498.449408713226,70557.95240283373,176852.991291334,14.71991139033181,26.857588928460892
Gogrial West,maturation and harvest,11,unusual,38,6026.465304051559,28904.519365231918,70557.95240283373,176852.991291334,8.541156735451871,16.34381140753047
Twic,vegetative growth and flowering,8,recurring,95,12442.362622169947,64056.884590577654,58994.44653063657,196779.8333772468,21.09073540626993,32.55256572342662
Twic,vegetative growth and flowering,8,unusual,51,6660.799000919059,38140.99963928374,58994.44653063657,196779.8333772468,11.290552573385057,19.382575431987277
Twic,maturation and harvest,10,recurring,72,9492.69321489326,50835.9322487334,58994.44653063657,196779.8333772468,16.09082510836606,25.83391365683077
Twic,maturation and harvest,10,unusual,40,5297.368192793656,28977.193206521664,58994.44653063657,196779.8333772468,8.979435360992268,14.725692521026511
Twic,maturation and harvest,11,recurring,71,9263.18069016675,51484.23108744595,58994.44653063657,196779.8333772468,15.70178421007181,26.163367558476118
Twic,maturation and harvest,11,unusual,48,6267.243192430868,27666.479272358276,58994.44653063657,196779.8333772468,10.623446037715107,14.059611087950687
Wau,vegetative growth and flowering,8,recurring,67,49798.06785527674,291941.9682530577,332077.63626657636,1120450.7557977622,14.995911322164794,26.05576075007372
Wau,vegetative growth and flowering,8,unusual,46,34004.4332884497,183472.95620580993,332077.63626657636,1120450.7557977622,10.239904641200388,16.374923686420917
Wau,maturation and harvest,10,recurring,58,42826.34875603908,227294.60629283334,332077.63626657636,1120450.7557977622,12.896486869010381,20.285996962981148
Wau,maturation and harvest,10,unusual,33,24701.761909912326,126082.8672114273,332077.63626657636,1120450.7557977622,7.43855027023949,11.252870022088224
Wau,maturation and harvest,11,recurring,53,39444.20239611379,237912.16939410512,332077.63626657636,1120450.7557977622,11.878006251661533,21.233612290681297
Wau,maturation and harvest,11,unusual,33,24263.889360287194,158979.56804504214,332077.63626657636,1120450.7557977622,7.30669178240274,14.188893819956283
Jur River,vegetative growth and flowering,8,recurring,93,21658.829886747637,123224.55872602608,104538.01941896262,403104.6235362412,20.718615109728052,30.56887753979025
Jur River,vegetative growth and flowering,8,unusual,51,11799.028487804519,86056.08124209574,104538.01941896262,403104.6235362412,11.28682995276285,21.348324037359706
Jur River,maturation and harvest,10,recurring,69,16085.304033594666,93906.74714724967,104538.01941896262,403104.6235362412,15.387037293225092,23.295874486244134
Jur River,maturation and harvest,10,unusual,39,9041.59623904542,67526.81146947856,104538.01941896262,403104.6235362412,8.649098470872048,16.751683688740314
Jur River,maturation and harvest,11,recurring,70,16240.128830777865,92689.65416722953,104538.01941896262,403104.6235362412,15.535141110423597,22.993944687140573
Jur River,maturation and harvest,11,unusual,47,10926.16390007903,60790.772554527095,104538.01941896262,403104.6235362412,10.451856617150606,15.080643834158774
Raga,vegetative growth and flowering,8,recurring,49,121898.17479779167,351950.1470729586,1127763.120358301,2201120.9353110553,10.808845634095878,15.989587006641328
Raga,vegetative growth and flowering,8,unusual,30,75950.11736316407,217382.05866522598,1127763.120358301,2201120.9353110553,6.734580692710894,9.875970701014948
Raga,maturation and harvest,10,recurring,36,90313.2965119344,281795.25809768005,1127763.120358301,2201120.9353110553,8.00817963290385,12.80235236406298
Raga,maturation and harvest,10,unusual,23,57056.035834599825,242270.13139216695,1127763.120358301,2201120.9353110553,5.059221640132423,11.006670624298529
Raga,maturation and harvest,11,recurring,33,82735.16251132518,301781.065306132,1127763.120358301,2201120.9353110553,7.336218131076979,13.710335514276743
Raga,maturation and harvest,11,unusual,27,66815.4687169157,215058.5592687529,1127763.120358301,2201120.9353110553,5.924601320150262,9.770410876509224
Maridi,vegetative growth and flowering,8,recurring,83,21272.536860821703,115699.66378695723,114964.38515514116,400837.94865980104,18.503588595820368,28.8644486316224
Maridi,vegetative growth and flowering,8,unusual,52,13200.192049630674,69443.42172945333,114964.38515514116,400837.94865980104,11.481983774207455,17.324562697129085
Maridi,maturation and harvest,10,recurring,62,15928.668175518551,86355.84574258371,114964.38515514116,400837.94865980104,13.85530671435616,21.543829877214442
Maridi,maturation and harvest,10,unusual,35,9062.77251278449,51708.12783806658,114964.38515514116,400837.94865980104,7.8831131054669985,12.900008098273219
Maridi,maturation and harvest,11,recurring,59,15074.653514553589,84151.5421597704,114964.38515514116,400837.94865980104,13.112455213160818,20.993906001447844
Maridi,maturation and harvest,11,unusual,38,9800.682960701843,50653.90230784341,114964.38515514116,400837.94865980104,8.524973144923186,12.63700267831536
Mundri West,vegetative growth and flowering,8,recurring,82,12600.476414967492,95881.87095131895,69554.65638978384,338789.5547466603,18.115935106277437,28.301306698495292
Mundri West,vegetative growth and flowering,8,unusual,49,7549.072929286983,66400.68805422193,69554.65638978384,338789.5547466603,10.853440044304191,19.599390572674228
Mundri West,maturation and harvest,10,recurring,69,10645.349869690375,82511.48257845413,69554.65638978384,338789.5547466603,15.305013959143015,24.35478940316046
Mundri West,maturation and harvest,10,unusual,37,5796.055077299135,46991.00260097551,69554.65638978384,338789.5547466603,8.333094257296134,13.870263100677468
Mundri West,maturation and harvest,11,recurring,69,10703.142661733835,74884.18347439652,69554.65638978384,338789.5547466603,15.388103711926192,22.103451073157593
Mundri West,maturation and harvest,11,unusual,36,5536.1158905672955,45557.905040495156,69554.65638978384,338789.5547466603,7.959374940396425,13.44725786323678
Mundri East,vegetative growth and flowering,8,recurring,90,17945.254589874326,58129.88269946753,90034.48048254864,203138.88418591174,19.931535666885587,28.615832430322566
Mundri East,vegetative growth and flowering,8,unusual,55,10970.482249107454,34362.866105497145,90034.48048254864,203138.88418591174,12.18475654028332,16.915947059179675
Mundri East,maturation and harvest,10,recurring,62,12439.49013051718,48477.137762020175,90034.48048254864,203138.88418591174,13.816362424536146,23.864036644827745
Mundri East,maturation and harvest,10,unusual,40,8025.14113715499,31128.245136020083,90034.48048254864,203138.88418591174,8.913408612060023,15.323627113916634
Mundri East,maturation and harvest,11,recurring,71,14185.957751324966,43899.29319308438,90034.48048254864,203138.88418591174,15.756138842912108,21.61048258634125
Mundri East,maturation and harvest,11,unusual,37,7478.515943865038,30913.32151264096,90034.48048254864,203138.88418591174,8.30627988719788,15.217825792697196
Ibba,vegetative growth and flowering,8,recurring,73,26404.350186461885,140327.61748197168,161726.6450608377,513856.4142311293,16.326530595208474,27.308721579731653
Ibba,vegetative growth and flowering,8,unusual,42,15200.457450216585,73915.85801700548,161726.6450608377,513856.4142311293,9.39885783477332,14.38453544023654
Ibba,maturation and harvest,10,recurring,58,20898.272457313018,111753.98546504222,161726.6450608377,513856.4142311293,12.921972411813519,21.748095843516317
Ibba,maturation and harvest,10,unusual,35,12723.955872834746,68210.35325131383,161726.6450608377,513856.4142311293,7.867569297593663,13.274204887249546
Ibba,maturation and harvest,11,recurring,56,20300.549150588817,105604.01272417216,161726.6450608377,513856.4142311293,12.552383772601129,20.55126875903356
Ibba,maturation and harvest,11,unusual,40,14547.030494503393,66337.6824544379,161726.6450608377,513856.4142311293,8.994826108605139,12.909770242665424
Yambio,vegetative growth and flowering,8,recurring,71,7134.0501432148185,121152.36202161755,45295.38091582351,470929.8081823711,15.750061041483825,25.726203760433954
Yambio,vegetative growth and flowering,8,unusual,48,4794.328214651225,68777.63022642884,45295.38091582351,470929.8081823711,10.584585266124503,14.604645752174214
Yambio,maturation and harvest,10,recurring,54,5452.205258636602,93071.77470790579,45295.38091582351,470929.8081823711,12.037000569150585,19.76340700690219
Yambio,maturation and harvest,10,unusual,33,3278.1980914734672,64654.472399960774,45295.38091582351,470929.8081823711,7.237378348943876,13.729110214854535
Yambio,maturation and harvest,11,recurring,56,5672.449811673586,95538.0159254293,45295.38091582351,470929.8081823711,12.523241215732815,20.287103144770885
Yambio,maturation and harvest,11,unusual,38,3802.057407550468,53578.524089263905,45295.38091582351,470929.8081823711,8.393918608646153,11.377178330685583
Nzara,vegetative growth and flowering,8,recurring,72,15408.514155252482,82848.81818981914,95730.03947928005,339332.6174535751,16.095798392089375,24.415223862514157
Nzara,vegetative growth and flowering,8,unusual,43,9064.620871821298,46339.88289086984,95730.03947928005,339332.6174535751,9.468940910426824,13.656182903551768
Nzara,maturation and harvest,10,recurring,57,12203.344896234088,65252.83830177882,95730.03947928005,339332.6174535751,12.747665166141916,19.229757160231205
Nzara,maturation and harvest,10,unusual,35,7435.770466306604,36252.14257289907,95730.03947928005,339332.6174535751,7.767436957879886,10.683365143304805
Nzara,maturation and harvest,11,recurring,55,11604.317938987155,58581.56123313457,95730.03947928005,339332.6174535751,12.12191909886218,17.263757805760967
Nzara,maturation and harvest,11,unusual,39,8222.60927398838,46324.8487654258,95730.03947928005,339332.6174535751,8.589372070370967,13.651752405370704
Mvolo,vegetative growth and flowering,8,recurring,99,9610.786426960993,95713.66610862201,43496.85347212687,264600.58233216836,22.095360146268188,36.172885662234535
Mvolo,vegetative growth and flowering,8,unusual,62,6033.669492245738,61480.86537775036,43496.85347212687,264600.58233216836,13.87150796117278,23.235347721408218
Mvolo,maturation and harvest,10,recurring,74,7152.431612715014,67388.20326659472,43496.85347212687,264600.58233216836,16.44356095159469,25.467896809840887
Mvolo,maturation and harvest,10,unusual,47,4585.910055814948,46973.87416616937,43496.85347212687,264600.58233216836,10.54308459059834,17.752747840592566
Mvolo,maturation and harvest,11,recurring,73,7081.697763794073,68569.10418230404,43496.85347212687,264600.58233216836,16.280942639522376,25.914192470001936
Mvolo,maturation and harvest,11,unusual,50,4834.910920209105,46865.182784259356,43496.85347212687,264600.58233216836,11.115541778918224,17.711670311226598
Ezo,vegetative growth and flowering,8,recurring,63,8680.970652663878,100613.73901695787,62400.48814616537,452442.5444330842,13.911703114132354,22.237904073107906
Ezo,vegetative growth and flowering,8,unusual,40,5521.898972578822,74347.09866623122,62400.48814616537,452442.5444330842,8.84912784599451,16.43238452727495
Ezo,maturation and harvest,10,recurring,54,7515.989098363649,82252.16748179928,62400.48814616537,452442.5444330842,12.044760099886368,18.179582909220485
Ezo,maturation and harvest,10,unusual,29,4053.939518987724,57770.5636507033,62400.48814616537,452442.5444330842,6.496647124765876,12.768596667470892
Ezo,maturation and harvest,11,recurring,53,7365.770922531202,92983.45906390696,62400.48814616537,452442.5444330842,11.804027726959124,20.551440223292072
Ezo,maturation and harvest,11,unusual,36,5002.908262420504,46706.4874057251,62400.48814616537,452442.5444330842,8.01741847067256,10.3231864422142
Tambura,vegetative growth and flowering,8,recurring,68,27522.49237787175,87741.41129259019,182389.32763043873,428787.3460029474,15.08996865959089,20.462686716502837
Tambura,vegetative growth and flowering,8,unusual,36,14698.509161605984,60345.279041672315,182389.32763043873,428787.3460029474,8.058864711310536,14.073474789822157
Tambura,maturation and harvest,10,recurring,44,17940.895944330376,72531.28991977876,182389.32763043873,428787.3460029474,9.836593060248905,16.915445522331293
Tambura,maturation and harvest,10,unusual,31,12704.016018421364,47577.57489127589,182389.32763043873,428787.3460029474,6.965328609666527,11.095843973657948
Tambura,maturation and harvest,11,recurring,49,19680.51087235447,81706.65679657018,182389.32763043873,428787.3460029474,10.790385121782759,19.055286392711913
Tambura,maturation and harvest,11,unusual,31,12740.748774644202,56052.36122573578,182389.32763043873,428787.3460029474,6.985468360550014,13.072298366134733
Nagero,vegetative growth and flowering,8,recurring,77,11051.052655204217,84298.46799494645,64476.40393842431,324305.0242202503,17.13968518740297,25.993574474410707
Nagero,vegetative growth and flowering,8,unusual,45,6408.11766732194,59150.05180332126,64476.40393842431,324305.0242202503,9.938702030345496,18.23901801877413
Nagero,maturation and harvest,10,recurring,59,8443.31066293769,65621.35786600504,64476.40393842431,324305.0242202503,13.095194749076185,20.23445613393846
Nagero,maturation and harvest,10,unusual,40,5718.839961358478,37323.73965665293,64476.40393842431,324305.0242202503,8.869663337335057,11.508837936258637
Nagero,maturation and harvest,11,recurring,59,8483.775143966905,62573.00694951769,64476.40393842431,324305.0242202503,13.157953337579132,19.29449199868748
Nagero,maturation and harvest,11,unusual,33,4751.917996727054,37217.11724833424,64476.40393842431,324305.0242202503,7.37001089773119,11.475960737215837
Bor South,vegetative growth and flowering,8,recurring,98,51491.238750593366,127155.81804231158,236282.24292734987,377092.8464062692,21.792259169651384,33.72002923261968
Bor South,vegetative growth and flowering,8,unusual,58,30452.620280556246,79783.60842434062,236282.24292734987,377092.8464062692,12.888239041272165,21.15755023853834
Bor South,maturation and harvest,10,recurring,75,39284.43667114967,105048.40769256376,236282.24292734987,377092.8464062692,16.626063890560125,27.857438477999544
Bor South,maturation and harvest,10,unusual,51,26821.954278258523,59725.03211569832,236282.24292734987,377092.8464062692,11.351658908412139,15.838282981203058
Bor South,maturation and harvest,11,recurring,70,36770.868273046064,107248.49173681224,236282.24292734987,377092.8464062692,15.562264780240836,28.440871461471783
Bor South,maturation and harvest,11,unusual,52,27217.140697487364,61732.357072972365,236282.24292734987,377092.8464062692,11.51891075702031,16.37059882235572
Pibor,vegetative growth and flowering,8,recurring,69,56433.32440332707,242142.719470545,365770.97794936376,1005904.0538319469,15.428595434146098,24.072148685365473
Pibor,vegetative growth and flowering,8,unusual,49,39639.54060741579,143141.22456225395,365770.97794936376,1005904.0538319469,10.837256916786702,14.230107137650336
Pibor,maturation and harvest,10,recurring,53,42982.87030423831,199773.26666699906,365770.97794936376,1005904.0538319469,11.751306936710744,19.860071734075596
Pibor,maturation and harvest,10,unusual,33,26523.11047165859,123381.4815067583,365770.97794936376,1005904.0538319469,7.25128894051577,12.26573061682593
Pibor,maturation and harvest,11,recurring,60,48422.77083777243,195410.43522370496,365770.97794936376,1005904.0538319469,13.23854918978179,19.426349310284373
Pibor,maturation and harvest,11,unusual,39,31691.425920769216,106025.98835299243,365770.97794936376,1005904.0538319469,8.664281157144316,10.540367935598939
Twic East,vegetative growth and flowering,8,recurring,121,10633.185052150096,158999.3826946278,39508.98971419892,349791.9584873454,26.913330685164784,45.455413950112295
Twic East,vegetative growth and flowering,8,unusual,74,6528.639000588593,92158.08320260765,39508.98971419892,349791.9584873454,16.524439242348688,26.346541413113048
Twic East,maturation and harvest,10,recurring,98,8580.04001413003,122575.18306890018,39508.98971419892,349791.9584873454,21.71667784014861,35.04231017744642
Twic East,maturation and harvest,10,unusual,63,5535.998008885448,69318.98258813021,39508.98971419892,349791.9584873454,14.011995874690502,19.8172030277357
Twic East,maturation and harvest,11,recurring,98,8618.42310963088,117183.97942337485,39508.98971419892,349791.9584873454,21.813828123611955,33.501050147101736
Twic East,maturation and harvest,11,unusual,61,5324.269791901276,67713.1665784378,39508.98971419892,349791.9584873454,13.47609703618368,19.358125575916432
Pochalla,vegetative growth and flowering,8,recurring,68,13976.137551965148,68385.0514073719,91856.72845595221,263680.2255046291,15.215148402184914,25.934842583093648
Pochalla,vegetative growth and flowering,8,unusual,41,8277.571149374364,43117.7623493517,91856.72845595221,263680.2255046291,9.011393382406041,16.352292731407246
Pochalla,maturation and harvest,10,recurring,55,11156.344231014275,47257.79821794134,91856.72845595221,263680.2255046291,12.145375105933633,17.922389943159274
Pochalla,maturation and harvest,10,unusual,33,6809.11035700934,36747.511563949985,91856.72845595221,263680.2255046291,7.412750782077432,13.936392648945478
Pochalla,maturation and harvest,11,recurring,60,12289.283772077002,50178.15733853352,91856.72845595221,263680.2255046291,13.378751865705784,19.029928104203858
Pochalla,maturation and harvest,11,unusual,30,6047.112971744114,28952.929727165938,91856.72845595221,263680.2255046291,6.583200897083841,10.980318934328903
Duk,vegetative growth and flowering,8,recurring,138,32627.671576212764,165387.34577285225,106140.9528474219,333841.8381960982,30.739945987780224,49.54062877993859
Duk,vegetative growth and flowering,8,unusual,87,20592.071615531273,98468.47039193095,106140.9528474219,333841.8381960982,19.400684715099995,29.495545233036584
Duk,maturation and harvest,10,recurring,110,26041.677497295685,124898.23954123173,106140.9528474219,333841.8381960982,24.534995021884452,37.41239870236596
Duk,maturation and harvest,10,unusual,67,15885.73043027813,76776.67505680436,106140.9528474219,333841.8381960982,14.966636349226995,22.997918856325565
Duk,maturation and harvest,11,recurring,108,25483.325853646114,128951.44549403415,106140.9528474219,333841.8381960982,24.008947696445226,38.62650834623318
Duk,maturation and harvest,11,unusual,64,15158.035741908387,76773.17875248879,106140.9528474219,333841.8381960982,14.281043588988815,22.99687156269261
Uror,vegetative growth and flowering,8,recurring,116,26962.251920252133,292419.96221509634,104490.87096399236,735419.2168997724,25.803452178653334,39.76234989450231
Uror,vegetative growth and flowering,8,unusual,62,14369.237198629955,166338.43962754653,104490.87096399236,735419.2168997724,13.751667553409144,22.618179645721195
Uror,maturation and harvest,10,recurring,90,20808.337051035425,236899.57915536483,104490.87096399236,735419.2168997724,19.914023932488796,32.21286223033943
Uror,maturation and harvest,10,unusual,48,11261.0342221112,144483.58817225107,104490.87096399236,735419.2168997724,10.777050777949553,19.646425447153117
Uror,maturation and harvest,11,recurring,87,20205.132407502635,218442.7012015825,104490.87096399236,735419.2168997724,19.336744177838597,29.70315381782487
Uror,maturation and harvest,11,unusual,52,11978.88467456789,142799.50084643014,104490.87096399236,735419.2168997724,11.464049025580257,19.417428531228026
Akobo,vegetative growth and flowering,8,recurring,87,11230.623976237546,100091.5246817905,57893.65567515952,289763.92554106493,19.39871276958639,34.54243812265226
Akobo,vegetative growth and flowering,8,unusual,57,7344.627736433408,58528.37758710242,57893.65567515952,289763.92554106493,12.68641209607493,20.198641869520042
Akobo,maturation and harvest,10,recurring,74,9481.342759812744,79405.81754260468,57893.65567515952,289763.92554106493,16.377170605726512,27.40362431049113
Akobo,maturation and harvest,10,unusual,40,5207.156246381974,41613.35423421764,57893.65567515952,289763.92554106493,8.994346937770269,14.36112316483656
Akobo,maturation and harvest,11,recurring,69,8885.834468753339,78427.5042458205,57893.65567515952,289763.92554106493,15.348546166460157,27.066000054829416
Akobo,maturation and harvest,11,unusual,43,5553.39406366802,49267.65076978246,57893.65567515952,289763.92554106493,9.59240524527944,17.0026861272627
Ayod,vegetative growth and flowering,8,recurring,145,33718.53718601642,304707.92050795734,104409.53814153947,577899.8868870371,32.29449893773781,52.72676590219147
Ayod,vegetative growth and flowering,8,unusual,86,19985.958161900133,183842.15091947676,104409.53814153947,577899.8868870371,19.141889254223884,31.812110555995424
Ayod,maturation and harvest,10,recurring,117,27206.914741708435,244508.63719638463,104409.53814153947,577899.8868870371,26.057882475091738,42.309860711943536
Ayod,maturation and harvest,10,unusual,66,15347.414029839778,146979.0981097786,104409.53814153947,577899.8868870371,14.699245205964367,25.43331491229532
Ayod,maturation and harvest,11,recurring,118,27481.475607891804,225703.34736297856,104409.53814153947,577899.8868870371,26.320847785608837,39.05578673475275
Ayod,maturation and harvest,11,unusual,70,16135.939520390571,143944.30569532688,104409.53814153947,577899.8868870371,15.454468823065186,24.90817336385184
Nyirol,vegetative growth and flowering,8,recurring,107,14597.769377895158,72946.12996265746,61483.08996327904,185636.96736915046,23.742738672720776,39.29504505296062
Nyirol,vegetative growth and flowering,8,unusual,63,8549.809741967289,42131.6599948032,61483.08996327904,185636.96736915046,13.905953241897388,22.695727360715725
Nyirol,maturation and harvest,10,recurring,86,11817.383209286607,54874.92305329599,61483.08996327904,185636.96736915046,19.22054213011183,29.56034233427971
Nyirol,maturation and harvest,10,unusual,47,6363.314324673469,33426.578551561666,61483.08996327904,185636.96736915046,10.34969831294097,18.006423518593078
Nyirol,maturation and harvest,11,recurring,90,12265.973832009697,53855.67175413757,61483.08996327904,185636.96736915046,19.95015839206453,29.01128612333031
Nyirol,maturation and harvest,11,unusual,49,6670.470225981787,31724.068735190922,61483.08996327904,185636.96736915046,10.849276166773247,17.089305640350002
Canal/Pigi,vegetative growth and flowering,8,recurring,123,10606.785630512617,86781.78964828353,38663.98833207971,204468.42820491167,27.433242373788204,42.44263547686375
Canal/Pigi,vegetative growth and flowering,8,unusual,70,6007.239390185056,50812.49558498845,38663.98833207971,204468.42820491167,15.537040148547787,24.851022737880005
Canal/Pigi,maturation and harvest,10,recurring,85,7327.54783672128,61890.67121364465,38663.98833207971,204468.42820491167,18.951867494336003,30.26905999962978
Canal/Pigi,maturation and harvest,10,unusual,59,5027.207655666563,40239.40469716969,38663.98833207971,204468.42820491167,13.002299743338853,19.680008816247685
Canal/Pigi,maturation and harvest,11,recurring,85,7336.231312673292,64209.218403146486,38663.98833207971,204468.42820491167,18.974326315390446,31.402998969991632
Canal/Pigi,maturation and harvest,11,unusual,54,4601.409210607257,42636.82341449387,38663.98833207971,204468.42820491167,11.901020585580522,20.8525217261242
Fangak,vegetative growth and flowering,8,recurring,131,24543.4173320322,183914.4951769174,84148.87540451482,415926.16404639155,29.16666112773193,44.21806346291885
Fangak,vegetative growth and flowering,8,unusual,83,15481.151868124503,109580.02576373341,84148.87540451482,415926.16404639155,18.397336617636956,26.34602851084672
Fangak,maturation and harvest,10,recurring,97,18092.675853094886,152026.48277077416,84148.87540451482,415926.16404639155,21.50079340469019,36.55131509202615
Fangak,maturation and harvest,10,unusual,57,10587.03155213695,87633.86845657584,84148.87540451482,415926.16404639155,12.58131080331577,21.069573407938183
Fangak,maturation and harvest,11,recurring,103,19332.549905223892,149164.5488677801,84148.87540451482,415926.16404639155,22.974222545803205,35.86322808274754
Fangak,maturation and harvest,11,unusual,58,10823.154843596749,91676.03752882087,84148.87540451482,415926.16404639155,12.861912641812983,22.04142115921217
Ulang,vegetative growth and flowering,8,recurring,92,15725.282353622253,66528.13663765126,76502.80194555085,192367.03142692527,20.55517177634143,34.58395970669402
Ulang,vegetative growth and flowering,8,unusual,61,10369.8225646972,38413.50885381639,76502.80194555085,192367.03142692527,13.55482714486417,19.968862943340987
Ulang,maturation and harvest,10,recurring,66,11253.441245969107,50067.20391278463,76502.80194555085,192367.03142692527,14.709841940140297,26.026915080718354
Ulang,maturation and harvest,10,unusual,41,7003.155995025,31504.78550310084,76502.80194555085,192367.03142692527,9.154116995622381,16.377434984262678
Ulang,maturation and harvest,11,recurring,69,11742.321579921188,50206.29566177491,76502.80194555085,192367.03142692527,15.348877794408788,26.0992204793922
Ulang,maturation and harvest,11,unusual,42,7191.930046376727,33595.58698154398,76502.80194555085,192367.03142692527,9.400871423631544,17.46431638121212
Maiwut,vegetative growth and flowering,8,recurring,73,4146.787343817695,25332.470060079206,25473.151159995356,102972.08679202321,16.27905129511449,24.60129812775786
Maiwut,vegetative growth and flowering,8,unusual,43,2436.3899878824914,17818.71067703097,25473.151159995356,102972.08679202321,9.56454100468242,17.304408633594193
Maiwut,maturation and harvest,10,recurring,56,3144.4928868857182,20736.187585762415,25473.151159995356,102972.08679202321,12.344341958854422,20.137678308534344
Maiwut,maturation and harvest,10,unusual,29,1649.1614411290363,13498.520574746522,25473.151159995356,102972.08679202321,6.47411633829969,13.108912323016254
Maiwut,maturation and harvest,11,recurring,53,3016.1287223809254,19912.591357219368,25473.151159995356,102972.08679202321,11.840422503822944,19.337853565537245
Maiwut,maturation and harvest,11,unusual,38,2151.354549636916,12894.194637207758,25473.151159995356,102972.08679202321,8.445576819783252,12.52202906526569
Luakpiny/Nasir,vegetative growth and flowering,8,recurring,85,17884.959525663307,83456.7403225344,94252.97429976989,279589.3433132487,18.975485557389963,29.84975726668896
Luakpiny/Nasir,vegetative growth and flowering,8,unusual,50,10412.660536383146,45717.038648385955,94252.97429976989,279589.3433132487,11.047567054240503,16.351495413458984
Luakpiny/Nasir,maturation and harvest,10,recurring,59,12287.519710459243,58876.74323641358,94252.97429976989,279589.3433132487,13.036744783648958,21.0582930446132
Luakpiny/Nasir,maturation and harvest,10,unusual,45,9457.83581591348,38157.9426310759,94252.97429976989,279589.3433132487,10.034522396962247,13.647853018605282
Luakpiny/Nasir,maturation and harvest,11,recurring,66,13894.800541580713,65000.37432100655,94252.97429976989,279589.3433132487,14.742028720906514,23.248516395770093
Luakpiny/Nasir,maturation and harvest,11,unusual,41,8545.540837792993,41021.26685199076,94252.97429976989,279589.3433132487,9.06660071077869,14.67197081472129
Longochuk,vegetative growth and flowering,8,recurring,78,10905.820639032643,105403.82436699701,63084.243850432504,395810.23551216495,17.287709217676344,26.62988849457318
Longochuk,vegetative growth and flowering,8,unusual,49,6901.225760158949,57045.646885381066,63084.243850432504,395810.23551216495,10.939697995780342,14.412372841133312
Longochuk,maturation and harvest,10,recurring,52,7329.284129720427,81240.46213927737,63084.243850432504,395810.23551216495,11.618248364991977,20.52510391353447
Longochuk,maturation and harvest,10,unusual,40,5567.901352045064,48055.53516257374,63084.243850432504,395810.23551216495,8.826136309481804,12.141054184814477
Longochuk,maturation and harvest,11,recurring,57,8035.298802606272,72546.79599084554,63084.243850432504,395810.23551216495,12.737410028496653,18.328681141095924
Longochuk,maturation and harvest,11,unusual,41,5788.890144354689,55204.68286461975,63084.243850432504,395810.23551216495,9.176443737805064,13.947260053340148
Panyikang,vegetative growth and flowering,8,recurring,105,11539.090101969527,117586.8952905399,49563.47836149633,303588.8231825965,23.281437226435127,38.73228732792185
Panyikang,vegetative growth and flowering,8,unusual,61,6707.451476703157,69340.27603303074,49563.47836149633,303588.8231825965,13.533052357184598,22.84019395250442
Panyikang,maturation and harvest,10,recurring,81,8902.188481795518,88565.63833488715,49563.47836149633,303588.8231825965,17.961185889469842,29.172891612554018
Panyikang,maturation and harvest,10,unusual,56,6211.774089035832,54900.997886876605,49563.47836149633,303588.8231825965,12.532966398624444,18.08399838681013
Panyikang,maturation and harvest,11,recurring,82,9032.907982022267,92502.8396066095,49563.47836149633,303588.8231825965,18.224927468043752,30.469777720035744
Panyikang,maturation and harvest,11,unusual,53,5884.605413511648,61659.87927858307,49563.47836149633,303588.8231825965,11.872866086176746,20.3103258651578
Malakal,vegetative growth and flowering,8,recurring,100,2073.3317601782537,13747.054213827474,9320.993510073331,39552.617090371394,22.243677757500578,34.75637069076278
Malakal,vegetative growth and flowering,8,unusual,61,1254.0089279110905,8532.894239396897,9320.993510073331,39552.617090371394,13.453597264667817,21.573526272359175
Malakal,maturation and harvest,10,recurring,77,1597.8729964738134,11306.456981425552,9320.993510073331,39552.617090371394,17.142732636247082,28.58586311897417
Malakal,maturation and harvest,10,unusual,47,971.6308306374517,7511.227133530851,9320.993510073331,39552.617090371394,10.4241122964778,18.990468105735964
Malakal,maturation and harvest,11,recurring,83,1728.8646911040576,11034.241108793705,9320.993510073331,39552.617090371394,18.548073112975015,27.897625797004107
Malakal,maturation and harvest,11,unusual,49,1007.1675140567438,6646.549402339792,9320.993510073331,39552.617090371394,10.805366541327205,16.80432267516835
Baliet,vegetative growth and flowering,8,recurring,86,21944.437621261357,227753.69679106172,114697.13583786192,709043.330539585,19.13250706825185,32.12126635726764
Baliet,vegetative growth and flowering,8,unusual,52,13152.798421314517,147136.14746548733,114697.13583786192,709043.330539585,11.467416623120883,20.75136188835118
Baliet,maturation and harvest,10,recurring,67,17071.82319561546,188954.89981596608,114697.13583786192,709043.330539585,14.884262864025235,26.64927398332209
Baliet,maturation and harvest,10,unusual,42,10756.290725997915,122687.72120155141,114697.13583786192,709043.330539585,9.377994182176627,17.303275542862174
Baliet,maturation and harvest,11,recurring,76,19343.1615540669,185736.5715797284,114697.13583786192,709043.330539585,16.864554997616303,26.195376725197043
Baliet,maturation and harvest,11,unusual,45,11469.363028348122,100927.26453837776,114697.13583786192,709043.330539585,9.999694364261574,14.23428727008428
Fashoda,vegetative growth and flowering,8,recurring,89,12504.829551416502,62400.90595405384,62923.82819419657,191713.77033863074,19.872963725003967,32.54899522545143
Fashoda,vegetative growth and flowering,8,unusual,51,7127.969432916354,39479.879368072936,62923.82819419657,191713.77033863074,11.327933530868298,20.593136997065074
Fashoda,maturation and harvest,10,recurring,67,9314.48757811637,49581.716488785445,62923.82819419657,191713.77033863074,14.802798630385048,25.862365755577976
Fashoda,maturation and harvest,10,unusual,46,6401.217392558566,28788.44523776206,62923.82819419657,191713.77033863074,10.172962415450984,15.016367988022989
Fashoda,maturation and harvest,11,recurring,76,10609.771451637036,50558.929282103396,62923.82819419657,191713.77033863074,16.861293656344277,26.372090639498346
Fashoda,maturation and harvest,11,unusual,44,6126.2087914960075,33343.105346464275,62923.82819419657,191713.77033863074,9.735912399654389,17.392128529718644
Melut,vegetative growth and flowering,8,recurring,72,18199.391734056277,93925.58050796454,114519.53113379623,349593.1505032713,15.891954458662113,26.867111204195524
Melut,vegetative growth and flowering,8,unusual,51,12869.633736704553,59712.620310253835,114519.53113379623,349593.1505032713,11.237937851551816,17.080603617173864
Melut,maturation and harvest,10,recurring,59,15026.032660076688,79462.55257233264,114519.53113379623,349593.1505032713,13.120934491533477,22.73000842777927
Melut,maturation and harvest,10,unusual,31,7986.627219924962,39440.97203006565,114519.53113379623,349593.1505032713,6.974030666082602,11.281963612069275
Melut,maturation and harvest,11,recurring,63,16020.3744717741,66643.85292405417,114519.53113379623,349593.1505032713,13.989207179915072,19.063260486686953
Melut,maturation and harvest,11,unusual,35,8891.319057062727,52193.83785663277,114519.53113379623,349593.1505032713,7.764019786873526,14.929879999506559
Manyo,vegetative growth and flowering,8,recurring,68,14541.35525231359,75164.490385823,95796.2148150201,326642.9481993723,15.179467456404781,23.011208660762218
Manyo,vegetative growth and flowering,8,unusual,42,8886.087611752631,50210.524033557995,95796.2148150201,326642.9481993723,9.276032073826117,15.371684682110791
Manyo,maturation and harvest,10,recurring,50,10577.83438808847,64469.30056126895,95796.2148150201,326642.9481993723,11.042017065615779,19.736933222240875
Manyo,maturation and harvest,10,unusual,31,6601.934539939815,33234.68178511401,95796.2148150201,326642.9481993723,6.89164446913479,10.174620933444622
Manyo,maturation and harvest,11,recurring,49,10328.139753425814,59413.47531309438,95796.2148150201,326642.9481993723,10.781365185847033,18.189119232670627
Manyo,maturation and harvest,11,unusual,38,8006.085590740342,37733.43761913679,95796.2148150201,326642.9481993723,8.357413292581422,11.55189108693249
Renk,vegetative growth and flowering,8,recurring,59,8316.228726144405,64279.618761462705,63453.43153945077,327954.1687847286,13.106034653104574,19.600183464554856
Renk,vegetative growth and flowering,8,unusual,32,4496.00825308828,46182.24125505152,63453.43153945077,327954.1687847286,7.085524208872749,14.081919259079724
Renk,maturation and harvest,10,recurring,49,6912.94548339229,58440.457296259185,63453.43153945077,327954.1687847286,10.89451794123115,17.819702525147626
Renk,maturation and harvest,10,unusual,33,4713.995824948423,33398.827521019,63453.43153945077,327954.1687847286,7.429063662250639,10.183992368440427
Renk,maturation and harvest,11,recurring,48,6833.823157791042,54936.668737118256,63453.43153945077,327954.1687847286,10.769824408223318,16.751325022240856
Renk,maturation and harvest,11,unusual,24,3412.2964898293603,33691.868077836916,63453.43153945077,327954.1687847286,5.377639013435925,10.273346487006387
Maban,vegetative growth and flowering,8,recurring,63,9555.491717230365,87522.93874561036,68708.50262259057,337264.493360498,13.907291459570576,25.950831015009378
Maban,vegetative growth and flowering,8,unusual,46,7002.638932563286,49974.45770853199,68708.50262259057,337264.493360498,10.191808386551708,14.817586402466295
Maban,maturation and harvest,10,recurring,50,7606.34570243805,57739.97456353988,68708.50262259057,337264.493360498,11.07045767569554,17.12008696445324
Maban,maturation and harvest,10,unusual,33,4990.96505979638,41980.28245140354,68708.50262259057,337264.493360498,7.263970060898122,12.447287893579512
Maban,maturation and harvest,11,recurring,56,8549.551729993105,57458.15846624923,68708.50262259057,337264.493360498,12.443222314063515,17.036527591071643
Maban,maturation and harvest,11,unusual,33,4968.074420241322,47059.5473001882,68708.50262259057,337264.493360498,7.230654475954007,13.953306151883236
