n_samples,flood_weeks,flood_rate_pct,brier_score,bss_vs_climatology,bss_vs_persistence,mean_pinball_loss,coverage_flood_weeks,coverage_all_weeks,mae_flood_weeks,bias_flood_weeks,month_num,month_name,season
150,16,10.7,0.0586,0.3247,0.1202,0.016,0.938,0.973,0.2,-0.17,1,January,Dry
145,2,1.4,0.0151,-0.0596,0.4021,0.008,1.0,1.0,0.11,-0.11,2,February,Dry
145,2,1.4,0.0159,-0.1281,0.4573,0.008,0.5,0.993,0.16,-0.16,3,March,Dry
145,2,1.4,0.0154,-0.0685,0.1138,0.008,0.5,0.993,0.11,-0.11,4,April,Dry
170,5,2.9,0.0282,0.0528,0.2223,0.009,0.6,0.988,0.15,-0.15,5,May,Dry
140,1,0.7,0.0085,0.4127,0.5361,0.009,1.0,0.993,0.12,-0.12,6,June,Rainy
155,8,5.2,0.045,0.0174,0.1664,0.08,0.5,0.961,2.79,-2.76,7,July,Rainy
160,32,20.0,0.1017,0.3231,0.1481,0.382,0.625,0.894,4.41,-2.4,8,August,Rainy
145,81,55.9,0.1211,0.4864,0.1308,1.801,0.765,0.848,8.66,-7.6,9,September,Rainy
165,92,55.8,0.1097,0.5719,0.3185,3.221,0.707,0.788,14.51,-8.47,10,October,Rainy
145,83,57.2,0.1626,0.1795,0.1838,2.051,0.819,0.828,10.79,-5.75,11,November,Rainy
145,50,34.5,0.0938,0.2302,0.2386,0.473,0.68,0.848,2.93,1.27,12,December,Dry
