week,origin_county,origin_tier,origin_det_prob,recommended_destination,destination_4wk_avg_risk,movement_advice
2010-02-01,Aweil Centre,3,0.119,Aweil South,0.054,"Cattle in Aweil Centre face high flood risk (tier 3, 12% chance). Recommended relocation destination: Aweil South (expected 4-week flood risk 5%)."
2010-03-01,Aweil East,3,0.095,Aweil North,0.089,"Cattle in Aweil East face high flood risk (tier 3, 10% chance). Recommended relocation destination: Aweil North (expected 4-week flood risk 9%)."
2010-03-15,Aweil West,3,0.163,Aweil North,0.064,"Cattle in Aweil West face high flood risk (tier 3, 16% chance). Recommended relocation destination: Aweil North (expected 4-week flood risk 6%)."
2010-05-03,Aweil East,2,0.13,Aweil West,0.046,"Cattle in Aweil East face high flood risk (tier 2, 13% chance). Recommended relocation destination: Aweil West (expected 4-week flood risk 5%)."
2010-08-02,Aweil North,3,0.05,Aweil South,0.165,"Cattle in Aweil North face high flood risk (tier 3, 5% chance). Recommended relocation destination: Aweil South (expected 4-week flood risk 17%)."
2010-08-16,Aweil North,3,0.288,Aweil South,0.578,"Cattle in Aweil North face high flood risk (tier 3, 29% chance). Recommended relocation destination: Aweil South (expected 4-week flood risk 58%)."
2010-08-23,Aweil Centre,2,0.796,Aweil North,0.417,"Cattle in Aweil Centre face high flood risk (tier 2, 80% chance). Recommended relocation destination: Aweil North (expected 4-week flood risk 42%)."
2010-08-23,Aweil North,3,0.249,Aweil South,0.511,"Cattle in Aweil North face high flood risk (tier 3, 25% chance). Recommended relocation destination: Aweil South (expected 4-week flood risk 51%)."
2010-08-30,Aweil North,3,0.282,Aweil South,0.58,"Cattle in Aweil North face high flood risk (tier 3, 28% chance). Recommended relocation destination: Aweil South (expected 4-week flood risk 58%)."
2010-10-04,Aweil Centre,3,0.837,Aweil North,0.694,"Cattle in Aweil Centre face high flood risk (tier 3, 84% chance). Recommended relocation destination: Aweil North (expected 4-week flood risk 69%)."
2010-10-04,Aweil North,2,0.826,Aweil South,0.77,"Cattle in Aweil North face high flood risk (tier 2, 83% chance). Recommended relocation destination: Aweil South (expected 4-week flood risk 77%)."
2010-10-11,Aweil Centre,3,0.938,Aweil South,0.748,"Cattle in Aweil Centre face high flood risk (tier 3, 94% chance). Recommended relocation destination: Aweil South (expected 4-week flood risk 75%)."
2010-10-11,Aweil North,2,0.925,Aweil South,0.748,"Cattle in Aweil North face high flood risk (tier 2, 92% chance). Recommended relocation destination: Aweil South (expected 4-week flood risk 75%)."
2010-10-11,Aweil West,2,0.934,Aweil South,0.748,"Cattle in Aweil West face high flood risk (tier 2, 93% chance). Recommended relocation destination: Aweil South (expected 4-week flood risk 75%)."
2010-10-18,Aweil Centre,2,0.842,Aweil North,0.832,"Cattle in Aweil Centre face high flood risk (tier 2, 84% chance). Recommended relocation destination: Aweil North (expected 4-week flood risk 83%)."
2010-10-18,Aweil North,3,0.841,Aweil West,0.862,"Cattle in Aweil North face high flood risk (tier 3, 84% chance). Recommended relocation destination: Aweil West (expected 4-week flood risk 86%)."
2010-10-18,Aweil West,2,0.844,Aweil North,0.832,"Cattle in Aweil West face high flood risk (tier 2, 84% chance). Recommended relocation destination: Aweil North (expected 4-week flood risk 83%)."
2010-10-25,Aweil North,3,0.927,Aweil Centre,0.835,"Cattle in Aweil North face high flood risk (tier 3, 93% chance). Recommended relocation destination: Aweil Centre (expected 4-week flood risk 84%)."
2010-10-25,Aweil West,2,0.928,Aweil Centre,0.835,"Cattle in Aweil West face high flood risk (tier 2, 93% chance). Recommended relocation destination: Aweil Centre (expected 4-week flood risk 84%)."
2010-11-01,Aweil East,2,0.859,Aweil Centre,0.797,"Cattle in Aweil East face high flood risk (tier 2, 86% chance). Recommended relocation destination: Aweil Centre (expected 4-week flood risk 80%)."
2010-11-01,Aweil North,3,0.858,Aweil Centre,0.797,"Cattle in Aweil North face high flood risk (tier 3, 86% chance). Recommended relocation destination: Aweil Centre (expected 4-week flood risk 80%)."
2010-11-01,Aweil West,3,0.856,Aweil Centre,0.797,"Cattle in Aweil West face high flood risk (tier 3, 86% chance). Recommended relocation destination: Aweil Centre (expected 4-week flood risk 80%)."
2010-11-08,Aweil East,2,0.942,Aweil North,0.425,"Cattle in Aweil East face high flood risk (tier 2, 94% chance). Recommended relocation destination: Aweil North (expected 4-week flood risk 43%)."
2010-11-08,Aweil North,3,0.656,Aweil West,0.565,"Cattle in Aweil North face high flood risk (tier 3, 66% chance). Recommended relocation destination: Aweil West (expected 4-week flood risk 57%)."
2010-11-08,Aweil South,2,0.94,Aweil North,0.425,"Cattle in Aweil South face high flood risk (tier 2, 94% chance). Recommended relocation destination: Aweil North (expected 4-week flood risk 43%)."
2010-11-15,Aweil South,2,0.934,Aweil North,0.193,"Cattle in Aweil South face high flood risk (tier 2, 93% chance). Recommended relocation destination: Aweil North (expected 4-week flood risk 19%)."
2010-11-22,Aweil North,2,0.35,Aweil West,0.259,"Cattle in Aweil North face high flood risk (tier 2, 35% chance). Recommended relocation destination: Aweil West (expected 4-week flood risk 26%)."
2010-11-22,Aweil South,2,0.934,Aweil North,0.131,"Cattle in Aweil South face high flood risk (tier 2, 93% chance). Recommended relocation destination: Aweil North (expected 4-week flood risk 13%)."
2010-11-29,Aweil South,2,0.929,Aweil North,0.057,"Cattle in Aweil South face high flood risk (tier 2, 93% chance). Recommended relocation destination: Aweil North (expected 4-week flood risk 6%)."
2010-12-06,Aweil East,2,0.93,Aweil North,0.052,"Cattle in Aweil East face high flood risk (tier 2, 93% chance). Recommended relocation destination: Aweil North (expected 4-week flood risk 5%)."
2010-12-06,Aweil South,2,0.928,Aweil North,0.052,"Cattle in Aweil South face high flood risk (tier 2, 93% chance). Recommended relocation destination: Aweil North (expected 4-week flood risk 5%)."
2010-12-06,Aweil West,3,0.09,Aweil North,0.052,"Cattle in Aweil West face high flood risk (tier 3, 9% chance). Recommended relocation destination: Aweil North (expected 4-week flood risk 5%)."
2010-12-13,Aweil South,2,0.925,Aweil North,0.036,"Cattle in Aweil South face high flood risk (tier 2, 92% chance). Recommended relocation destination: Aweil North (expected 4-week flood risk 4%)."
2010-12-13,Aweil West,3,0.064,Aweil North,0.036,"Cattle in Aweil West face high flood risk (tier 3, 6% chance). Recommended relocation destination: Aweil North (expected 4-week flood risk 4%)."
2010-12-20,Aweil West,3,0.042,Aweil North,0.036,"Cattle in Aweil West face high flood risk (tier 3, 4% chance). Recommended relocation destination: Aweil North (expected 4-week flood risk 4%)."
2010-12-27,Aweil West,3,0.037,Aweil North,0.032,"Cattle in Aweil West face high flood risk (tier 3, 4% chance). Recommended relocation destination: Aweil North (expected 4-week flood risk 3%)."
2011-01-03,Aweil East,2,0.354,Aweil West,0.032,"Cattle in Aweil East face high flood risk (tier 2, 35% chance). Recommended relocation destination: Aweil West (expected 4-week flood risk 3%)."
2011-01-10,Aweil East,2,0.462,Aweil West,0.028,"Cattle in Aweil East face high flood risk (tier 2, 46% chance). Recommended relocation destination: Aweil West (expected 4-week flood risk 3%)."
2011-01-17,Aweil East,2,0.161,Aweil North,0.027,"Cattle in Aweil East face high flood risk (tier 2, 16% chance). Recommended relocation destination: Aweil North (expected 4-week flood risk 3%)."
2011-08-29,Aweil North,3,0.103,Aweil South,0.379,"Cattle in Aweil North face high flood risk (tier 3, 10% chance). Recommended relocation destination: Aweil South (expected 4-week flood risk 38%)."
2016-05-16,Aweil West,3,0.022,Aweil North,0.025,"Cattle in Aweil West face high flood risk (tier 3, 2% chance). Recommended relocation destination: Aweil North (expected 4-week flood risk 2%)."
2016-07-18,Aweil East,3,0.656,Aweil North,0.036,"Cattle in Aweil East face high flood risk (tier 3, 66% chance). Recommended relocation destination: Aweil North (expected 4-week flood risk 4%)."
2016-08-01,Aweil East,2,0.966,Aweil North,0.064,"Cattle in Aweil East face high flood risk (tier 2, 97% chance). Recommended relocation destination: Aweil North (expected 4-week flood risk 6%)."
2016-08-15,Aweil Centre,2,0.942,Aweil North,0.203,"Cattle in Aweil Centre face high flood risk (tier 2, 94% chance). Recommended relocation destination: Aweil North (expected 4-week flood risk 20%)."
2016-08-22,Aweil Centre,3,0.967,Aweil North,0.15,"Cattle in Aweil Centre face high flood risk (tier 3, 97% chance). Recommended relocation destination: Aweil North (expected 4-week flood risk 15%)."
2016-08-22,Aweil West,2,0.794,Aweil North,0.15,"Cattle in Aweil West face high flood risk (tier 2, 79% chance). Recommended relocation destination: Aweil North (expected 4-week flood risk 15%)."
2016-08-29,Aweil Centre,3,0.97,Aweil North,0.126,"Cattle in Aweil Centre face high flood risk (tier 3, 97% chance). Recommended relocation destination: Aweil North (expected 4-week flood risk 13%)."
2016-08-29,Aweil East,2,0.977,Aweil North,0.126,"Cattle in Aweil East face high flood risk (tier 2, 98% chance). Recommended relocation destination: Aweil North (expected 4-week flood risk 13%)."
2016-08-29,Aweil West,3,0.958,Aweil North,0.126,"Cattle in Aweil West face high flood risk (tier 3, 96% chance). Recommended relocation destination: Aweil North (expected 4-week flood risk 13%)."
2017-05-29,Aweil West,3,0.148,Aweil North,0.052,"Cattle in Aweil West face high flood risk (tier 3, 15% chance). Recommended relocation destination: Aweil North (expected 4-week flood risk 5%)."
2017-06-12,Aweil West,2,0.056,Aweil South,0.015,"Cattle in Aweil West face high flood risk (tier 2, 6% chance). Recommended relocation destination: Aweil South (expected 4-week flood risk 1%)."
2017-08-07,Aweil North,3,0.044,Aweil South,0.166,"Cattle in Aweil North face high flood risk (tier 3, 4% chance). Recommended relocation destination: Aweil South (expected 4-week flood risk 17%)."
2017-08-28,Aweil North,3,0.028,Aweil South,0.244,"Cattle in Aweil North face high flood risk (tier 3, 3% chance). Recommended relocation destination: Aweil South (expected 4-week flood risk 24%)."
2022-01-10,Aweil East,2,0.184,Aweil West,0.042,"Cattle in Aweil East face high flood risk (tier 2, 18% chance). Recommended relocation destination: Aweil West (expected 4-week flood risk 4%)."
2022-07-25,Aweil Centre,3,0.091,Aweil North,0.041,"Cattle in Aweil Centre face high flood risk (tier 3, 9% chance). Recommended relocation destination: Aweil North (expected 4-week flood risk 4%)."
2022-08-08,Aweil East,2,0.912,Aweil North,0.142,"Cattle in Aweil East face high flood risk (tier 2, 91% chance). Recommended relocation destination: Aweil North (expected 4-week flood risk 14%)."
2022-08-22,Aweil East,2,0.909,Aweil North,0.218,"Cattle in Aweil East face high flood risk (tier 2, 91% chance). Recommended relocation destination: Aweil North (expected 4-week flood risk 22%)."
2022-08-29,Aweil Centre,2,0.597,Aweil South,0.332,"Cattle in Aweil Centre face high flood risk (tier 2, 60% chance). Recommended relocation destination: Aweil South (expected 4-week flood risk 33%)."
2022-08-29,Aweil East,2,0.907,Aweil South,0.332,"Cattle in Aweil East face high flood risk (tier 2, 91% chance). Recommended relocation destination: Aweil South (expected 4-week flood risk 33%)."
2022-08-29,Aweil North,3,0.841,Aweil South,0.332,"Cattle in Aweil North face high flood risk (tier 3, 84% chance). Recommended relocation destination: Aweil South (expected 4-week flood risk 33%)."
2022-08-29,Aweil West,2,0.816,Aweil South,0.332,"Cattle in Aweil West face high flood risk (tier 2, 82% chance). Recommended relocation destination: Aweil South (expected 4-week flood risk 33%)."
2022-09-05,Aweil North,2,0.853,Aweil South,0.416,"Cattle in Aweil North face high flood risk (tier 2, 85% chance). Recommended relocation destination: Aweil South (expected 4-week flood risk 42%)."
2022-09-05,Aweil West,2,0.921,Aweil South,0.416,"Cattle in Aweil West face high flood risk (tier 2, 92% chance). Recommended relocation destination: Aweil South (expected 4-week flood risk 42%)."
2022-09-12,Aweil North,2,0.905,Aweil South,0.427,"Cattle in Aweil North face high flood risk (tier 2, 90% chance). Recommended relocation destination: Aweil South (expected 4-week flood risk 43%)."
2022-09-12,Aweil West,2,0.92,Aweil South,0.427,"Cattle in Aweil West face high flood risk (tier 2, 92% chance). Recommended relocation destination: Aweil South (expected 4-week flood risk 43%)."
2022-09-19,Aweil North,3,0.915,Aweil Centre,0.767,"Cattle in Aweil North face high flood risk (tier 3, 92% chance). Recommended relocation destination: Aweil Centre (expected 4-week flood risk 77%)."
2022-09-19,Aweil South,2,0.914,Aweil North,0.732,"Cattle in Aweil South face high flood risk (tier 2, 91% chance). Recommended relocation destination: Aweil North (expected 4-week flood risk 73%)."
2022-09-19,Aweil West,2,0.919,Aweil North,0.732,"Cattle in Aweil West face high flood risk (tier 2, 92% chance). Recommended relocation destination: Aweil North (expected 4-week flood risk 73%)."
2022-09-26,Aweil Centre,2,0.918,Aweil North,0.804,"Cattle in Aweil Centre face high flood risk (tier 2, 92% chance). Recommended relocation destination: Aweil North (expected 4-week flood risk 80%)."
2022-09-26,Aweil North,3,0.92,Aweil Centre,0.865,"Cattle in Aweil North face high flood risk (tier 3, 92% chance). Recommended relocation destination: Aweil Centre (expected 4-week flood risk 87%)."
2022-09-26,Aweil South,3,0.919,Aweil North,0.804,"Cattle in Aweil South face high flood risk (tier 3, 92% chance). Recommended relocation destination: Aweil North (expected 4-week flood risk 80%)."
2022-09-26,Aweil West,2,0.92,Aweil North,0.804,"Cattle in Aweil West face high flood risk (tier 2, 92% chance). Recommended relocation destination: Aweil North (expected 4-week flood risk 80%)."
2022-10-03,Aweil North,3,0.925,Aweil Centre,0.673,"Cattle in Aweil North face high flood risk (tier 3, 92% chance). Recommended relocation destination: Aweil Centre (expected 4-week flood risk 67%)."
2022-10-03,Aweil South,3,0.925,Aweil Centre,0.673,"Cattle in Aweil South face high flood risk (tier 3, 92% chance). Recommended relocation destination: Aweil Centre (expected 4-week flood risk 67%)."
2022-10-03,Aweil West,2,0.924,Aweil Centre,0.673,"Cattle in Aweil West face high flood risk (tier 2, 92% chance). Recommended relocation destination: Aweil Centre (expected 4-week flood risk 67%)."
2022-10-10,Aweil North,2,0.915,Aweil Centre,0.675,"Cattle in Aweil North face high flood risk (tier 2, 92% chance). Recommended relocation destination: Aweil Centre (expected 4-week flood risk 68%)."
2022-10-10,Aweil South,3,0.917,Aweil North,0.609,"Cattle in Aweil South face high flood risk (tier 3, 92% chance). Recommended relocation destination: Aweil North (expected 4-week flood risk 61%)."
2022-10-17,Aweil North,2,0.923,Aweil Centre,0.67,"Cattle in Aweil North face high flood risk (tier 2, 92% chance). Recommended relocation destination: Aweil Centre (expected 4-week flood risk 67%)."
2022-10-17,Aweil South,2,0.927,Aweil North,0.561,"Cattle in Aweil South face high flood risk (tier 2, 93% chance). Recommended relocation destination: Aweil North (expected 4-week flood risk 56%)."
2022-10-31,Aweil North,3,0.917,Aweil Centre,0.585,"Cattle in Aweil North face high flood risk (tier 3, 92% chance). Recommended relocation destination: Aweil Centre (expected 4-week flood risk 58%)."
2022-10-31,Aweil South,3,0.905,Aweil Centre,0.585,"Cattle in Aweil South face high flood risk (tier 3, 90% chance). Recommended relocation destination: Aweil Centre (expected 4-week flood risk 58%)."
2022-10-31,Aweil West,2,0.916,Aweil Centre,0.585,"Cattle in Aweil West face high flood risk (tier 2, 92% chance). Recommended relocation destination: Aweil Centre (expected 4-week flood risk 58%)."
2022-11-07,Aweil North,3,0.913,Aweil Centre,0.292,"Cattle in Aweil North face high flood risk (tier 3, 91% chance). Recommended relocation destination: Aweil Centre (expected 4-week flood risk 29%)."
2022-11-07,Aweil South,3,0.915,Aweil Centre,0.292,"Cattle in Aweil South face high flood risk (tier 3, 92% chance). Recommended relocation destination: Aweil Centre (expected 4-week flood risk 29%)."
2022-11-07,Aweil West,3,0.913,Aweil Centre,0.292,"Cattle in Aweil West face high flood risk (tier 3, 91% chance). Recommended relocation destination: Aweil Centre (expected 4-week flood risk 29%)."
2022-11-14,Aweil East,2,0.924,Aweil North,0.221,"Cattle in Aweil East face high flood risk (tier 2, 92% chance). Recommended relocation destination: Aweil North (expected 4-week flood risk 22%)."
2022-11-14,Aweil North,2,0.733,Aweil Centre,0.281,"Cattle in Aweil North face high flood risk (tier 2, 73% chance). Recommended relocation destination: Aweil Centre (expected 4-week flood risk 28%)."
2022-11-14,Aweil South,3,0.924,Aweil North,0.221,"Cattle in Aweil South face high flood risk (tier 3, 92% chance). Recommended relocation destination: Aweil North (expected 4-week flood risk 22%)."
2022-11-14,Aweil West,2,0.92,Aweil North,0.221,"Cattle in Aweil West face high flood risk (tier 2, 92% chance). Recommended relocation destination: Aweil North (expected 4-week flood risk 22%)."
2022-11-21,Aweil East,2,0.923,Aweil North,0.044,"Cattle in Aweil East face high flood risk (tier 2, 92% chance). Recommended relocation destination: Aweil North (expected 4-week flood risk 4%)."
2022-11-21,Aweil North,2,0.351,Aweil West,0.133,"Cattle in Aweil North face high flood risk (tier 2, 35% chance). Recommended relocation destination: Aweil West (expected 4-week flood risk 13%)."
2022-11-21,Aweil South,3,0.923,Aweil North,0.044,"Cattle in Aweil South face high flood risk (tier 3, 92% chance). Recommended relocation destination: Aweil North (expected 4-week flood risk 4%)."
2022-11-28,Aweil East,2,0.923,Aweil North,0.03,"Cattle in Aweil East face high flood risk (tier 2, 92% chance). Recommended relocation destination: Aweil North (expected 4-week flood risk 3%)."
2022-11-28,Aweil South,3,0.923,Aweil North,0.03,"Cattle in Aweil South face high flood risk (tier 3, 92% chance). Recommended relocation destination: Aweil North (expected 4-week flood risk 3%)."
2022-12-05,Aweil East,2,0.919,Aweil North,0.043,"Cattle in Aweil East face high flood risk (tier 2, 92% chance). Recommended relocation destination: Aweil North (expected 4-week flood risk 4%)."
2022-12-05,Aweil South,3,0.923,Aweil North,0.043,"Cattle in Aweil South face high flood risk (tier 3, 92% chance). Recommended relocation destination: Aweil North (expected 4-week flood risk 4%)."
2022-12-12,Aweil East,3,0.914,Aweil North,0.026,"Cattle in Aweil East face high flood risk (tier 3, 91% chance). Recommended relocation destination: Aweil North (expected 4-week flood risk 3%)."
2022-12-12,Aweil South,3,0.917,Aweil North,0.026,"Cattle in Aweil South face high flood risk (tier 3, 92% chance). Recommended relocation destination: Aweil North (expected 4-week flood risk 3%)."
2022-12-19,Aweil South,3,0.917,Aweil North,0.024,"Cattle in Aweil South face high flood risk (tier 3, 92% chance). Recommended relocation destination: Aweil North (expected 4-week flood risk 2%)."
2022-12-26,Aweil South,2,0.919,Aweil North,0.025,"Cattle in Aweil South face high flood risk (tier 2, 92% chance). Recommended relocation destination: Aweil North (expected 4-week flood risk 2%)."
2023-01-02,Aweil East,2,0.643,Aweil West,0.015,"Cattle in Aweil East face high flood risk (tier 2, 64% chance). Recommended relocation destination: Aweil West (expected 4-week flood risk 1%)."
2023-01-02,Aweil South,2,0.773,Aweil West,0.015,"Cattle in Aweil South face high flood risk (tier 2, 77% chance). Recommended relocation destination: Aweil West (expected 4-week flood risk 1%)."
2023-01-09,Aweil East,2,0.59,Aweil West,0.014,"Cattle in Aweil East face high flood risk (tier 2, 59% chance). Recommended relocation destination: Aweil West (expected 4-week flood risk 1%)."
2023-01-16,Aweil East,2,0.401,Aweil West,0.015,"Cattle in Aweil East face high flood risk (tier 2, 40% chance). Recommended relocation destination: Aweil West (expected 4-week flood risk 1%)."
2023-01-23,Aweil East,2,0.358,Aweil North,0.014,"Cattle in Aweil East face high flood risk (tier 2, 36% chance). Recommended relocation destination: Aweil North (expected 4-week flood risk 1%)."
2023-01-30,Aweil East,2,0.18,Aweil North,0.012,"Cattle in Aweil East face high flood risk (tier 2, 18% chance). Recommended relocation destination: Aweil North (expected 4-week flood risk 1%)."
2023-06-05,Aweil Centre,3,0.149,Aweil South,0.097,"Cattle in Aweil Centre face high flood risk (tier 3, 15% chance). Recommended relocation destination: Aweil South (expected 4-week flood risk 10%)."
2023-06-12,Aweil Centre,3,0.148,Aweil South,0.048,"Cattle in Aweil Centre face high flood risk (tier 3, 15% chance). Recommended relocation destination: Aweil South (expected 4-week flood risk 5%)."
2023-07-17,Aweil East,3,0.554,Aweil North,0.019,"Cattle in Aweil East face high flood risk (tier 3, 55% chance). Recommended relocation destination: Aweil North (expected 4-week flood risk 2%)."
2023-07-24,Aweil East,2,0.636,Aweil North,0.022,"Cattle in Aweil East face high flood risk (tier 2, 64% chance). Recommended relocation destination: Aweil North (expected 4-week flood risk 2%)."
2023-12-04,Aweil West,3,0.147,Aweil North,0.035,"Cattle in Aweil West face high flood risk (tier 3, 15% chance). Recommended relocation destination: Aweil North (expected 4-week flood risk 4%)."
2023-12-11,Aweil Centre,2,0.381,Aweil North,0.04,"Cattle in Aweil Centre face high flood risk (tier 2, 38% chance). Recommended relocation destination: Aweil North (expected 4-week flood risk 4%)."
2023-12-11,Aweil West,3,0.057,Aweil North,0.04,"Cattle in Aweil West face high flood risk (tier 3, 6% chance). Recommended relocation destination: Aweil North (expected 4-week flood risk 4%)."
2024-01-01,Aweil South,2,0.567,Aweil West,0.047,"Cattle in Aweil South face high flood risk (tier 2, 57% chance). Recommended relocation destination: Aweil West (expected 4-week flood risk 5%)."
2024-01-08,Aweil Centre,2,0.14,Aweil West,0.032,"Cattle in Aweil Centre face high flood risk (tier 2, 14% chance). Recommended relocation destination: Aweil West (expected 4-week flood risk 3%)."
2024-01-08,Aweil East,2,0.148,Aweil West,0.032,"Cattle in Aweil East face high flood risk (tier 2, 15% chance). Recommended relocation destination: Aweil West (expected 4-week flood risk 3%)."
2024-01-15,Aweil East,3,0.579,Aweil West,0.036,"Cattle in Aweil East face high flood risk (tier 3, 58% chance). Recommended relocation destination: Aweil West (expected 4-week flood risk 4%)."
2024-01-22,Aweil East,3,0.49,Aweil West,0.04,"Cattle in Aweil East face high flood risk (tier 3, 49% chance). Recommended relocation destination: Aweil West (expected 4-week flood risk 4%)."
2024-01-29,Aweil East,3,0.584,Aweil South,0.036,"Cattle in Aweil East face high flood risk (tier 3, 58% chance). Recommended relocation destination: Aweil South (expected 4-week flood risk 4%)."
2024-02-05,Aweil East,3,0.243,Aweil South,0.032,"Cattle in Aweil East face high flood risk (tier 3, 24% chance). Recommended relocation destination: Aweil South (expected 4-week flood risk 3%)."
2024-02-19,Aweil Centre,3,0.121,Aweil South,0.059,"Cattle in Aweil Centre face high flood risk (tier 3, 12% chance). Recommended relocation destination: Aweil South (expected 4-week flood risk 6%)."
2024-07-29,Aweil East,3,0.615,Aweil North,0.076,"Cattle in Aweil East face high flood risk (tier 3, 62% chance). Recommended relocation destination: Aweil North (expected 4-week flood risk 8%)."
2024-08-19,Aweil North,3,0.111,Aweil South,0.551,"Cattle in Aweil North face high flood risk (tier 3, 11% chance). Recommended relocation destination: Aweil South (expected 4-week flood risk 55%)."
2024-09-09,Aweil Centre,2,0.904,Aweil North,0.86,"Cattle in Aweil Centre face high flood risk (tier 2, 90% chance). Recommended relocation destination: Aweil North (expected 4-week flood risk 86%)."
2024-09-09,Aweil North,2,0.871,Aweil West,0.871,"Cattle in Aweil North face high flood risk (tier 2, 87% chance). Recommended relocation destination: Aweil West (expected 4-week flood risk 87%)."
2024-09-09,Aweil South,2,0.905,Aweil North,0.86,"Cattle in Aweil South face high flood risk (tier 2, 90% chance). Recommended relocation destination: Aweil North (expected 4-week flood risk 86%)."
2024-09-16,Aweil North,2,0.645,Aweil Centre,0.834,"Cattle in Aweil North face high flood risk (tier 2, 64% chance). Recommended relocation destination: Aweil Centre (expected 4-week flood risk 83%)."
2024-09-23,Aweil North,2,0.746,Aweil West,0.855,"Cattle in Aweil North face high flood risk (tier 2, 75% chance). Recommended relocation destination: Aweil West (expected 4-week flood risk 86%)."
2024-09-23,Aweil South,2,0.892,Aweil North,0.854,"Cattle in Aweil South face high flood risk (tier 2, 89% chance). Recommended relocation destination: Aweil North (expected 4-week flood risk 85%)."
2024-09-23,Aweil West,2,0.907,Aweil North,0.854,"Cattle in Aweil West face high flood risk (tier 2, 91% chance). Recommended relocation destination: Aweil North (expected 4-week flood risk 85%)."
2024-09-30,Aweil North,2,0.77,Aweil West,0.659,"Cattle in Aweil North face high flood risk (tier 2, 77% chance). Recommended relocation destination: Aweil West (expected 4-week flood risk 66%)."
2024-09-30,Aweil South,2,0.917,Aweil West,0.659,"Cattle in Aweil South face high flood risk (tier 2, 92% chance). Recommended relocation destination: Aweil West (expected 4-week flood risk 66%)."
2024-09-30,Aweil West,2,0.92,Aweil North,0.719,"Cattle in Aweil West face high flood risk (tier 2, 92% chance). Recommended relocation destination: Aweil North (expected 4-week flood risk 72%)."
2024-10-07,Aweil North,2,0.713,Aweil West,0.591,"Cattle in Aweil North face high flood risk (tier 2, 71% chance). Recommended relocation destination: Aweil West (expected 4-week flood risk 59%)."
2024-10-07,Aweil South,2,0.919,Aweil West,0.591,"Cattle in Aweil South face high flood risk (tier 2, 92% chance). Recommended relocation destination: Aweil West (expected 4-week flood risk 59%)."
2024-10-21,Aweil East,2,0.927,Aweil Centre,0.325,"Cattle in Aweil East face high flood risk (tier 2, 93% chance). Recommended relocation destination: Aweil Centre (expected 4-week flood risk 32%)."
2024-10-21,Aweil South,3,0.927,Aweil Centre,0.325,"Cattle in Aweil South face high flood risk (tier 3, 93% chance). Recommended relocation destination: Aweil Centre (expected 4-week flood risk 32%)."
2024-10-28,Aweil East,2,0.927,Aweil Centre,0.444,"Cattle in Aweil East face high flood risk (tier 2, 93% chance). Recommended relocation destination: Aweil Centre (expected 4-week flood risk 44%)."
2024-10-28,Aweil North,2,0.903,Aweil Centre,0.444,"Cattle in Aweil North face high flood risk (tier 2, 90% chance). Recommended relocation destination: Aweil Centre (expected 4-week flood risk 44%)."
2024-10-28,Aweil South,3,0.924,Aweil Centre,0.444,"Cattle in Aweil South face high flood risk (tier 3, 92% chance). Recommended relocation destination: Aweil Centre (expected 4-week flood risk 44%)."
2024-11-04,Aweil East,2,0.924,Aweil North,0.488,"Cattle in Aweil East face high flood risk (tier 2, 92% chance). Recommended relocation destination: Aweil North (expected 4-week flood risk 49%)."
2024-11-04,Aweil North,3,0.917,Aweil Centre,0.556,"Cattle in Aweil North face high flood risk (tier 3, 92% chance). Recommended relocation destination: Aweil Centre (expected 4-week flood risk 56%)."
2024-11-04,Aweil South,2,0.924,Aweil North,0.488,"Cattle in Aweil South face high flood risk (tier 2, 92% chance). Recommended relocation destination: Aweil North (expected 4-week flood risk 49%)."
2024-11-04,Aweil West,3,0.925,Aweil North,0.488,"Cattle in Aweil West face high flood risk (tier 3, 92% chance). Recommended relocation destination: Aweil North (expected 4-week flood risk 49%)."
2024-11-11,Aweil East,2,0.917,Aweil North,0.325,"Cattle in Aweil East face high flood risk (tier 2, 92% chance). Recommended relocation destination: Aweil North (expected 4-week flood risk 32%)."
2024-11-11,Aweil North,3,0.893,Aweil Centre,0.336,"Cattle in Aweil North face high flood risk (tier 3, 89% chance). Recommended relocation destination: Aweil Centre (expected 4-week flood risk 34%)."
2024-11-11,Aweil South,3,0.917,Aweil North,0.325,"Cattle in Aweil South face high flood risk (tier 3, 92% chance). Recommended relocation destination: Aweil North (expected 4-week flood risk 32%)."
2024-11-11,Aweil West,3,0.914,Aweil North,0.325,"Cattle in Aweil West face high flood risk (tier 3, 91% chance). Recommended relocation destination: Aweil North (expected 4-week flood risk 32%)."
2024-11-18,Aweil East,2,0.923,Aweil Centre,0.175,"Cattle in Aweil East face high flood risk (tier 2, 92% chance). Recommended relocation destination: Aweil Centre (expected 4-week flood risk 17%)."
2024-11-18,Aweil North,3,0.684,Aweil Centre,0.175,"Cattle in Aweil North face high flood risk (tier 3, 68% chance). Recommended relocation destination: Aweil Centre (expected 4-week flood risk 17%)."
2024-11-18,Aweil South,3,0.923,Aweil Centre,0.175,"Cattle in Aweil South face high flood risk (tier 3, 92% chance). Recommended relocation destination: Aweil Centre (expected 4-week flood risk 17%)."
2024-11-25,Aweil East,2,0.923,Aweil West,0.047,"Cattle in Aweil East face high flood risk (tier 2, 92% chance). Recommended relocation destination: Aweil West (expected 4-week flood risk 5%)."
2024-11-25,Aweil North,2,0.273,Aweil West,0.047,"Cattle in Aweil North face high flood risk (tier 2, 27% chance). Recommended relocation destination: Aweil West (expected 4-week flood risk 5%)."
2024-11-25,Aweil South,2,0.923,Aweil West,0.047,"Cattle in Aweil South face high flood risk (tier 2, 92% chance). Recommended relocation destination: Aweil West (expected 4-week flood risk 5%)."
2024-12-02,Aweil East,3,0.917,Aweil North,0.039,"Cattle in Aweil East face high flood risk (tier 3, 92% chance). Recommended relocation destination: Aweil North (expected 4-week flood risk 4%)."
2024-12-02,Aweil South,3,0.917,Aweil North,0.039,"Cattle in Aweil South face high flood risk (tier 3, 92% chance). Recommended relocation destination: Aweil North (expected 4-week flood risk 4%)."
2024-12-09,Aweil East,3,0.923,Aweil North,0.032,"Cattle in Aweil East face high flood risk (tier 3, 92% chance). Recommended relocation destination: Aweil North (expected 4-week flood risk 3%)."
2024-12-09,Aweil South,3,0.923,Aweil North,0.032,"Cattle in Aweil South face high flood risk (tier 3, 92% chance). Recommended relocation destination: Aweil North (expected 4-week flood risk 3%)."
2024-12-09,Aweil West,3,0.257,Aweil North,0.032,"Cattle in Aweil West face high flood risk (tier 3, 26% chance). Recommended relocation destination: Aweil North (expected 4-week flood risk 3%)."
2024-12-16,Aweil East,3,0.919,Aweil North,0.021,"Cattle in Aweil East face high flood risk (tier 3, 92% chance). Recommended relocation destination: Aweil North (expected 4-week flood risk 2%)."
2024-12-16,Aweil South,3,0.923,Aweil North,0.021,"Cattle in Aweil South face high flood risk (tier 3, 92% chance). Recommended relocation destination: Aweil North (expected 4-week flood risk 2%)."
2024-12-23,Aweil South,2,0.919,Aweil North,0.019,"Cattle in Aweil South face high flood risk (tier 2, 92% chance). Recommended relocation destination: Aweil North (expected 4-week flood risk 2%)."
2024-12-30,Aweil South,2,0.913,Aweil North,0.02,"Cattle in Aweil South face high flood risk (tier 2, 91% chance). Recommended relocation destination: Aweil North (expected 4-week flood risk 2%)."
