scope,horizon_weeks,n_samples,flood_weeks,flood_rate_pct,brier_score,bss_vs_climatology,bss_vs_persistence
fold_1,1,515,106,20.6,0.0721,0.2007,0.1195
fold_1,2,515,106,20.6,0.0769,0.1738,0.074
fold_1,3,515,105,20.4,0.0825,0.1496,-0.0135
fold_1,4,515,105,20.4,0.0891,0.1662,-0.1099
fold_2,1,515,81,15.7,0.0782,0.2839,0.0579
fold_2,2,515,81,15.7,0.0852,0.2708,-0.0257
fold_2,3,515,81,15.7,0.0888,0.2944,-0.0694
fold_2,4,515,82,15.9,0.0925,0.3125,-0.0929
fold_3,1,780,189,24.2,0.0729,0.2994,0.1371
fold_3,2,780,190,24.4,0.0782,0.2721,0.0754
fold_3,3,780,190,24.4,0.085,0.2427,-0.0177
fold_3,4,780,192,24.6,0.0837,0.308,0.0031
pooled,1,1810,376,20.8,0.0742,0.2697,0.1097
pooled,2,1810,377,20.8,0.0798,0.2471,0.0465
pooled,3,1810,376,20.8,0.0854,0.2363,-0.0313
pooled,4,1810,379,20.9,0.0878,0.2738,-0.0558
