fold,head,importance_type,feature,importance,share_pct
1,q10,split,local_tp_w1,0.0,0.0
1,q10,split,local_tp_w3,0.0,0.0
1,q10,split,local_tp_w7,0.0,0.0
1,q10,split,local_tp_w14,0.0,0.0
1,q10,split,local_tp_w30,1.0,0.234192037470726
1,q10,split,local_ro_w1,2.0,0.468384074941452
1,q10,split,local_ro_w3,0.0,0.0
1,q10,split,local_ro_w7,1.0,0.234192037470726
1,q10,split,local_ro_w14,1.0,0.234192037470726
1,q10,split,local_ro_w30,0.0,0.0
1,q10,split,up_tp_w1,0.0,0.0
1,q10,split,up_tp_w3,0.0,0.0
1,q10,split,up_tp_w7,0.0,0.0
1,q10,split,up_tp_w14,0.0,0.0
1,q10,split,up_tp_w30,0.0,0.0
1,q10,split,up_ro_w1,10.0,2.34192037470726
1,q10,split,up_ro_w3,1.0,0.234192037470726
1,q10,split,up_ro_w7,2.0,0.468384074941452
1,q10,split,up_ro_w14,3.0,0.702576112412178
1,q10,split,up_ro_w30,10.0,2.34192037470726
1,q10,split,gauge_w1,0.0,0.0
1,q10,split,gauge_w3,0.0,0.0
1,q10,split,gauge_w7,0.0,0.0
1,q10,split,gauge_w14,0.0,0.0
1,q10,split,gauge_chg7,0.0,0.0
1,q10,split,albert_w1,0.0,0.0
1,q10,split,albert_w3,0.0,0.0
1,q10,split,albert_w7,0.0,0.0
1,q10,split,albert_w14,0.0,0.0
1,q10,split,albert_chg7,0.0,0.0
1,q10,split,et0_w7,0.0,0.0
1,q10,split,et0_w14,0.0,0.0
1,q10,split,et0_w30,0.0,0.0
1,q10,split,net_w7,0.0,0.0
1,q10,split,net_w14,0.0,0.0
1,q10,split,y_true_lag1,157.0,36.768149882903984
1,q10,split,y_true_lag2,111.0,25.995316159250585
1,q10,split,y_true_lag3,15.0,3.51288056206089
1,q10,split,y_true_lag4,1.0,0.234192037470726
1,q10,split,y_det_lag1,32.0,7.494145199063232
1,q10,split,y_det_lag2,1.0,0.234192037470726
1,q10,split,y_det_lag3,0.0,0.0
1,q10,split,y_det_lag4,0.0,0.0
1,q10,split,det_dates_prev,68.0,15.925058548009368
1,q10,split,coverage_prev,11.0,2.576112412177986
1,q10,split,year,0.0,0.0
1,q10,split,month,0.0,0.0
1,q10,split,week_of_year,0.0,0.0
1,q10,split,month_sin,0.0,0.0
1,q10,split,month_cos,0.0,0.0
1,q10,gain,local_tp_w1,0.0,0.0
1,q10,gain,local_tp_w3,0.0,0.0
1,q10,gain,local_tp_w7,0.0,0.0
1,q10,gain,local_tp_w14,0.0,0.0
1,q10,gain,local_tp_w30,0.05501129850745201,0.00014965966213980453
1,q10,gain,local_ro_w1,0.2366417981684208,0.0006437901398972456
1,q10,gain,local_ro_w3,0.0,0.0
1,q10,gain,local_ro_w7,0.14308999478816986,0.000389280036221704
1,q10,gain,local_ro_w14,0.005516519770026207,1.5007834887915538e-05
1,q10,gain,local_ro_w30,0.0,0.0
1,q10,gain,up_tp_w1,0.0,0.0
1,q10,gain,up_tp_w3,0.0,0.0
1,q10,gain,up_tp_w7,0.0,0.0
1,q10,gain,up_tp_w14,0.0,0.0
1,q10,gain,up_tp_w30,0.0,0.0
1,q10,gain,up_ro_w1,0.23175231664049534,0.0006304881787844932
1,q10,gain,up_ro_w3,0.0007668259786441922,2.0861699323161515e-06
1,q10,gain,up_ro_w7,0.07837810087949038,0.00021322965309017482
1,q10,gain,up_ro_w14,0.03335846937261522,9.075257976559708e-05
1,q10,gain,up_ro_w30,19.985695242881775,0.054371601449720496
1,q10,gain,gauge_w1,0.0,0.0
1,q10,gain,gauge_w3,0.0,0.0
1,q10,gain,gauge_w7,0.0,0.0
1,q10,gain,gauge_w14,0.0,0.0
1,q10,gain,gauge_chg7,0.0,0.0
1,q10,gain,albert_w1,0.0,0.0
1,q10,gain,albert_w3,0.0,0.0
1,q10,gain,albert_w7,0.0,0.0
1,q10,gain,albert_w14,0.0,0.0
1,q10,gain,albert_chg7,0.0,0.0
1,q10,gain,et0_w7,0.0,0.0
1,q10,gain,et0_w14,0.0,0.0
1,q10,gain,et0_w30,0.0,0.0
1,q10,gain,net_w7,0.0,0.0
1,q10,gain,net_w14,0.0,0.0
1,q10,gain,y_true_lag1,22178.455981220464,60.3370638212139
1,q10,gain,y_true_lag2,401.33443016815,1.091840710066131
1,q10,gain,y_true_lag3,33.515246180817485,0.09117909513214001
1,q10,gain,y_true_lag4,0.11544299870729446,0.0003140656674482817
1,q10,gain,y_det_lag1,5514.328994750977,15.001874827047846
1,q10,gain,y_det_lag2,0.8910660147666931,0.0024241681678570165
1,q10,gain,y_det_lag3,0.0,0.0
1,q10,gain,y_det_lag4,0.0,0.0
1,q10,gain,det_dates_prev,7174.225515960716,19.517666297006233
1,q10,gain,coverage_prev,1433.9621344208717,3.9011311199940018
1,q10,gain,year,0.0,0.0
1,q10,gain,month,0.0,0.0
1,q10,gain,week_of_year,0.0,0.0
1,q10,gain,month_sin,0.0,0.0
1,q10,gain,month_cos,0.0,0.0
1,q50,split,local_tp_w1,0.0,0.0
1,q50,split,local_tp_w3,0.0,0.0
1,q50,split,local_tp_w7,0.0,0.0
1,q50,split,local_tp_w14,0.0,0.0
1,q50,split,local_tp_w30,0.0,0.0
1,q50,split,local_ro_w1,2.0,2.3529411764705883
1,q50,split,local_ro_w3,3.0,3.5294117647058822
1,q50,split,local_ro_w7,2.0,2.3529411764705883
1,q50,split,local_ro_w14,0.0,0.0
1,q50,split,local_ro_w30,4.0,4.705882352941177
1,q50,split,up_tp_w1,0.0,0.0
1,q50,split,up_tp_w3,0.0,0.0
1,q50,split,up_tp_w7,1.0,1.1764705882352942
1,q50,split,up_tp_w14,0.0,0.0
1,q50,split,up_tp_w30,1.0,1.1764705882352942
1,q50,split,up_ro_w1,1.0,1.1764705882352942
1,q50,split,up_ro_w3,1.0,1.1764705882352942
1,q50,split,up_ro_w7,1.0,1.1764705882352942
1,q50,split,up_ro_w14,4.0,4.705882352941177
1,q50,split,up_ro_w30,7.0,8.235294117647058
1,q50,split,gauge_w1,0.0,0.0
1,q50,split,gauge_w3,0.0,0.0
1,q50,split,gauge_w7,0.0,0.0
1,q50,split,gauge_w14,0.0,0.0
1,q50,split,gauge_chg7,0.0,0.0
1,q50,split,albert_w1,0.0,0.0
1,q50,split,albert_w3,0.0,0.0
1,q50,split,albert_w7,0.0,0.0
1,q50,split,albert_w14,1.0,1.1764705882352942
1,q50,split,albert_chg7,0.0,0.0
1,q50,split,et0_w7,0.0,0.0
1,q50,split,et0_w14,0.0,0.0
1,q50,split,et0_w30,1.0,1.1764705882352942
1,q50,split,net_w7,0.0,0.0
1,q50,split,net_w14,0.0,0.0
1,q50,split,y_true_lag1,20.0,23.529411764705884
1,q50,split,y_true_lag2,7.0,8.235294117647058
1,q50,split,y_true_lag3,7.0,8.235294117647058
1,q50,split,y_true_lag4,3.0,3.5294117647058822
1,q50,split,y_det_lag1,0.0,0.0
1,q50,split,y_det_lag2,1.0,1.1764705882352942
1,q50,split,y_det_lag3,3.0,3.5294117647058822
1,q50,split,y_det_lag4,0.0,0.0
1,q50,split,det_dates_prev,14.0,16.470588235294116
1,q50,split,coverage_prev,0.0,0.0
1,q50,split,year,0.0,0.0
1,q50,split,month,0.0,0.0
1,q50,split,week_of_year,0.0,0.0
1,q50,split,month_sin,1.0,1.1764705882352942
1,q50,split,month_cos,0.0,0.0
1,q50,gain,local_tp_w1,0.0,0.0
1,q50,gain,local_tp_w3,0.0,0.0
1,q50,gain,local_tp_w7,0.0,0.0
1,q50,gain,local_tp_w14,0.0,0.0
1,q50,gain,local_tp_w30,0.0,0.0
1,q50,gain,local_ro_w1,1.270200029015541,0.07706323041661546
1,q50,gain,local_ro_w3,1.474993959069252,0.08948810953733563
1,q50,gain,local_ro_w7,0.23206793703138828,0.014079597303756375
1,q50,gain,local_ro_w14,0.0,0.0
1,q50,gain,local_ro_w30,2.878419041633606,0.17463412436929648
1,q50,gain,up_tp_w1,0.0,0.0
1,q50,gain,up_tp_w3,0.0,0.0
1,q50,gain,up_tp_w7,0.11098600178956985,0.006733537737010925
1,q50,gain,up_tp_w14,0.0,0.0
1,q50,gain,up_tp_w30,0.36456099152565,0.02211797122428441
1,q50,gain,up_ro_w1,3.5664000511169434,0.21637403764670474
1,q50,gain,up_ro_w3,0.5008779764175415,0.030388343588048223
1,q50,gain,up_ro_w7,0.4716080129146576,0.028612530416750406
1,q50,gain,up_ro_w14,3.1738170385360718,0.1925559661106675
1,q50,gain,up_ro_w30,19.730947703123093,1.197079620886515
1,q50,gain,gauge_w1,0.0,0.0
1,q50,gain,gauge_w3,0.0,0.0
1,q50,gain,gauge_w7,0.0,0.0
1,q50,gain,gauge_w14,0.0,0.0
1,q50,gain,gauge_chg7,0.0,0.0
1,q50,gain,albert_w1,0.0,0.0
1,q50,gain,albert_w3,0.0,0.0
1,q50,gain,albert_w7,0.0,0.0
1,q50,gain,albert_w14,0.40790000557899475,0.024747355848539508
1,q50,gain,albert_chg7,0.0,0.0
1,q50,gain,et0_w7,0.0,0.0
1,q50,gain,et0_w14,0.0,0.0
1,q50,gain,et0_w30,0.04050910100340843,0.0024576933658355454
1,q50,gain,net_w7,0.0,0.0
1,q50,gain,net_w14,0.0,0.0
1,q50,gain,y_true_lag1,1067.470622509718,64.76360625593077
1,q50,gain,y_true_lag2,74.5112795829773,4.520610751040676
1,q50,gain,y_true_lag3,46.29581397771835,2.8087741287919816
1,q50,gain,y_true_lag4,0.9685023490455933,0.058759185938123376
1,q50,gain,y_det_lag1,0.0,0.0
1,q50,gain,y_det_lag2,0.015604499727487564,0.0009467273898327663
1,q50,gain,y_det_lag3,18.80573034286499,1.1409465418514881
1,q50,gain,y_det_lag4,0.0,0.0
1,q50,gain,det_dates_prev,402.8864899724722,24.443185088378062
1,q50,gain,coverage_prev,0.0,0.0
1,q50,gain,year,0.0,0.0
1,q50,gain,month,0.0,0.0
1,q50,gain,week_of_year,0.0,0.0
1,q50,gain,month_sin,3.079590082168579,0.18683920222771247
1,q50,gain,month_cos,0.0,0.0
1,q90,split,local_tp_w1,0.0,0.0
1,q90,split,local_tp_w3,17.0,0.6984387838948234
1,q90,split,local_tp_w7,1.0,0.041084634346754315
1,q90,split,local_tp_w14,5.0,0.20542317173377156
1,q90,split,local_tp_w30,14.0,0.5751848808545604
1,q90,split,local_ro_w1,0.0,0.0
1,q90,split,local_ro_w3,61.0,2.506162695152013
1,q90,split,local_ro_w7,6.0,0.2465078060805259
1,q90,split,local_ro_w14,5.0,0.20542317173377156
1,q90,split,local_ro_w30,20.0,0.8216926869350862
1,q90,split,up_tp_w1,4.0,0.16433853738701726
1,q90,split,up_tp_w3,14.0,0.5751848808545604
1,q90,split,up_tp_w7,3.0,0.12325390304026294
1,q90,split,up_tp_w14,20.0,0.8216926869350862
1,q90,split,up_tp_w30,190.0,7.80608052588332
1,q90,split,up_ro_w1,97.0,3.9852095316351686
1,q90,split,up_ro_w3,221.0,9.079704190632704
1,q90,split,up_ro_w7,12.0,0.4930156121610518
1,q90,split,up_ro_w14,118.0,4.847986852917009
1,q90,split,up_ro_w30,175.0,7.189811010682005
1,q90,split,gauge_w1,235.0,9.654889071487263
1,q90,split,gauge_w3,0.0,0.0
1,q90,split,gauge_w7,0.0,0.0
1,q90,split,gauge_w14,27.0,1.1092851273623665
1,q90,split,gauge_chg7,32.0,1.314708299096138
1,q90,split,albert_w1,2.0,0.08216926869350863
1,q90,split,albert_w3,61.0,2.506162695152013
1,q90,split,albert_w7,22.0,0.903861955628595
1,q90,split,albert_w14,17.0,0.6984387838948234
1,q90,split,albert_chg7,29.0,1.191454396055875
1,q90,split,et0_w7,63.0,2.5883319638455218
1,q90,split,et0_w14,77.0,3.1635168447000823
1,q90,split,et0_w30,128.0,5.258833196384552
1,q90,split,net_w7,3.0,0.12325390304026294
1,q90,split,net_w14,0.0,0.0
1,q90,split,y_true_lag1,309.0,12.695152013147084
1,q90,split,y_true_lag2,146.0,5.99835661462613
1,q90,split,y_true_lag3,40.0,1.6433853738701725
1,q90,split,y_true_lag4,47.0,1.9309778142974527
1,q90,split,y_det_lag1,2.0,0.08216926869350863
1,q90,split,y_det_lag2,0.0,0.0
1,q90,split,y_det_lag3,6.0,0.2465078060805259
1,q90,split,y_det_lag4,0.0,0.0
1,q90,split,det_dates_prev,98.0,4.0262941659819225
1,q90,split,coverage_prev,16.0,0.657354149548069
1,q90,split,year,70.0,2.875924404272802
1,q90,split,month,1.0,0.041084634346754315
1,q90,split,week_of_year,11.0,0.4519309778142975
1,q90,split,month_sin,5.0,0.20542317173377156
1,q90,split,month_cos,4.0,0.16433853738701726
1,q90,gain,local_tp_w1,0.0,0.0
1,q90,gain,local_tp_w3,2.0993874832056463,0.19548688533912417
1,q90,gain,local_tp_w7,0.10275600105524063,0.009568243479055303
1,q90,gain,local_tp_w14,0.4569898992776871,0.04255314121661086
1,q90,gain,local_tp_w30,3.3816465114482526,0.31488591273847216
1,q90,gain,local_ro_w1,0.0,0.0
1,q90,gain,local_ro_w3,9.041115471627563,0.8418738883024534
1,q90,gain,local_ro_w7,0.8625330105423927,0.08031575546770738
1,q90,gain,local_ro_w14,0.9624345973134041,0.08961820687057127
1,q90,gain,local_ro_w30,7.819967180490494,0.7281652576274386
1,q90,gain,up_tp_w1,0.35542581230401993,0.0330958841911105
1,q90,gain,up_tp_w3,1.5629578158259392,0.14553661855014702
1,q90,gain,up_tp_w7,1.2137220203876495,0.11301712491435724
1,q90,gain,up_tp_w14,3.7890357304813733,0.35282042944232445
1,q90,gain,up_tp_w30,81.00365050906885,7.542748285293883
1,q90,gain,up_ro_w1,20.03454554732889,1.8655398012814113
1,q90,gain,up_ro_w3,29.179017446935177,2.717037842507977
1,q90,gain,up_ro_w7,1.6667794599197805,0.15520409060904566
1,q90,gain,up_ro_w14,51.2356875933765,4.770870106619792
1,q90,gain,up_ro_w30,48.60007390184205,4.525451899815732
1,q90,gain,gauge_w1,40.39516980513872,3.7614427975409996
1,q90,gain,gauge_w3,0.0,0.0
1,q90,gain,gauge_w7,0.0,0.0
1,q90,gain,gauge_w14,3.517480118200183,0.32753421559858464
1,q90,gain,gauge_chg7,4.657507213763893,0.43368915264415686
1,q90,gain,albert_w1,0.20481450110673904,0.01907153834817878
1,q90,gain,albert_w3,17.633914982783608,1.6420023191981712
1,q90,gain,albert_w7,4.2455928485433105,0.3953332717371893
1,q90,gain,albert_w14,2.3230736673576757,0.21631568220634387
1,q90,gain,albert_chg7,6.519385535269976,0.6070600986287898
1,q90,gain,et0_w7,16.150546276028763,1.5038767322768625
1,q90,gain,et0_w14,19.99004232790321,1.8613958327083466
1,q90,gain,et0_w30,34.30673610046506,3.1945112753510045
1,q90,gain,net_w7,0.3335317000746727,0.03105718869481985
1,q90,gain,net_w14,0.0,0.0
1,q90,gain,y_true_lag1,217.36598648008658,20.240284376076733
1,q90,gain,y_true_lag2,69.96176186771481,6.514570097118836
1,q90,gain,y_true_lag3,30.05475965345977,2.7985835874850298
1,q90,gain,y_true_lag4,12.02599162608385,1.119814071915773
1,q90,gain,y_det_lag1,0.6459660232067108,0.06014987081792118
1,q90,gain,y_det_lag2,0.0,0.0
1,q90,gain,y_det_lag3,3.1240245029330254,0.2908971424698452
1,q90,gain,y_det_lag4,0.0,0.0
1,q90,gain,det_dates_prev,295.26326363906264,27.493779126342936
1,q90,gain,coverage_prev,9.981341294944286,0.9294240995835766
1,q90,gain,year,18.092958875000477,1.6847467203348307
1,q90,gain,month,0.03648199886083603,0.0033970633745803456
1,q90,gain,week_of_year,1.2851078277744818,0.11966429665140219
1,q90,gain,month_sin,2.2006898503750563,0.2049197720233821
1,q90,gain,month_cos,0.24367734233965166,0.02269029660449196
1,det,split,local_tp_w1,88.0,4.99149177538287
1,det,split,local_tp_w3,39.0,2.212138400453772
1,det,split,local_tp_w7,5.0,0.28360748723766305
1,det,split,local_tp_w14,18.0,1.0209869540555871
1,det,split,local_tp_w30,14.0,0.7941009642654566
1,det,split,local_ro_w1,39.0,2.212138400453772
1,det,split,local_ro_w3,19.0,1.0777084515031197
1,det,split,local_ro_w7,17.0,0.9642654566080544
1,det,split,local_ro_w14,23.0,1.3045944412932502
1,det,split,local_ro_w30,24.0,1.3613159387407827
1,det,split,up_tp_w1,28.0,1.5882019285309132
1,det,split,up_tp_w3,20.0,1.1344299489506522
1,det,split,up_tp_w7,4.0,0.22688598979013047
1,det,split,up_tp_w14,12.0,0.6806579693703914
1,det,split,up_tp_w30,73.0,4.140669313669881
1,det,split,up_ro_w1,52.0,2.949517867271696
1,det,split,up_ro_w3,30.0,1.7016449234259785
1,det,split,up_ro_w7,20.0,1.1344299489506522
1,det,split,up_ro_w14,61.0,3.4600113442994895
1,det,split,up_ro_w30,88.0,4.99149177538287
1,det,split,gauge_w1,40.0,2.2688598979013044
1,det,split,gauge_w3,2.0,0.11344299489506524
1,det,split,gauge_w7,22.0,1.2478729438457175
1,det,split,gauge_w14,88.0,4.99149177538287
1,det,split,gauge_chg7,53.0,3.0062393647192285
1,det,split,albert_w1,40.0,2.2688598979013044
1,det,split,albert_w3,14.0,0.7941009642654566
1,det,split,albert_w7,14.0,0.7941009642654566
1,det,split,albert_w14,44.0,2.495745887691435
1,det,split,albert_chg7,28.0,1.5882019285309132
1,det,split,et0_w7,37.0,2.098695405558707
1,det,split,et0_w14,49.0,2.779353374929098
1,det,split,et0_w30,48.0,2.7226318774815654
1,det,split,net_w7,4.0,0.22688598979013047
1,det,split,net_w14,2.0,0.11344299489506524
1,det,split,y_true_lag1,88.0,4.99149177538287
1,det,split,y_true_lag2,84.0,4.76460578559274
1,det,split,y_true_lag3,48.0,2.7226318774815654
1,det,split,y_true_lag4,51.0,2.8927963698241634
1,det,split,y_det_lag1,5.0,0.28360748723766305
1,det,split,y_det_lag2,5.0,0.28360748723766305
1,det,split,y_det_lag3,4.0,0.22688598979013047
1,det,split,y_det_lag4,0.0,0.0
1,det,split,det_dates_prev,49.0,2.779353374929098
1,det,split,coverage_prev,6.0,0.3403289846851957
1,det,split,year,59.0,3.3465683494044245
1,det,split,month,27.0,1.5314804310833805
1,det,split,week_of_year,154.0,8.735110606920022
1,det,split,month_sin,20.0,1.1344299489506522
1,det,split,month_cos,4.0,0.22688598979013047
1,det,gain,local_tp_w1,85.48595187813044,0.5769613338440567
1,det,gain,local_tp_w3,56.80166111886501,0.3833654705093421
1,det,gain,local_tp_w7,2.077086016535759,0.014018657946486431
1,det,gain,local_tp_w14,12.780520586064085,0.0862582218780135
1,det,gain,local_tp_w30,7.302868439335725,0.04928848100859391
1,det,gain,local_ro_w1,30.42499414458871,0.20534420940746764
1,det,gain,local_ro_w3,24.669970154762268,0.16650243196304684
1,det,gain,local_ro_w7,18.191567424684763,0.12277843055456839
1,det,gain,local_ro_w14,16.953796265646815,0.11442447200088308
1,det,gain,local_ro_w30,25.19350636191666,0.1700358797607163
1,det,gain,up_tp_w1,18.337696358561516,0.12376468318146708
1,det,gain,up_tp_w3,13.769968258216977,0.09293619686866543
1,det,gain,up_tp_w7,6.672069013118744,0.04503109286069025
1,det,gain,up_tp_w14,8.698141749133356,0.05870545224435315
1,det,gain,up_tp_w30,95.10042670426992,0.6418512964405738
1,det,gain,up_ro_w1,59.58233004741487,0.40213274652075054
1,det,gain,up_ro_w3,32.533200956881046,0.21957290766391752
1,det,gain,up_ro_w7,19.97461438228129,0.13481256164113653
1,det,gain,up_ro_w14,221.68475328665227,1.4961935632593526
1,det,gain,up_ro_w30,895.5099826557562,6.043971234014091
1,det,gain,gauge_w1,34.95740448310971,0.2359343292691459
1,det,gain,gauge_w3,0.21578780561685562,0.0014563939152654362
1,det,gain,gauge_w7,11.087991694454104,0.07483501484318936
1,det,gain,gauge_w14,104.33451832830906,0.7041739787432648
1,det,gain,gauge_chg7,42.37745939847082,0.2860137246213325
1,det,gain,albert_w1,31.607274202629924,0.21332364771608164
1,det,gain,albert_w3,15.38984096609056,0.10386903317286553
1,det,gain,albert_w7,14.458897970616817,0.09758591763632646
1,det,gain,albert_w14,36.933465987443924,0.24927115311271628
1,det,gain,albert_chg7,18.112562373280525,0.12224521007989214
1,det,gain,et0_w7,29.89489609375596,0.20176647444918333
1,det,gain,et0_w14,59.43981344997883,0.40117087425583337
1,det,gain,et0_w30,80.29043115710374,0.5418957528993487
1,det,gain,net_w7,3.1650240421295166,0.021361363509162932
1,det,gain,net_w14,0.25625190511345863,0.0017294940013666156
1,det,gain,y_true_lag1,8694.07338231802,58.67799404458145
1,det,gain,y_true_lag2,635.0066616982222,4.285783599340094
1,det,gain,y_true_lag3,566.336617141962,3.822316098167583
1,det,gain,y_true_lag4,383.6112322360277,2.5890668977282867
1,det,gain,y_det_lag1,599.2066814899445,4.0441625624473305
1,det,gain,y_det_lag2,14.397969961166382,0.09717470263750301
1,det,gain,y_det_lag3,4.570610091090202,0.03084793742948471
1,det,gain,y_det_lag4,0.0,0.0
1,det,gain,det_dates_prev,776.3276357911527,5.239586369519668
1,det,gain,coverage_prev,24.860723972320557,0.16778986661864
1,det,gain,year,101.09325032681227,0.6822980299071839
1,det,gain,month,52.45892412588,0.3540554929872043
1,det,gain,week_of_year,194.1851591400009,1.3105934480305816
1,det,gain,month_sin,629.7711009979248,4.250447780779268
1,det,gain,month_cos,6.415800094604492,0.043301484032569074
2,q10,split,local_tp_w1,0.0,0.0
2,q10,split,local_tp_w3,0.0,0.0
2,q10,split,local_tp_w7,0.0,0.0
2,q10,split,local_tp_w14,0.0,0.0
2,q10,split,local_tp_w30,0.0,0.0
2,q10,split,local_ro_w1,0.0,0.0
2,q10,split,local_ro_w3,0.0,0.0
2,q10,split,local_ro_w7,0.0,0.0
2,q10,split,local_ro_w14,0.0,0.0
2,q10,split,local_ro_w30,1.0,9.090909090909092
2,q10,split,up_tp_w1,0.0,0.0
2,q10,split,up_tp_w3,0.0,0.0
2,q10,split,up_tp_w7,0.0,0.0
2,q10,split,up_tp_w14,0.0,0.0
2,q10,split,up_tp_w30,0.0,0.0
2,q10,split,up_ro_w1,0.0,0.0
2,q10,split,up_ro_w3,0.0,0.0
2,q10,split,up_ro_w7,0.0,0.0
2,q10,split,up_ro_w14,0.0,0.0
2,q10,split,up_ro_w30,1.0,9.090909090909092
2,q10,split,gauge_w1,0.0,0.0
2,q10,split,gauge_w3,0.0,0.0
2,q10,split,gauge_w7,0.0,0.0
2,q10,split,gauge_w14,0.0,0.0
2,q10,split,gauge_chg7,0.0,0.0
2,q10,split,albert_w1,0.0,0.0
2,q10,split,albert_w3,0.0,0.0
2,q10,split,albert_w7,0.0,0.0
2,q10,split,albert_w14,0.0,0.0
2,q10,split,albert_chg7,0.0,0.0
2,q10,split,et0_w7,0.0,0.0
2,q10,split,et0_w14,0.0,0.0
2,q10,split,et0_w30,0.0,0.0
2,q10,split,net_w7,0.0,0.0
2,q10,split,net_w14,0.0,0.0
2,q10,split,y_true_lag1,0.0,0.0
2,q10,split,y_true_lag2,2.0,18.181818181818183
2,q10,split,y_true_lag3,0.0,0.0
2,q10,split,y_true_lag4,0.0,0.0
2,q10,split,y_det_lag1,0.0,0.0
2,q10,split,y_det_lag2,0.0,0.0
2,q10,split,y_det_lag3,0.0,0.0
2,q10,split,y_det_lag4,0.0,0.0
2,q10,split,det_dates_prev,7.0,63.63636363636363
2,q10,split,coverage_prev,0.0,0.0
2,q10,split,year,0.0,0.0
2,q10,split,month,0.0,0.0
2,q10,split,week_of_year,0.0,0.0
2,q10,split,month_sin,0.0,0.0
2,q10,split,month_cos,0.0,0.0
2,q10,gain,local_tp_w1,0.0,0.0
2,q10,gain,local_tp_w3,0.0,0.0
2,q10,gain,local_tp_w7,0.0,0.0
2,q10,gain,local_tp_w14,0.0,0.0
2,q10,gain,local_tp_w30,0.0,0.0
2,q10,gain,local_ro_w1,0.0,0.0
2,q10,gain,local_ro_w3,0.0,0.0
2,q10,gain,local_ro_w7,0.0,0.0
2,q10,gain,local_ro_w14,0.0,0.0
2,q10,gain,local_ro_w30,1.6094000339508057,0.31546985849985476
2,q10,gain,up_tp_w1,0.0,0.0
2,q10,gain,up_tp_w3,0.0,0.0
2,q10,gain,up_tp_w7,0.0,0.0
2,q10,gain,up_tp_w14,0.0,0.0
2,q10,gain,up_tp_w30,0.0,0.0
2,q10,gain,up_ro_w1,0.0,0.0
2,q10,gain,up_ro_w3,0.0,0.0
2,q10,gain,up_ro_w7,0.0,0.0
2,q10,gain,up_ro_w14,0.0,0.0
2,q10,gain,up_ro_w30,2.9513399600982666,0.578512973751824
2,q10,gain,gauge_w1,0.0,0.0
2,q10,gain,gauge_w3,0.0,0.0
2,q10,gain,gauge_w7,0.0,0.0
2,q10,gain,gauge_w14,0.0,0.0
2,q10,gain,gauge_chg7,0.0,0.0
2,q10,gain,albert_w1,0.0,0.0
2,q10,gain,albert_w3,0.0,0.0
2,q10,gain,albert_w7,0.0,0.0
2,q10,gain,albert_w14,0.0,0.0
2,q10,gain,albert_chg7,0.0,0.0
2,q10,gain,et0_w7,0.0,0.0
2,q10,gain,et0_w14,0.0,0.0
2,q10,gain,et0_w30,0.0,0.0
2,q10,gain,net_w7,0.0,0.0
2,q10,gain,net_w14,0.0,0.0
2,q10,gain,y_true_lag1,0.0,0.0
2,q10,gain,y_true_lag2,29.690000534057617,5.819746532716966
2,q10,gain,y_true_lag3,0.0,0.0
2,q10,gain,y_true_lag4,0.0,0.0
2,q10,gain,y_det_lag1,0.0,0.0
2,q10,gain,y_det_lag2,0.0,0.0
2,q10,gain,y_det_lag3,0.0,0.0
2,q10,gain,y_det_lag4,0.0,0.0
2,q10,gain,det_dates_prev,475.9089436978102,93.28627063503136
2,q10,gain,coverage_prev,0.0,0.0
2,q10,gain,year,0.0,0.0
2,q10,gain,month,0.0,0.0
2,q10,gain,week_of_year,0.0,0.0
2,q10,gain,month_sin,0.0,0.0
2,q10,gain,month_cos,0.0,0.0
2,q50,split,local_tp_w1,0.0,0.0
2,q50,split,local_tp_w3,1.0,2.272727272727273
2,q50,split,local_tp_w7,0.0,0.0
2,q50,split,local_tp_w14,0.0,0.0
2,q50,split,local_tp_w30,0.0,0.0
2,q50,split,local_ro_w1,0.0,0.0
2,q50,split,local_ro_w3,0.0,0.0
2,q50,split,local_ro_w7,0.0,0.0
2,q50,split,local_ro_w14,1.0,2.272727272727273
2,q50,split,local_ro_w30,0.0,0.0
2,q50,split,up_tp_w1,0.0,0.0
2,q50,split,up_tp_w3,0.0,0.0
2,q50,split,up_tp_w7,0.0,0.0
2,q50,split,up_tp_w14,0.0,0.0
2,q50,split,up_tp_w30,0.0,0.0
2,q50,split,up_ro_w1,0.0,0.0
2,q50,split,up_ro_w3,1.0,2.272727272727273
2,q50,split,up_ro_w7,4.0,9.090909090909092
2,q50,split,up_ro_w14,0.0,0.0
2,q50,split,up_ro_w30,3.0,6.818181818181818
2,q50,split,gauge_w1,0.0,0.0
2,q50,split,gauge_w3,1.0,2.272727272727273
2,q50,split,gauge_w7,2.0,4.545454545454546
2,q50,split,gauge_w14,1.0,2.272727272727273
2,q50,split,gauge_chg7,0.0,0.0
2,q50,split,albert_w1,0.0,0.0
2,q50,split,albert_w3,0.0,0.0
2,q50,split,albert_w7,0.0,0.0
2,q50,split,albert_w14,0.0,0.0
2,q50,split,albert_chg7,0.0,0.0
2,q50,split,et0_w7,0.0,0.0
2,q50,split,et0_w14,0.0,0.0
2,q50,split,et0_w30,2.0,4.545454545454546
2,q50,split,net_w7,0.0,0.0
2,q50,split,net_w14,0.0,0.0
2,q50,split,y_true_lag1,7.0,15.909090909090908
2,q50,split,y_true_lag2,8.0,18.181818181818183
2,q50,split,y_true_lag3,2.0,4.545454545454546
2,q50,split,y_true_lag4,1.0,2.272727272727273
2,q50,split,y_det_lag1,0.0,0.0
2,q50,split,y_det_lag2,0.0,0.0
2,q50,split,y_det_lag3,0.0,0.0
2,q50,split,y_det_lag4,0.0,0.0
2,q50,split,det_dates_prev,6.0,13.636363636363637
2,q50,split,coverage_prev,0.0,0.0
2,q50,split,year,0.0,0.0
2,q50,split,month,1.0,2.272727272727273
2,q50,split,week_of_year,0.0,0.0
2,q50,split,month_sin,3.0,6.818181818181818
2,q50,split,month_cos,0.0,0.0
2,q50,gain,local_tp_w1,0.0,0.0
2,q50,gain,local_tp_w3,0.22532899677753448,0.016161761496496355
2,q50,gain,local_tp_w7,0.0,0.0
2,q50,gain,local_tp_w14,0.0,0.0
2,q50,gain,local_tp_w30,0.0,0.0
2,q50,gain,local_ro_w1,0.0,0.0
2,q50,gain,local_ro_w3,0.0,0.0
2,q50,gain,local_ro_w7,0.0,0.0
2,q50,gain,local_ro_w14,1.4995800256729126,0.10755763823758271
2,q50,gain,local_ro_w30,0.0,0.0
2,q50,gain,up_tp_w1,0.0,0.0
2,q50,gain,up_tp_w3,0.0,0.0
2,q50,gain,up_tp_w7,0.0,0.0
2,q50,gain,up_tp_w14,0.0,0.0
2,q50,gain,up_tp_w30,0.0,0.0
2,q50,gain,up_ro_w1,0.0,0.0
2,q50,gain,up_ro_w3,3.347409963607788,0.24009356202050264
2,q50,gain,up_ro_w7,8.927989766001701,0.6403616192537269
2,q50,gain,up_ro_w14,0.0,0.0
2,q50,gain,up_ro_w30,13.211480379104614,0.947595728718117
2,q50,gain,gauge_w1,0.0,0.0
2,q50,gain,gauge_w3,0.046667199581861496,0.0033472130091453762
2,q50,gain,gauge_w7,1.4624709635972977,0.10489598430399293
2,q50,gain,gauge_w14,0.14774300158023834,0.010596892492597123
2,q50,gain,gauge_chg7,0.0,0.0
2,q50,gain,albert_w1,0.0,0.0
2,q50,gain,albert_w3,0.0,0.0
2,q50,gain,albert_w7,0.0,0.0
2,q50,gain,albert_w14,0.0,0.0
2,q50,gain,albert_chg7,0.0,0.0
2,q50,gain,et0_w7,0.0,0.0
2,q50,gain,et0_w14,0.0,0.0
2,q50,gain,et0_w30,2.866633951663971,0.20560981891865898
2,q50,gain,net_w7,0.0,0.0
2,q50,gain,net_w14,0.0,0.0
2,q50,gain,y_true_lag1,811.627194404602,58.21410172516895
2,q50,gain,y_true_lag2,72.34228944778442,5.188763296718166
2,q50,gain,y_true_lag3,11.018490195274353,0.7903031262475413
2,q50,gain,y_true_lag4,1.4495400190353394,0.1039685100555671
2,q50,gain,y_det_lag1,0.0,0.0
2,q50,gain,y_det_lag2,0.0,0.0
2,q50,gain,y_det_lag3,0.0,0.0
2,q50,gain,y_det_lag4,0.0,0.0
2,q50,gain,det_dates_prev,460.56319861114025,33.03397554894212
2,q50,gain,coverage_prev,0.0,0.0
2,q50,gain,year,0.0,0.0
2,q50,gain,month,1.721619963645935,0.12348349141909662
2,q50,gain,week_of_year,0.0,0.0
2,q50,gain,month_sin,3.7529930993914604,0.26918408299774044
2,q50,gain,month_cos,0.0,0.0
2,q90,split,local_tp_w1,3.0,0.1982815598149372
2,q90,split,local_tp_w3,19.0,1.255783212161269
2,q90,split,local_tp_w7,7.0,0.46265697290152014
2,q90,split,local_tp_w14,11.0,0.7270323859881032
2,q90,split,local_tp_w30,20.0,1.3218770654329148
2,q90,split,local_ro_w1,13.0,0.8592200925313945
2,q90,split,local_ro_w3,21.0,1.3879709187045606
2,q90,split,local_ro_w7,33.0,2.1810971579643095
2,q90,split,local_ro_w14,53.0,3.502974223397224
2,q90,split,local_ro_w30,96.0,6.34500991407799
2,q90,split,up_tp_w1,19.0,1.255783212161269
2,q90,split,up_tp_w3,3.0,0.1982815598149372
2,q90,split,up_tp_w7,8.0,0.5287508261731659
2,q90,split,up_tp_w14,25.0,1.6523463317911433
2,q90,split,up_tp_w30,36.0,2.3793787177792467
2,q90,split,up_ro_w1,26.0,1.718440185062789
2,q90,split,up_ro_w3,12.0,0.7931262392597488
2,q90,split,up_ro_w7,21.0,1.3879709187045606
2,q90,split,up_ro_w14,102.0,6.741573033707865
2,q90,split,up_ro_w30,51.0,3.3707865168539324
2,q90,split,gauge_w1,20.0,1.3218770654329148
2,q90,split,gauge_w3,1.0,0.06609385327164574
2,q90,split,gauge_w7,18.0,1.1896893588896233
2,q90,split,gauge_w14,2.0,0.13218770654329148
2,q90,split,gauge_chg7,0.0,0.0
2,q90,split,albert_w1,0.0,0.0
2,q90,split,albert_w3,4.0,0.26437541308658297
2,q90,split,albert_w7,0.0,0.0
2,q90,split,albert_w14,0.0,0.0
2,q90,split,albert_chg7,48.0,3.172504957038995
2,q90,split,et0_w7,15.0,0.991407799074686
2,q90,split,et0_w14,36.0,2.3793787177792467
2,q90,split,et0_w30,109.0,7.204230006609385
2,q90,split,net_w7,15.0,0.991407799074686
2,q90,split,net_w14,11.0,0.7270323859881032
2,q90,split,y_true_lag1,162.0,10.70720423000661
2,q90,split,y_true_lag2,123.0,8.129543952412426
2,q90,split,y_true_lag3,55.0,3.6351619299405153
2,q90,split,y_true_lag4,60.0,3.965631196298744
2,q90,split,y_det_lag1,2.0,0.13218770654329148
2,q90,split,y_det_lag2,1.0,0.06609385327164574
2,q90,split,y_det_lag3,5.0,0.3304692663582287
2,q90,split,y_det_lag4,0.0,0.0
2,q90,split,det_dates_prev,92.0,6.080634500991408
2,q90,split,coverage_prev,11.0,0.7270323859881032
2,q90,split,year,18.0,1.1896893588896233
2,q90,split,month,63.0,4.163912756113682
2,q90,split,week_of_year,42.0,2.775941837409121
2,q90,split,month_sin,21.0,1.3879709187045606
2,q90,split,month_cos,0.0,0.0
2,q90,gain,local_tp_w1,0.2517865002155304,0.014312066021644546
2,q90,gain,local_tp_w3,18.50247992037248,1.051719269928475
2,q90,gain,local_tp_w7,2.8166126718278974,0.16010209634787664
2,q90,gain,local_tp_w14,2.8525112941861153,0.1621426483744432
2,q90,gain,local_tp_w30,3.299256815109402,0.1875365888154712
2,q90,gain,local_ro_w1,1.1213636128231883,0.06374062964955342
2,q90,gain,local_ro_w3,3.0182290664624816,0.1715623896860265
2,q90,gain,local_ro_w7,6.355207911833759,0.3612431768088585
2,q90,gain,local_ro_w14,16.029551417566836,0.9111528933806273
2,q90,gain,local_ro_w30,37.23330379393883,2.116418082965721
2,q90,gain,up_tp_w1,5.439221347842249,0.30917660386883233
2,q90,gain,up_tp_w3,3.693960040807724,0.20997233743708063
2,q90,gain,up_tp_w7,0.8828066997230053,0.05018056075274229
2,q90,gain,up_tp_w14,5.442981850261276,0.3093903586128301
2,q90,gain,up_tp_w30,9.556964232953305,0.5432376356613202
2,q90,gain,up_ro_w1,3.8793561910279095,0.22051063849706082
2,q90,gain,up_ro_w3,0.8890002588741481,0.05053261547928339
2,q90,gain,up_ro_w7,8.35877911071293,0.47513031234979525
2,q90,gain,up_ro_w14,61.81382114300504,3.5136255855318796
2,q90,gain,up_ro_w30,33.42790081395924,1.9001110981122435
2,q90,gain,gauge_w1,2.8338949838653207,0.16108445874885738
2,q90,gain,gauge_w3,0.19392700493335724,0.011023212505873663
2,q90,gain,gauge_w7,2.1948685888201,0.12476087528575719
2,q90,gain,gauge_w14,0.11941800266504288,0.0067879665385237285
2,q90,gain,gauge_chg7,0.0,0.0
2,q90,gain,albert_w1,0.0,0.0
2,q90,gain,albert_w3,2.129804248455912,0.12106248345716474
2,q90,gain,albert_w7,0.0,0.0
2,q90,gain,albert_w14,0.0,0.0
2,q90,gain,albert_chg7,6.266190159134567,0.35618322342518344
2,q90,gain,et0_w7,13.734872155589983,0.7807185727645548
2,q90,gain,et0_w14,9.179822496604174,0.5218001184571572
2,q90,gain,et0_w30,33.427818179363385,1.9001064009907118
2,q90,gain,net_w7,2.336025506956503,0.1327845267922944
2,q90,gain,net_w14,3.9634514562785625,0.22529078750165316
2,q90,gain,y_true_lag1,530.2442975182203,30.140183795339208
2,q90,gain,y_true_lag2,115.3883090200834,6.558910407856306
2,q90,gain,y_true_lag3,22.543109548161738,1.2813970245039996
2,q90,gain,y_true_lag4,31.65178995579481,1.799153279317155
2,q90,gain,y_det_lag1,2.2020490169525146,0.12516902568860575
2,q90,gain,y_det_lag2,0.06205129995942116,0.00352712437318086
2,q90,gain,y_det_lag3,2.4270957447588444,0.13796114767911027
2,q90,gain,y_det_lag4,0.0,0.0
2,q90,gain,det_dates_prev,633.6169243815821,36.016097949723274
2,q90,gain,coverage_prev,32.910817303927615,1.870719000728383
2,q90,gain,year,7.609331775456667,0.43253017400738375
2,q90,gain,month,49.43840388581157,2.8101812440809333
2,q90,gain,week_of_year,7.511716744164005,0.42698153350692175
2,q90,gain,month_sin,22.40924837847706,1.273788078446043
2,q90,gain,month_cos,0.0,0.0
2,det,split,local_tp_w1,61.0,1.7972893341190337
2,det,split,local_tp_w3,61.0,1.7972893341190337
2,det,split,local_tp_w7,16.0,0.4714201532115498
2,det,split,local_tp_w14,28.0,0.8249852681202121
2,det,split,local_tp_w30,46.0,1.3553329404832057
2,det,split,local_ro_w1,66.0,1.944608131997643
2,det,split,local_ro_w3,56.0,1.6499705362404242
2,det,split,local_ro_w7,87.0,2.563347083087802
2,det,split,local_ro_w14,27.0,0.7955215085444903
2,det,split,local_ro_w30,97.0,2.8579846788450207
2,det,split,up_tp_w1,80.0,2.3571007660577488
2,det,split,up_tp_w3,27.0,0.7955215085444903
2,det,split,up_tp_w7,31.0,0.9133765468473777
2,det,split,up_tp_w14,41.0,1.2080141426045963
2,det,split,up_tp_w30,93.0,2.740129640542133
2,det,split,up_ro_w1,89.0,2.6222746022392456
2,det,split,up_ro_w3,91.0,2.6812021213906894
2,det,split,up_ro_w7,58.0,1.708898055391868
2,det,split,up_ro_w14,73.0,2.1508544490276957
2,det,split,up_ro_w30,129.0,3.8008249852681204
2,det,split,gauge_w1,79.0,2.327637006482027
2,det,split,gauge_w3,102.0,3.00530347672363
2,det,split,gauge_w7,68.0,2.0035356511490865
2,det,split,gauge_w14,68.0,2.0035356511490865
2,det,split,gauge_chg7,152.0,4.478491455509723
2,det,split,albert_w1,61.0,1.7972893341190337
2,det,split,albert_w3,20.0,0.5892751915144372
2,det,split,albert_w7,11.0,0.3241013553329405
2,det,split,albert_w14,97.0,2.8579846788450207
2,det,split,albert_chg7,92.0,2.7106658809664115
2,det,split,et0_w7,111.0,3.2704773129051268
2,det,split,et0_w14,35.0,1.0312315851502651
2,det,split,et0_w30,108.0,3.1820860341779613
2,det,split,net_w7,44.0,1.296405421331762
2,det,split,net_w14,17.0,0.5008839127872716
2,det,split,y_true_lag1,165.0,4.861520329994107
2,det,split,y_true_lag2,102.0,3.00530347672363
2,det,split,y_true_lag3,74.0,2.180318208603418
2,det,split,y_true_lag4,75.0,2.2097819681791395
2,det,split,y_det_lag1,6.0,0.17678255745433116
2,det,split,y_det_lag2,0.0,0.0
2,det,split,y_det_lag3,3.0,0.08839127872716558
2,det,split,y_det_lag4,0.0,0.0
2,det,split,det_dates_prev,70.0,2.0624631703005303
2,det,split,coverage_prev,11.0,0.3241013553329405
2,det,split,year,147.0,4.331172657631114
2,det,split,month,44.0,1.296405421331762
2,det,split,week_of_year,317.0,9.34001178550383
2,det,split,month_sin,49.0,1.4437242192103712
2,det,split,month_cos,9.0,0.26517383618149676
2,det,gain,local_tp_w1,64.69724972639233,0.2107725122892681
2,det,gain,local_tp_w3,72.32560861483216,0.2356243935417216
2,det,gain,local_tp_w7,22.45752922911197,0.0731627677443399
2,det,gain,local_tp_w14,27.647875025868416,0.09007202165944295
2,det,gain,local_tp_w30,27.01410685278097,0.08800731395369749
2,det,gain,local_ro_w1,78.20560210198164,0.2547804010191996
2,det,gain,local_ro_w3,82.29294510060572,0.26809626152410926
2,det,gain,local_ro_w7,118.03981592832133,0.384553418554758
2,det,gain,local_ro_w14,46.13974321633577,0.15031534779633196
2,det,gain,local_ro_w30,164.21234874101356,0.5349755892165167
2,det,gain,up_tp_w1,98.42585880309343,0.3206545196571773
2,det,gain,up_tp_w3,33.95477788662538,0.11061882645173135
2,det,gain,up_tp_w7,35.3040380171733,0.11501448389698622
2,det,gain,up_tp_w14,44.103663244690324,0.1436821494353434
2,det,gain,up_tp_w30,117.48848656669725,0.3827572823180589
2,det,gain,up_ro_w1,93.88918911386281,0.3058748300742422
2,det,gain,up_ro_w3,146.730113490019,0.4780214735490469
2,det,gain,up_ro_w7,66.64421832375228,0.21711540111915398
2,det,gain,up_ro_w14,242.9903283167223,0.7916206976015694
2,det,gain,up_ro_w30,705.0392223335803,2.2968965262382723
2,det,gain,gauge_w1,130.66622476994417,0.42568808693703136
2,det,gain,gauge_w3,94.8845614521997,0.3091175819578501
2,det,gain,gauge_w7,76.61053205223288,0.2495839371341858
2,det,gain,gauge_w14,92.14224236179143,0.30018357801442774
2,det,gain,gauge_chg7,142.52738229185343,0.4643296981357176
2,det,gain,albert_w1,76.96530024940148,0.2507397109037632
2,det,gain,albert_w3,21.427791982889175,0.06980806090128112
2,det,gain,albert_w7,10.913236849941313,0.03555344868286744
2,det,gain,albert_w14,101.55514689907432,0.3308492020657207
2,det,gain,albert_chg7,121.06278454192216,0.3944017303756596
2,det,gain,et0_w7,124.25646570403478,0.4048061943186576
2,det,gain,et0_w14,34.39590919576585,0.11205595638646894
2,det,gain,et0_w30,205.18669100633633,0.6684629491148986
2,det,gain,net_w7,24.837644025683403,0.08091677239417859
2,det,gain,net_w14,14.940226899459958,0.048672689659732045
2,det,gain,y_true_lag1,18515.805800712376,60.32131075402315
2,det,gain,y_true_lag2,1503.3551395386457,4.8976724816523785
2,det,gain,y_true_lag3,384.6131645850837,1.2530035403661706
2,det,gain,y_true_lag4,273.05661760270596,0.8895714969759287
2,det,gain,y_det_lag1,1172.8178703188896,3.8208389078403213
2,det,gain,y_det_lag2,0.0,0.0
2,det,gain,y_det_lag3,5.028841108083725,0.016383099416696925
2,det,gain,y_det_lag4,0.0,0.0
2,det,gain,det_dates_prev,1729.3506946638227,5.633927131137267
2,det,gain,coverage_prev,35.54205410182476,0.11578989936424958
2,det,gain,year,243.1534884274006,0.7921522451801526
2,det,gain,month,303.26573632727377,0.9879876100958733
2,det,gain,week_of_year,582.3272164911032,1.8971219165159792
2,det,gain,month_sin,2374.659143984318,7.736231072030877
2,det,gain,month_cos,12.346885919570923,0.04022403077754552
3,q10,split,local_tp_w1,0.0,0.0
3,q10,split,local_tp_w3,1.0,0.02229157378510923
3,q10,split,local_tp_w7,4.0,0.08916629514043692
3,q10,split,local_tp_w14,14.0,0.3120820329915292
3,q10,split,local_tp_w30,59.0,1.3152028533214446
3,q10,split,local_ro_w1,121.0,2.6972804279982165
3,q10,split,local_ro_w3,46.0,1.0254123941150246
3,q10,split,local_ro_w7,73.0,1.6272848863129736
3,q10,split,local_ro_w14,41.0,0.9139545251894784
3,q10,split,local_ro_w30,39.0,0.8693713776192599
3,q10,split,up_tp_w1,0.0,0.0
3,q10,split,up_tp_w3,0.0,0.0
3,q10,split,up_tp_w7,1.0,0.02229157378510923
3,q10,split,up_tp_w14,66.0,1.471243869817209
3,q10,split,up_tp_w30,32.0,0.7133303611234953
3,q10,split,up_ro_w1,48.0,1.069995541685243
3,q10,split,up_ro_w3,65.0,1.4489522960321
3,q10,split,up_ro_w7,54.0,1.2037449843958983
3,q10,split,up_ro_w14,65.0,1.4489522960321
3,q10,split,up_ro_w30,406.0,9.050378956754347
3,q10,split,gauge_w1,56.0,1.2483281319661168
3,q10,split,gauge_w3,87.0,1.939366919304503
3,q10,split,gauge_w7,84.0,1.8724921979491753
3,q10,split,gauge_w14,79.0,1.761034329023629
3,q10,split,gauge_chg7,0.0,0.0
3,q10,split,albert_w1,48.0,1.069995541685243
3,q10,split,albert_w3,31.0,0.6910387873383861
3,q10,split,albert_w7,52.0,1.15916183682568
3,q10,split,albert_w14,47.0,1.0477039679001336
3,q10,split,albert_chg7,51.0,1.1368702630405707
3,q10,split,et0_w7,41.0,0.9139545251894784
3,q10,split,et0_w14,35.0,0.780205082478823
3,q10,split,et0_w30,85.0,1.8947837717342844
3,q10,split,net_w7,50.0,1.1145786892554614
3,q10,split,net_w14,11.0,0.24520731163620152
3,q10,split,y_true_lag1,872.0,19.438252340615247
3,q10,split,y_true_lag2,662.0,14.75702184574231
3,q10,split,y_true_lag3,190.0,4.235399019170753
3,q10,split,y_true_lag4,140.0,3.120820329915292
3,q10,split,y_det_lag1,104.0,2.31832367365136
3,q10,split,y_det_lag2,14.0,0.3120820329915292
3,q10,split,y_det_lag3,2.0,0.04458314757021846
3,q10,split,y_det_lag4,3.0,0.06687472135532768
3,q10,split,det_dates_prev,330.0,7.356219349086046
3,q10,split,coverage_prev,45.0,1.0031208203299153
3,q10,split,year,0.0,0.0
3,q10,split,month,18.0,0.4012483281319661
3,q10,split,week_of_year,146.0,3.2545697726259473
3,q10,split,month_sin,63.0,1.4043691484618814
3,q10,split,month_cos,5.0,0.11145786892554614
3,q10,gain,local_tp_w1,0.0,0.0
3,q10,gain,local_tp_w3,0.021218400448560715,5.899100745403799e-06
3,q10,gain,local_tp_w7,0.270572604611516,7.522409888620564e-05
3,q10,gain,local_tp_w14,3.581268463633023,0.000995657684683848
3,q10,gain,local_tp_w30,4.769753613480134,0.0013260781445277004
3,q10,gain,local_ro_w1,5.972024366861433,0.0016603312525620478
3,q10,gain,local_ro_w3,2.6459981795342173,0.0007356355570283426
3,q10,gain,local_ro_w7,16.519273957883115,0.004592658223918476
3,q10,gain,local_ro_w14,20.584649266209453,0.005722906404964604
3,q10,gain,local_ro_w30,6.574611363466829,0.0018278613832834073
3,q10,gain,up_tp_w1,0.0,0.0
3,q10,gain,up_tp_w3,0.0,0.0
3,q10,gain,up_tp_w7,1.8301000595092773,0.0005088010593158084
3,q10,gain,up_tp_w14,6.820140477502719,0.001896122936888203
3,q10,gain,up_tp_w30,1.831805809517391,0.0005092752888020851
3,q10,gain,up_ro_w1,23.347235487031867,0.0064909555552294254
3,q10,gain,up_ro_w3,15.913412969739511,0.004424217864079219
3,q10,gain,up_ro_w7,20.024149090168066,0.005567077174844245
3,q10,gain,up_ro_w14,30.09645094336861,0.008367360047919053
3,q10,gain,up_ro_w30,962.9508613037991,0.26771783092112367
3,q10,gain,gauge_w1,3.0217056617232174,0.0008400890615989595
3,q10,gain,gauge_w3,2.8284021656925233,0.0007863471784495547
3,q10,gain,gauge_w7,4.197354257029929,0.0011669407261115491
3,q10,gain,gauge_w14,4.9887768984096965,0.0013869705961769676
3,q10,gain,gauge_chg7,0.0,0.0
3,q10,gain,albert_w1,2.198666417344839,0.0006112692016015293
3,q10,gain,albert_w3,1.827378715173836,0.0005080444761588159
3,q10,gain,albert_w7,3.3518779323785566,0.0009318829502408667
3,q10,gain,albert_w14,2.5502495250497645,0.0007090156918594316
3,q10,gain,albert_chg7,2.8960382393270265,0.0008051512354924383
3,q10,gain,et0_w7,5.937702079307314,0.0016507890331763167
3,q10,gain,et0_w14,2.721473206220253,0.000756618985409871
3,q10,gain,et0_w30,7.6097823534398685,0.002115657721813938
3,q10,gain,net_w7,2.8049911707930733,0.0007798384966195179
3,q10,gain,net_w14,0.615482933819294,0.00017111543551450874
3,q10,gain,y_true_lag1,264118.2270106714,73.42966467291211
3,q10,gain,y_true_lag2,9778.709583277698,2.718658889092352
3,q10,gain,y_true_lag3,614.9101977462891,0.1709562044827741
3,q10,gain,y_true_lag4,93.98196107875833,0.02612869231110306
3,q10,gain,y_det_lag1,47009.17151880264,13.069403578260504
3,q10,gain,y_det_lag2,29.52034981176257,0.008207193468768846
3,q10,gain,y_det_lag3,1.5927039980888367,0.0004428006420705847
3,q10,gain,y_det_lag4,0.5862642824649811,0.00016299211969709928
3,q10,gain,det_dates_prev,31841.62855481253,8.852551124102611
3,q10,gain,coverage_prev,4874.500914953416,1.3551997970150345
3,q10,gain,year,0.0,0.0
3,q10,gain,month,0.4848884762322996,0.0001348078041280297
3,q10,gain,week_of_year,9.231759572581495,0.002566596851069338
3,q10,gain,month_sin,144.57494257870712,0.04019446016208134
3,q10,gain,month_cos,0.30417899787425995,8.45672866551043e-05
3,q50,split,local_tp_w1,5.0,0.09081002542680712
3,q50,split,local_tp_w3,60.0,1.0897203051216855
3,q50,split,local_tp_w7,3.0,0.05448601525608427
3,q50,split,local_tp_w14,22.0,0.3995641118779513
3,q50,split,local_tp_w30,60.0,1.0897203051216855
3,q50,split,local_ro_w1,87.0,1.5800944424264438
3,q50,split,local_ro_w3,73.0,1.325826371231384
3,q50,split,local_ro_w7,103.0,1.8706865237922266
3,q50,split,local_ro_w14,110.0,1.9978205593897567
3,q50,split,local_ro_w30,184.0,3.341808935706502
3,q50,split,up_tp_w1,10.0,0.18162005085361424
3,q50,split,up_tp_w3,6.0,0.10897203051216854
3,q50,split,up_tp_w7,58.0,1.0533962949509625
3,q50,split,up_tp_w14,97.0,1.7617144932800581
3,q50,split,up_tp_w30,121.0,2.1976026153287322
3,q50,split,up_ro_w1,157.0,2.8514347984017436
3,q50,split,up_ro_w3,118.0,2.143116600072648
3,q50,split,up_ro_w7,149.0,2.7061387577188523
3,q50,split,up_ro_w14,116.0,2.106792589901925
3,q50,split,up_ro_w30,305.0,5.539411551035235
3,q50,split,gauge_w1,15.0,0.2724300762804214
3,q50,split,gauge_w3,59.0,1.071558300036324
3,q50,split,gauge_w7,22.0,0.3995641118779513
3,q50,split,gauge_w14,120.0,2.179440610243371
3,q50,split,gauge_chg7,0.0,0.0
3,q50,split,albert_w1,105.0,1.9070105339629495
3,q50,split,albert_w3,46.0,0.8354522339266255
3,q50,split,albert_w7,69.0,1.2531783508899383
3,q50,split,albert_w14,75.0,1.3621503814021068
3,q50,split,albert_chg7,52.0,0.944424264438794
3,q50,split,et0_w7,86.0,1.5619324373410826
3,q50,split,et0_w14,97.0,1.7617144932800581
3,q50,split,et0_w30,160.0,2.905920813657828
3,q50,split,net_w7,109.0,1.9796585543043952
3,q50,split,net_w14,49.0,0.8899382491827098
3,q50,split,y_true_lag1,568.0,10.316018888485289
3,q50,split,y_true_lag2,517.0,9.389756629131856
3,q50,split,y_true_lag3,341.0,6.193243734108245
3,q50,split,y_true_lag4,371.0,6.738103886669088
3,q50,split,y_det_lag1,71.0,1.289502361060661
3,q50,split,y_det_lag2,29.0,0.5266981474754813
3,q50,split,y_det_lag3,41.0,0.7446422084998183
3,q50,split,y_det_lag4,11.0,0.19978205593897566
3,q50,split,det_dates_prev,188.0,3.414456956047948
3,q50,split,coverage_prev,24.0,0.43588812204867416
3,q50,split,year,0.0,0.0
3,q50,split,month,48.0,0.8717762440973483
3,q50,split,week_of_year,226.0,4.104613149291682
3,q50,split,month_sin,154.0,2.7969487831456594
3,q50,split,month_cos,9.0,0.16345804576825282
3,q50,gain,local_tp_w1,2.754264060407877,0.004117994204954548
3,q50,gain,local_tp_w3,32.70502591706463,0.04889840053295976
3,q50,gain,local_tp_w7,0.3579056095331907,0.000535116892808071
3,q50,gain,local_tp_w14,7.347365086432546,0.010985296320184327
3,q50,gain,local_tp_w30,26.407724089804105,0.03948308963220747
3,q50,gain,local_ro_w1,30.094206360779935,0.04499487510215186
3,q50,gain,local_ro_w3,26.363517461315496,0.03941699479309836
3,q50,gain,local_ro_w7,36.64778218923311,0.054793350009203365
3,q50,gain,local_ro_w14,41.45423793862574,0.06197964605354059
3,q50,gain,local_ro_w30,118.77226836603222,0.17758047235608776
3,q50,gain,up_tp_w1,4.465146569535136,0.006675993040004808
3,q50,gain,up_tp_w3,3.366851031780243,0.00503389389460467
3,q50,gain,up_tp_w7,18.7090447479859,0.027972531377776427
3,q50,gain,up_tp_w14,29.435993081409833,0.04401075796210218
3,q50,gain,up_tp_w30,53.64930183060642,0.0802129023190237
3,q50,gain,up_ro_w1,77.26303633860516,0.11551860276332811
3,q50,gain,up_ro_w3,47.33937153617444,0.07077871016596993
3,q50,gain,up_ro_w7,115.28808424472663,0.1723711497545336
3,q50,gain,up_ro_w14,75.95104684331454,0.1135570024882376
3,q50,gain,up_ro_w30,746.6673815505419,1.116367887325363
3,q50,gain,gauge_w1,5.815098999068141,0.008694352993827821
3,q50,gain,gauge_w3,19.69140331214294,0.02944128919680235
3,q50,gain,gauge_w7,7.080612152814865,0.010586464904350668
3,q50,gain,gauge_w14,36.239578532768064,0.05418303078966005
3,q50,gain,gauge_chg7,0.0,0.0
3,q50,gain,albert_w1,36.19183865781815,0.05411165327317027
3,q50,gain,albert_w3,17.97621132270433,0.026876847110647882
3,q50,gain,albert_w7,23.57052164664492,0.03524109142035767
3,q50,gain,albert_w14,24.64042179248645,0.036840735646119734
3,q50,gain,albert_chg7,18.77133016975131,0.028065656437777073
3,q50,gain,et0_w7,30.332161352627736,0.04535064973231718
3,q50,gain,et0_w14,31.173107843984326,0.046607977534637794
3,q50,gain,et0_w30,142.52244535151112,0.21309017260551244
3,q50,gain,net_w7,36.3152399980645,0.054296154828893585
3,q50,gain,net_w14,19.536866657348583,0.02921023616959116
3,q50,gain,y_true_lag1,34353.38764627439,51.36292241600296
3,q50,gain,y_true_lag2,5150.271416995849,7.700346584049446
3,q50,gain,y_true_lag3,9630.115732458304,14.398314725652039
3,q50,gain,y_true_lag4,2567.1922562525433,3.838296765447613
3,q50,gain,y_det_lag1,7384.971561431885,11.041523044535918
3,q50,gain,y_det_lag2,149.12306775152683,0.2229589884474955
3,q50,gain,y_det_lag3,2168.9728484153748,3.242905336809124
3,q50,gain,y_det_lag4,28.350345194339752,0.04238756875092913
3,q50,gain,det_dates_prev,2481.797776318919,3.7106205638238317
3,q50,gain,coverage_prev,140.47812275751494,0.21003363611863424
3,q50,gain,year,0.0,0.0
3,q50,gain,month,113.48528389632702,0.16967572142065765
3,q50,gain,week_of_year,61.88993213845242,0.09253374996057383
3,q50,gain,month_sin,705.8118921767018,1.0552834506874538
3,q50,gain,month_cos,2.887010984122753,0.004316468661504095
3,q90,split,local_tp_w1,5.0,0.6702412868632708
3,q90,split,local_tp_w3,9.0,1.2064343163538873
3,q90,split,local_tp_w7,6.0,0.8042895442359249
3,q90,split,local_tp_w14,15.0,2.0107238605898123
3,q90,split,local_tp_w30,9.0,1.2064343163538873
3,q90,split,local_ro_w1,2.0,0.2680965147453083
3,q90,split,local_ro_w3,10.0,1.3404825737265416
3,q90,split,local_ro_w7,7.0,0.938337801608579
3,q90,split,local_ro_w14,6.0,0.8042895442359249
3,q90,split,local_ro_w30,30.0,4.021447721179625
3,q90,split,up_tp_w1,3.0,0.40214477211796246
3,q90,split,up_tp_w3,14.0,1.876675603217158
3,q90,split,up_tp_w7,8.0,1.0723860589812333
3,q90,split,up_tp_w14,34.0,4.557640750670242
3,q90,split,up_tp_w30,19.0,2.546916890080429
3,q90,split,up_ro_w1,19.0,2.546916890080429
3,q90,split,up_ro_w3,30.0,4.021447721179625
3,q90,split,up_ro_w7,27.0,3.6193029490616624
3,q90,split,up_ro_w14,26.0,3.485254691689008
3,q90,split,up_ro_w30,16.0,2.1447721179624666
3,q90,split,gauge_w1,4.0,0.5361930294906166
3,q90,split,gauge_w3,0.0,0.0
3,q90,split,gauge_w7,0.0,0.0
3,q90,split,gauge_w14,0.0,0.0
3,q90,split,gauge_chg7,35.0,4.6916890080428955
3,q90,split,albert_w1,9.0,1.2064343163538873
3,q90,split,albert_w3,4.0,0.5361930294906166
3,q90,split,albert_w7,9.0,1.2064343163538873
3,q90,split,albert_w14,12.0,1.6085790884718498
3,q90,split,albert_chg7,6.0,0.8042895442359249
3,q90,split,et0_w7,23.0,3.0831099195710454
3,q90,split,et0_w14,9.0,1.2064343163538873
3,q90,split,et0_w30,29.0,3.8873994638069704
3,q90,split,net_w7,3.0,0.40214477211796246
3,q90,split,net_w14,4.0,0.5361930294906166
3,q90,split,y_true_lag1,88.0,11.796246648793566
3,q90,split,y_true_lag2,66.0,8.847184986595174
3,q90,split,y_true_lag3,16.0,2.1447721179624666
3,q90,split,y_true_lag4,26.0,3.485254691689008
3,q90,split,y_det_lag1,0.0,0.0
3,q90,split,y_det_lag2,3.0,0.40214477211796246
3,q90,split,y_det_lag3,1.0,0.13404825737265416
3,q90,split,y_det_lag4,0.0,0.0
3,q90,split,det_dates_prev,65.0,8.71313672922252
3,q90,split,coverage_prev,6.0,0.8042895442359249
3,q90,split,year,6.0,0.8042895442359249
3,q90,split,month,2.0,0.2680965147453083
3,q90,split,week_of_year,7.0,0.938337801608579
3,q90,split,month_sin,18.0,2.4128686327077746
3,q90,split,month_cos,0.0,0.0
3,q90,gain,local_tp_w1,2.5573019683361053,0.1172231431103662
3,q90,gain,local_tp_w3,11.641180407255888,0.533615417244303
3,q90,gain,local_tp_w7,0.4397223945707083,0.020156259145701492
3,q90,gain,local_tp_w14,7.707621672016103,0.3533065901040887
3,q90,gain,local_tp_w30,1.0293476656079292,0.04718385634934955
3,q90,gain,local_ro_w1,0.19854840263724327,0.009101180894888055
3,q90,gain,local_ro_w3,2.0311802998185158,0.0931064621686041
3,q90,gain,local_ro_w7,0.5949336371268146,0.027270925275775394
3,q90,gain,local_ro_w14,3.9196212999522686,0.17966995461302376
3,q90,gain,local_ro_w30,20.27761039204779,0.9294972804755837
3,q90,gain,up_tp_w1,1.0429044850170612,0.047805281977372695
3,q90,gain,up_tp_w3,3.128813068004092,0.1434204120504643
3,q90,gain,up_tp_w7,1.0570733062922955,0.04845476091439969
3,q90,gain,up_tp_w14,7.167203398887068,0.3285345728160092
3,q90,gain,up_tp_w30,4.413138921918289,0.2022921116924442
3,q90,gain,up_ro_w1,5.370330794714391,0.24616844748624273
3,q90,gain,up_ro_w3,11.192633599741384,0.5130546593596244
3,q90,gain,up_ro_w7,24.16829102439806,1.1078406353901658
3,q90,gain,up_ro_w14,32.38252528011799,1.4843696372924458
3,q90,gain,up_ro_w30,8.128713115118444,0.3726088325097649
3,q90,gain,gauge_w1,0.3500135997310281,0.016044133543814728
3,q90,gain,gauge_w3,0.0,0.0
3,q90,gain,gauge_w7,0.0,0.0
3,q90,gain,gauge_w14,0.0,0.0
3,q90,gain,gauge_chg7,4.1704255327931605,0.19116646962885603
3,q90,gain,albert_w1,1.1009129308026786,0.05046430794541732
3,q90,gain,albert_w3,0.7588634118437767,0.03478523671792376
3,q90,gain,albert_w7,1.2124456935562193,0.05557681369234696
3,q90,gain,albert_w14,2.2720410021720454,0.1041471796635434
3,q90,gain,albert_chg7,0.6652279011905193,0.03049311595884866
3,q90,gain,et0_w7,29.59339970489964,1.3565200244955138
3,q90,gain,et0_w14,11.57631804049015,0.5306422171310585
3,q90,gain,et0_w30,28.93906908482313,1.3265264246514448
3,q90,gain,net_w7,3.4916662068783353,0.1600530920987951
3,q90,gain,net_w14,2.313560377806425,0.10605036973343125
3,q90,gain,y_true_lag1,867.619721416384,39.770473736874614
3,q90,gain,y_true_lag2,99.96005515878085,4.5820290275777955
3,q90,gain,y_true_lag3,7.156694847624749,0.3280528755335772
3,q90,gain,y_true_lag4,8.103752702940255,0.37146468214931244
3,q90,gain,y_det_lag1,0.0,0.0
3,q90,gain,y_det_lag2,0.37774310261011124,0.017315215146465283
3,q90,gain,y_det_lag3,1.0278300046920776,0.047114288897036664
3,q90,gain,y_det_lag4,0.0,0.0
3,q90,gain,det_dates_prev,863.8961520646699,39.59979052918078
3,q90,gain,coverage_prev,30.23269873857498,1.3858245974566816
3,q90,gain,year,1.0427349777892232,0.0477975120032855
3,q90,gain,month,2.5922390669584274,0.11882461081436602
3,q90,gain,week_of_year,2.960878998041153,0.13572254931852407
3,q90,gain,month_sin,61.70433962345123,2.8284405689159544
3,q90,gain,month_cos,0.0,0.0
3,det,split,local_tp_w1,64.0,1.305855947765762
3,det,split,local_tp_w3,65.0,1.3262599469496021
3,det,split,local_tp_w7,46.0,0.9385839624566416
3,det,split,local_tp_w14,64.0,1.305855947765762
3,det,split,local_tp_w30,42.0,0.8569679657212814
3,det,split,local_ro_w1,121.0,2.4688839012446437
3,det,split,local_ro_w3,99.0,2.0199959192001633
3,det,split,local_ro_w7,98.0,1.9995919200163232
3,det,split,local_ro_w14,53.0,1.0814119567435216
3,det,split,local_ro_w30,94.0,1.917975923280963
3,det,split,up_tp_w1,113.0,2.3056519077739237
3,det,split,up_tp_w3,90.0,1.836359926545603
3,det,split,up_tp_w7,42.0,0.8569679657212814
3,det,split,up_tp_w14,95.0,1.938379922464803
3,det,split,up_tp_w30,138.0,2.8157518873699243
3,det,split,up_ro_w1,157.0,3.203427871862885
3,det,split,up_ro_w3,98.0,1.9995919200163232
3,det,split,up_ro_w7,83.0,1.6935319322587228
3,det,split,up_ro_w14,99.0,2.0199959192001633
3,det,split,up_ro_w30,151.0,3.081003876759845
3,det,split,gauge_w1,135.0,2.7545398898184046
3,det,split,gauge_w3,143.0,2.9177718832891246
3,det,split,gauge_w7,123.0,2.509691899612324
3,det,split,gauge_w14,103.0,2.1016119159355235
3,det,split,gauge_chg7,258.0,5.2642317894307284
3,det,split,albert_w1,70.0,1.4282799428688022
3,det,split,albert_w3,84.0,1.7139359314425628
3,det,split,albert_w7,58.0,1.183431952662722
3,det,split,albert_w14,99.0,2.0199959192001633
3,det,split,albert_chg7,155.0,3.162619873495205
3,det,split,et0_w7,150.0,3.060599877576005
3,det,split,et0_w14,60.0,1.224239951030402
3,det,split,et0_w30,181.0,3.693123852275046
3,det,split,net_w7,67.0,1.3670679453172823
3,det,split,net_w14,29.0,0.591715976331361
3,det,split,y_true_lag1,171.0,3.4890838604366454
3,det,split,y_true_lag2,155.0,3.162619873495205
3,det,split,y_true_lag3,96.0,1.9587839216486431
3,det,split,y_true_lag4,89.0,1.815955927361763
3,det,split,y_det_lag1,4.0,0.08161599673536013
3,det,split,y_det_lag2,0.0,0.0
3,det,split,y_det_lag3,1.0,0.020403999183840033
3,det,split,y_det_lag4,1.0,0.020403999183840033
3,det,split,det_dates_prev,93.0,1.897571924097123
3,det,split,coverage_prev,6.0,0.1224239951030402
3,det,split,year,191.0,3.897163844113446
3,det,split,month,52.0,1.0610079575596818
3,det,split,week_of_year,438.0,8.936951642521935
3,det,split,month_sin,64.0,1.305855947765762
3,det,split,month_cos,13.0,0.26525198938992045
3,det,gain,local_tp_w1,76.57720321373199,0.17121782797703095
3,det,gain,local_tp_w3,85.46615281165577,0.1910924979738701
3,det,gain,local_tp_w7,63.112391324713826,0.14111205564525192
3,det,gain,local_tp_w14,68.85998574551195,0.15396301639495824
3,det,gain,local_tp_w30,51.004864212009124,0.11404101612681501
3,det,gain,local_ro_w1,144.71956947060244,0.3235763296469443
3,det,gain,local_ro_w3,152.150598523207,0.3401912568135846
3,det,gain,local_ro_w7,138.40755412285216,0.3094633885542395
3,det,gain,local_ro_w14,84.9713337358553,0.18998613937307743
3,det,gain,local_ro_w30,166.58584350539604,0.3724668060428823
3,det,gain,up_tp_w1,135.5333079036791,0.3030369042473569
3,det,gain,up_tp_w3,116.58081044629216,0.26066129749743466
3,det,gain,up_tp_w7,64.36520961133647,0.1439132133904197
3,det,gain,up_tp_w14,109.09663707204163,0.2439275457336602
3,det,gain,up_tp_w30,201.3187904539518,0.4501256847456599
3,det,gain,up_ro_w1,451.98115113016684,1.0105779231329786
3,det,gain,up_ro_w3,128.35571640312423,0.28698863432815697
3,det,gain,up_ro_w7,185.31587737705559,0.41434500977527844
3,det,gain,up_ro_w14,266.37273171229754,0.5955788229663301
3,det,gain,up_ro_w30,908.431718505919,2.031148947473356
3,det,gain,gauge_w1,219.27602701052092,0.49027600247277897
3,det,gain,gauge_w3,139.10479234717786,0.3110223331139985
3,det,gain,gauge_w7,187.94110829615965,0.4202147244820508
3,det,gain,gauge_w14,163.5641283269506,0.36571059808664974
3,det,gain,gauge_chg7,354.9311946760863,0.7935853711465232
3,det,gain,albert_w1,78.0540316416882,0.1745198466603674
3,det,gain,albert_w3,97.66944200871512,0.21837765051025038
3,det,gain,albert_w7,77.08690245822072,0.17235745692533974
3,det,gain,albert_w14,128.1539937381167,0.286537605626313
3,det,gain,albert_chg7,238.539740242064,0.5333474519362891
3,det,gain,et0_w7,178.84740735089144,0.39988225399764576
3,det,gain,et0_w14,100.20243644481525,0.22404113503862233
3,det,gain,et0_w30,543.772535337368,1.2158129117639533
3,det,gain,net_w7,53.94838290754706,0.12062238573172392
3,det,gain,net_w14,24.234351446852088,0.05418522540684746
3,det,gain,y_true_lag1,25526.946608270635,57.07531967385794
3,det,gain,y_true_lag2,3175.458312816918,7.0999599402270075
3,det,gain,y_true_lag3,522.1766468267888,1.1675269863339628
3,det,gain,y_true_lag4,285.05124821467325,0.6373418397801436
3,det,gain,y_det_lag1,1619.3670043945312,3.6207185631504375
3,det,gain,y_det_lag2,0.0,0.0
3,det,gain,y_det_lag3,7.507760047912598,0.016786488856070064
3,det,gain,y_det_lag4,3.2228200435638428,0.007205855328507096
3,det,gain,det_dates_prev,2659.87427168712,5.947173262767963
3,det,gain,coverage_prev,32.42099738121033,0.07248962510378563
3,det,gain,year,311.54605165025714,0.696581176117065
3,det,gain,month,639.9274505777285,1.430804254433122
3,det,gain,week_of_year,992.8955613381786,2.220000395494632
3,det,gain,month_sin,2743.0502969175577,6.133145298596564
3,det,gain,month_cos,21.03836602717638,0.047039369214165204
