bin,bin_lower,bin_upper,bin_midpoint,count,mean_pred_prob,observed_freq
0,0.0,0.1,0.05,1185,0.04450944964111929,0.02362869198312236
1,0.1,0.2,0.15000000000000002,136,0.13809674546410577,0.16176470588235295
2,0.2,0.30000000000000004,0.25,76,0.24471281090920066,0.2236842105263158
3,0.30000000000000004,0.4,0.35000000000000003,60,0.3439016717755926,0.3
4,0.4,0.5,0.45,35,0.4491418073738448,0.5714285714285714
5,0.5,0.6000000000000001,0.55,37,0.5510152665978052,0.5675675675675675
6,0.6000000000000001,0.7000000000000001,0.6500000000000001,33,0.6522653624935134,0.7272727272727273
7,0.7000000000000001,0.8,0.75,50,0.7544131567648494,0.86
8,0.8,0.9,0.8500000000000001,51,0.8458663664866786,0.8431372549019608
9,0.9,1.0,0.95,147,0.9349704079537289,0.9387755102040817
