month,month_name,calendar_weeks,weeks_with_flood,flood_probability_pct,mean_flood_area_km2
1,Jan,116,42,36.206896551724135,0.3204899167068545
2,Feb,105,10,9.523809523809524,0.0249816593304582
3,Mar,114,8,7.017543859649122,0.0141709411581319
4,Apr,112,6,5.357142857142857,0.0128473112379323
5,May,115,16,13.91304347826087,0.0361846834895167
6,Jun,111,13,11.711711711711711,1.5172930925375532
7,Jul,116,25,21.551724137931032,0.3769997676917855
8,Aug,114,65,57.01754385964912,5.452008960544497
9,Sep,112,90,80.35714285714286,31.41046716361039
10,Oct,116,102,87.93103448275862,80.60320362563667
11,Nov,110,101,91.81818181818183,53.29573879246891
12,Dec,116,89,76.72413793103449,7.100432884326372
