county,county_code,month,flood_frequency,mean_weekly_flood_km2,mean_weekly_water_km3,mean_weekly_flood_percent
Abyei,SS0001,Jan,0.21621621621621623,0.2464902458500552,0.0002464902458500552,0.0023484542199848327
Juba,SS0101,Jan,0.9009009009009009,4.089423362414751,0.004089423362414751,0.02226564696110083
Kajo-keji,SS0102,Jan,0.3783783783783784,0.08923525234965443,8.923525234965443e-05,0.0004858583837426218
Lainya,SS0103,Jan,0.3963963963963964,0.22851005564586535,0.00022851005564586535,0.009081898286238413
Morobo,SS0104,Jan,0.17117117117117117,0.05547590965462861,5.5475909654628614e-05,0.001585516981139588
Terekeka,SS0105,Jan,0.8828828828828829,5.2337747543167765,0.005233774754316777,0.04904152002372088
Yei,SS0106,Jan,0.43243243243243246,0.5327708116276796,0.0005327708116276796,0.004992169448053299
Budi,SS0201,Jan,0.5765765765765766,0.5635233523416596,0.0005635233523416597,0.009828896920435993
Ikotos,SS0202,Jan,0.42342342342342343,0.33084221113520446,0.00033084221113520445,0.009422759311722097
Kapoeta East,SS0203,Jan,0.8648648648648649,9.785690147416787,0.009785690147416787,0.033101240075338
Kapoeta North,SS0204,Jan,0.5135135135135135,0.7317328452006221,0.0007317328452006221,0.0024751718289782376
Kapoeta South,SS0205,Jan,0.018018018018018018,0.002409041786583316,2.409041786583316e-06,0.00020071893025623046
Lafon,SS0206,Jan,0.8828828828828829,15.458283534897637,0.015458283534897638,0.09517374622969235
Magwi,SS0207,Jan,0.6936936936936937,0.4582417751358338,0.0004582417751358338,0.008811219052136063
Torit,SS0208,Jan,0.5765765765765766,0.5104261738901197,0.0005104261738901197,0.009814637320563752
Akobo,SS0301,Jan,0.8918918918918919,24.88063434715679,0.024880634347156788,0.2757141867872341
Ayod,SS0302,Jan,1.0,130.41243434728244,0.13041243434728245,0.9696707077399511
Bor South,SS0303,Jan,0.9819819819819819,38.8964506576464,0.0388964506576464,0.2785712853127719
Canal/Pigi,SS0304,Jan,0.7657657657657657,33.946324473800956,0.03394632447380096,0.7647770538912061
Duk,SS0305,Jan,0.990990990990991,56.809860959128166,0.05680986095912817,0.8251158516599137
Fangak,SS0306,Jan,0.9819819819819819,74.71477480501699,0.07471477480501698,0.975963771050677
Nyirol,SS0307,Jan,0.4144144144144144,1.2811992082542556,0.0012811992082542556,0.016735699385003064
Pibor,SS0308,Jan,0.972972972972973,98.32065021550447,0.09832065021550447,0.29749144800181315
Pochalla,SS0309,Jan,0.9279279279279279,36.51102460938213,0.03651102460938213,0.4419614646947914
Twic East,SS0310,Jan,0.972972972972973,62.48772426829921,0.06248772426829921,1.0512916101852194
Uror,SS0311,Jan,0.7027027027027027,15.969806695322584,0.015969806695322584,0.13121337940269207
Awerial,SS0401,Jan,0.972972972972973,14.91752898878552,0.01491752898878552,0.32940265601034513
Cueibet,SS0402,Jan,0.45045045045045046,1.3200184735491791,0.001320018473549179,0.02914809761701833
Rumbek Centre,SS0403,Jan,0.7477477477477478,3.7980499150680647,0.0037980499150680647,0.0781119255079485
Rumbek East,SS0404,Jan,0.9009009009009009,1.1319685115719287,0.0011319685115719286,0.02937610904601287
Rumbek North,SS0405,Jan,0.7297297297297297,7.9896775663642625,0.007989677566364263,0.22400428532216649
Wulu,SS0406,Jan,0.24324324324324326,0.10239731388947901,0.00010239731388947901,0.0024951268475620833
Yirol East,SS0407,Jan,0.972972972972973,22.569530368155405,0.022569530368155406,0.4053011516081585
Yirol West,SS0408,Jan,0.9099099099099099,1.7055577158604267,0.0017055577158604268,0.035103139942638494
Aweil Centre,SS0501,Jan,0.08108108108108109,0.01051786754790443,1.051786754790443e-05,9.427359902417285e-05
Aweil East,SS0502,Jan,0.26126126126126126,0.19298242496793075,0.00019298242496793076,0.0030307247432802458
Aweil North,SS0503,Jan,0.018018018018018018,0.003818413226953556,3.818413226953556e-06,5.996690863906288e-05
Aweil South,SS0504,Jan,0.14414414414414414,0.09984148916149974,9.984148916149974e-05,0.00505045044846862
Aweil West,SS0505,Jan,0.02702702702702703,0.004298253709879956,4.298253709879956e-06,8.583029173485137e-05
Abiemnhom,SS0601,Jan,0.2702702702702703,0.27508478898530664,0.00027508478898530665,0.005493069810224932
Guit,SS0602,Jan,0.9369369369369369,81.63216157863673,0.08163216157863673,2.3632853981101016
Koch,SS0603,Jan,1.0,17.862136747795933,0.017862136747795933,0.40627273674602377
Leer,SS0604,Jan,0.9369369369369369,5.622820340445106,0.005622820340445106,0.34903938887029506
Mayendit,SS0605,Jan,0.954954954954955,19.762281337526765,0.019762281337526767,0.6455475101131453
Mayom,SS0606,Jan,1.0,111.31847931986387,0.11131847931986387,2.6128537548473942
Panyijiar,SS0607,Jan,0.963963963963964,32.272830716885814,0.03227283071688582,0.6060656017797442
Pariang,SS0608,Jan,0.990990990990991,64.5721042418907,0.06457210424189071,0.7191623072346092
Rubkona,SS0609,Jan,0.5675675675675675,225.4246787139489,0.22542467871394892,2.5106341810427137
Baliet,SS0701,Jan,0.8288288288288288,209.09101694298485,0.20909101694298485,1.7907995346072425
Fashoda,SS0702,Jan,0.5945945945945946,2.4764703384339417,0.0024764703384339416,0.02121019828769328
Longochuk,SS0703,Jan,0.9099099099099099,6.055565326386105,0.006055565326386105,0.08740628717757515
Luakpiny/Nasir,SS0704,Jan,0.9819819819819819,35.46292826610185,0.03546292826610185,0.683851356690601
Maban,SS0705,Jan,0.7297297297297297,5.979111630037342,0.005979111630037342,0.050579482996306935
Maiwut,SS0706,Jan,0.7927927927927928,1.1934091051212483,0.0011934091051212484,0.03237477921092057
Malakal,SS0707,Jan,0.5315315315315315,3.717004883744754,0.003717004883744754,0.10083483687257762
Manyo,SS0708,Jan,0.0,0.0,0.0,0.0
Melut,SS0709,Jan,0.23423423423423423,1.0784756718064399,0.0010784756718064399,0.14290495129201747
Panyikang,SS0710,Jan,0.9459459459459459,22.617168741267463,0.022617168741267464,0.4425789227431375
Renk,SS0711,Jan,0.0,0.0,0.0,0.0
Ulang,SS0712,Jan,0.9099099099099099,48.22402453931895,0.04822402453931895,0.9976857149743662
Gogrial East,SS0801,Jan,0.990990990990991,9.036330224354671,0.00903633022435467,0.2042199947282224
Gogrial West,SS0802,Jan,0.34234234234234234,0.1700928247637896,0.0001700928247637896,0.0038648126716424834
Tonj East,SS0803,Jan,0.6666666666666666,2.84607681755477,0.0028460768175547703,0.06466794683566947
Tonj North,SS0804,Jan,1.0,101.79356781590205,0.10179356781590206,0.9066183331964132
Tonj South,SS0805,Jan,0.43243243243243246,0.6419523914327775,0.0006419523914327775,0.008647796506740609
Twic,SS0806,Jan,0.990990990990991,18.583140138511173,0.018583140138511173,0.46961934369132574
Jur River,SS0901,Jan,0.3063063063063063,0.08477501428533128,8.477501428533129e-05,0.0008436813135597002
Raja,SS0902,Jan,0.15315315315315314,0.039216366050078305,3.921636605007831e-05,6.324142296401495e-05
Wau,SS0903,Jan,0.036036036036036036,0.002395660052773336,2.395660052773336e-06,1.2469065512530432e-05
Ezo,SS1001,Jan,0.15315315315315314,0.044757201746064526,4.475720174606453e-05,0.00023295478842382423
Ibba,SS1002,Jan,0.38738738738738737,0.4058826032637367,0.0004058826032637367,0.005028022158080125
Maridi,SS1003,Jan,0.27927927927927926,0.22914045852407197,0.00022914045852407197,0.002384885667750081
Mundri East,SS1004,Jan,0.22522522522522523,0.0881166922542961,8.811669225429609e-05,0.0011471610359584548
Mundri West,SS1005,Jan,0.2882882882882883,0.17963898803135642,0.00017963898803135641,0.0035363595013146077
Mvolo,SS1006,Jan,0.15315315315315314,0.06974357733699307,6.974357733699307e-05,0.0011875416634534518
Nagero,SS1007,Jan,0.07207207207207207,0.011532275962494617,1.1532275962494617e-05,0.00020193479738910138
Nzara,SS1008,Jan,0.2702702702702703,0.0914163395234997,9.141633952349971e-05,0.0009939998216361118
Tambura,SS1009,Jan,0.15315315315315314,0.04663449208254809,4.663449208254809e-05,0.0007236805961343958
Yambio,SS1010,Jan,0.36036036036036034,0.2016830986354348,0.0002016830986354348,0.0022939159076229283
Abyei,SS0001,Feb,0.029411764705882353,0.0036326727259887713,3.6326727259887712e-06,3.4610560607586106e-05
Juba,SS0101,Feb,0.6470588235294118,0.8591318778051698,0.0008591318778051698,0.008185443107482676
Kajo-keji,SS0102,Feb,0.0784313725490196,0.015223025692942121,1.5223025692942121e-05,8.288467241471198e-05
Lainya,SS0103,Feb,0.10784313725490197,0.027808024867951274,2.7808024867951274e-05,0.0011052014874273714
Morobo,SS0104,Feb,0.0392156862745098,0.004200035858297357,4.2000358582973576e-06,0.00012003819705135802
Terekeka,SS0105,Feb,0.5098039215686274,1.729017914333805,0.0017290179143338049,0.13209279207021657
Yei,SS0106,Feb,0.3333333333333333,0.13431481229088058,0.00013431481229088057,0.0012585567521820886
Budi,SS0201,Feb,0.29411764705882354,0.15685578087091048,0.00015685578087091048,0.002333973067909996
Ikotos,SS0202,Feb,0.22549019607843138,0.0761012824814325,7.61012824814325e-05,0.0013273481177218016
Kapoeta East,SS0203,Feb,0.7352941176470589,5.939497041482509,0.0059394970414825094,0.16916357457091077
Kapoeta North,SS0204,Feb,0.3235294117647059,0.15661528989786877,0.00015661528989786876,0.000529769513675693
Kapoeta South,SS0205,Feb,0.0392156862745098,0.012586756485823747,1.2586756485823747e-05,0.00021954380300237512
Lafon,SS0206,Feb,0.6764705882352942,3.3643958687607975,0.0033643958687607977,0.2803180681618257
Magwi,SS0207,Feb,0.4019607843137255,0.11180530444500701,0.00011180530444500701,0.0021498280648107634
Torit,SS0208,Feb,0.46078431372549017,0.17781245729791736,0.00017781245729791737,0.0034190346591297114
Akobo,SS0301,Feb,0.7352941176470589,6.680802481490436,0.006680802481490436,0.07403316159745593
Ayod,SS0302,Feb,1.0,111.6333888789106,0.1116333888789106,0.8300406916211983
Bor South,SS0303,Feb,0.9117647058823529,19.381744061092608,0.01938174406109261,0.13880951252400092
Canal/Pigi,SS0304,Feb,0.3627450980392157,22.2450272535002,0.0222450272535002,0.15931597174167866
Duk,SS0305,Feb,0.9607843137254902,41.71770093159932,0.041717700931599315,0.6059148139481454
Fangak,SS0306,Feb,0.9705882352941176,63.07502691442047,0.06307502691442048,0.823919248731874
Nyirol,SS0307,Feb,0.13725490196078433,0.8695516940051997,0.0008695516940051998,0.011358542572329797
Pibor,SS0308,Feb,0.8529411764705882,11.750253787530271,0.01175025378753027,0.16604482890837813
Pochalla,SS0309,Feb,0.8529411764705882,9.666362229066431,0.009666362229066432,0.02924777338363793
Twic East,SS0310,Feb,0.9215686274509803,29.826211991013903,0.029826211991013905,0.5017953013479483
Uror,SS0311,Feb,0.3137254901960784,1.7964920941216922,0.0017964920941216922,0.030224129433888497
Awerial,SS0401,Feb,0.9803921568627451,8.521843543053679,0.00852184354305368,0.18817579635989215
Cueibet,SS0402,Feb,0.20588235294117646,0.23902459657040107,0.00023902459657040108,0.005278041492078335
Rumbek Centre,SS0403,Feb,0.4215686274509804,0.9537440129586715,0.0009537440129586715,0.019615008480620384
Rumbek East,SS0404,Feb,0.5392156862745098,0.15984404475230324,0.00015984404475230323,0.004148168470233148
Rumbek North,SS0405,Feb,0.37254901960784315,1.9082579783661207,0.0019082579783661208,0.053501278506379285
Wulu,SS0406,Feb,0.10784313725490197,0.043427037084050574,4.3427037084050575e-05,0.001058191489822098
Yirol East,SS0407,Feb,0.9411764705882353,13.07437966597408,0.01307437966597408,0.2347882764392086
Yirol West,SS0408,Feb,0.696078431372549,0.5714305170089441,0.0005714305170089441,0.010261686567238
Aweil Centre,SS0501,Feb,0.0196078431372549,0.0020815528130247794,2.0815528130247795e-06,4.284172796623272e-05
Aweil East,SS0502,Feb,0.06862745098039216,0.022351062718689176,2.2351062718689176e-05,0.00020033672366654416
Aweil North,SS0503,Feb,0.00980392156862745,0.0010388802562043482,1.0388802562043483e-06,1.631526859664582e-05
Aweil South,SS0504,Feb,0.0,0.0,0.0,0.0
Aweil West,SS0505,Feb,0.0,0.0,0.0,0.0
Abiemnhom,SS0601,Feb,0.14705882352941177,0.06901870846097614,6.901870846097615e-05,0.0013782099155179193
Guit,SS0602,Feb,0.8235294117647058,79.46916699273115,0.07946916699273116,3.30045161694381
Koch,SS0603,Feb,0.9509803921568627,16.28556648866171,0.016285566488661713,0.4714739967473513
Leer,SS0604,Feb,0.8333333333333334,6.518094905070882,0.006518094905070882,0.1482534980469356
Mayendit,SS0605,Feb,0.8431372549019608,17.342064674471672,0.017342064674471674,1.076517350587723
Mayom,SS0606,Feb,0.9607843137254902,86.78352140193701,0.08678352140193701,2.834839014941507
Panyijiar,SS0607,Feb,0.9411764705882353,25.704168228365194,0.025704168228365194,0.6033250982321738
Pariang,SS0608,Feb,0.9313725490196079,48.08907131407165,0.048089071314071655,0.535584953983293
Rubkona,SS0609,Feb,0.3627450980392157,217.00442846854818,0.2170044284685482,2.4168548832318377
Baliet,SS0701,Feb,0.5784313725490197,155.80708266117134,0.15580708266117133,1.33443920832917
Fashoda,SS0702,Feb,0.22549019607843138,0.7286921149560343,0.0007286921149560342,0.006241021347612777
Longochuk,SS0703,Feb,0.5588235294117647,0.8841073351045915,0.0008841073351045915,0.024593012560705122
Luakpiny/Nasir,SS0704,Feb,0.8137254901960784,10.972468157968725,0.010972468157968726,0.21158820218588045
Maban,SS0705,Feb,0.43137254901960786,0.7397785546328423,0.0007397785546328422,0.014265561051252986
Maiwut,SS0706,Feb,0.49019607843137253,0.41620690762730544,0.00041620690762730547,0.0035208458229018403
Malakal,SS0707,Feb,0.21568627450980393,1.2300127299467465,0.0012300127299467464,0.03336776163996319
Manyo,SS0708,Feb,0.0,0.0,0.0,0.0
Melut,SS0709,Feb,0.1568627450980392,0.42333436079063946,0.0004233343607906395,0.05609452098969678
Panyikang,SS0710,Feb,0.7450980392156863,11.58262770118532,0.01158262770118532,0.16686179628708636
Renk,SS0711,Feb,0.0,0.0,0.0,0.0
Ulang,SS0712,Feb,0.803921568627451,16.4329171415089,0.0164329171415089,0.3399734228750118
Gogrial East,SS0801,Feb,0.7156862745098039,1.5929731165177519,0.001592973116517752,0.03295632286749833
Gogrial West,SS0802,Feb,0.0784313725490196,0.006235481414170957,6.235481414170957e-06,0.00014092114275525625
Tonj East,SS0803,Feb,0.22549019607843138,1.4459117659309522,0.0014459117659309522,0.03285369693170355
Tonj North,SS0804,Feb,0.9117647058823529,49.23934488260162,0.04923934488260162,1.1136568781439933
Tonj South,SS0805,Feb,0.09803921568627451,0.06678539712435451,6.678539712435451e-05,0.0005948201514288995
Twic,SS0806,Feb,0.9411764705882353,3.382317023514077,0.003382317023514077,0.08547540883291951
Jur River,SS0901,Feb,0.11764705882352941,0.01980732474298532,1.9807324742985322e-05,0.0005005560296456423
Raja,SS0902,Feb,0.0196078431372549,0.003653139771288645,3.6531397712886453e-06,3.6356063007957334e-05
Wau,SS0903,Feb,0.0392156862745098,0.002086885939192495,2.0868859391924952e-06,3.3653713908523826e-06
Ezo,SS1001,Feb,0.11764705882352941,0.03876460016178459,3.876460016178459e-05,0.00020176416033016874
Ibba,SS1002,Feb,0.14705882352941177,0.13839035716812867,0.00013839035716812866,0.0017143621744581978
Maridi,SS1003,Feb,0.16666666666666666,0.11266351910978525,0.00011266351910978526,0.0011725978630482117
Mundri East,SS1004,Feb,0.11764705882352941,0.034053923902467226,3.405392390246723e-05,0.00044333637161124905
Mundri West,SS1005,Feb,0.16666666666666666,0.07492123491633132,7.492123491633132e-05,0.0014748937513517088
Mvolo,SS1006,Feb,0.10784313725490197,0.057564066253183444,5.756406625318345e-05,0.000980158024632773
Nagero,SS1007,Feb,0.049019607843137254,0.029796512645973165,2.9796512645973165e-05,0.0005217489386860653
Nzara,SS1008,Feb,0.06862745098039216,0.020436944587614043,2.0436944587614045e-05,0.0002222175967749552
Tambura,SS1009,Feb,0.058823529411764705,0.020946875013073324,2.0946875013073326e-05,0.00032505654762532394
Yambio,SS1010,Feb,0.11764705882352941,0.03248234541372611,3.248234541372611e-05,0.0002607994878490341
Abyei,SS0001,Mar,0.017699115044247787,0.005148788497649468,5.148788497649468e-06,4.905546681335971e-05
Juba,SS0101,Mar,0.415929203539823,0.11402234947428724,0.00011402234947428725,0.001086356447379945
Kajo-keji,SS0102,Mar,0.02654867256637168,0.006159837284356372,6.159837284356372e-06,3.353841120287388e-05
Lainya,SS0103,Mar,0.017699115044247787,0.003315069140463954,3.3150691404639544e-06,0.00013175403008172253
Morobo,SS0104,Mar,0.008849557522123894,0.00047390582208954867,4.7390582208954867e-07,1.3544360661442607e-05
Terekeka,SS0105,Mar,0.3008849557522124,0.3743760770514139,0.0003743760770514139,0.028601427950542622
Yei,SS0106,Mar,0.10619469026548672,0.03409094562515401,3.409094562515401e-05,0.0003194390035842913
Budi,SS0201,Mar,0.26548672566371684,0.14202915244036723,0.00014202915244036725,0.00211335670775636
Ikotos,SS0202,Mar,0.24778761061946902,0.07248578181115292,7.248578181115292e-05,0.0012642870515631806
Kapoeta East,SS0203,Mar,0.7522123893805309,4.5420373654254815,0.004542037365425482,0.12936234687949869
Kapoeta North,SS0204,Mar,0.336283185840708,0.22697677804251887,0.00022697677804251888,0.0007677754668632595
Kapoeta South,SS0205,Mar,0.017699115044247787,0.002366747860989855,2.366747860989855e-06,4.1281868504778945e-05
Lafon,SS0206,Mar,0.5752212389380531,0.5926922111584753,0.0005926922111584753,0.04938251684029668
Magwi,SS0207,Mar,0.1504424778761062,0.06302028461703728,6.302028461703728e-05,0.0012117741389337019
Torit,SS0208,Mar,0.2831858407079646,0.06959114728672396,6.959114728672396e-05,0.0013381207827484235
Akobo,SS0301,Mar,0.4778761061946903,0.6429626193624557,0.0006429626193624557,0.007124975724437959
Ayod,SS0302,Mar,0.9557522123893806,61.347367165508025,0.061347367165508024,0.45614319857683416
Bor South,SS0303,Mar,0.831858407079646,5.357351018700607,0.005357351018700607,0.03836864633965604
Canal/Pigi,SS0304,Mar,0.25663716814159293,6.608728525960369,0.0066087285259603685,0.04733084815280054
Duk,SS0305,Mar,0.9469026548672567,22.254286844524497,0.022254286844524497,0.32322495659714146
Fangak,SS0306,Mar,0.911504424778761,34.44214200980671,0.03444214200980671,0.44990141356481406
Nyirol,SS0307,Mar,0.07964601769911504,0.16150046176910918,0.0001615004617691092,0.002109604159363961
Pibor,SS0308,Mar,0.6637168141592921,4.366355065239349,0.004366355065239348,0.06170170388407281
Pochalla,SS0309,Mar,0.5929203539823009,0.6977657460229585,0.0006977657460229585,0.002111248671519684
Twic East,SS0310,Mar,0.8761061946902655,10.602213756597004,0.010602213756597005,0.17837132816429452
Uror,SS0311,Mar,0.168141592920354,0.08614414329061763,8.614414329061763e-05,0.0014492864985637378
Awerial,SS0401,Mar,0.8230088495575221,2.7860670562776924,0.0027860670562776923,0.06152077122496085
Cueibet,SS0402,Mar,0.1415929203539823,0.08807853435214967,8.807853435214968e-05,0.0019449134756103184
Rumbek Centre,SS0403,Mar,0.23893805309734514,0.11594912438993595,0.00011594912438993594,0.0023846472715186055
Rumbek East,SS0404,Mar,0.23008849557522124,0.10656401123320121,0.00010656401123320121,0.0027654797658814047
Rumbek North,SS0405,Mar,0.20353982300884957,0.16290689401811936,0.00016290689401811937,0.004567373597428978
Wulu,SS0406,Mar,0.061946902654867256,0.01133292770892566,1.1332927708925662e-05,0.00027615072225958115
Yirol East,SS0407,Mar,0.8761061946902655,5.188257864753935,0.005188257864753935,0.09317016584411618
Yirol West,SS0408,Mar,0.30973451327433627,0.04813296126877263,4.813296126877263e-05,0.000864366440697846
Aweil Centre,SS0501,Mar,0.02654867256637168,0.002816082858706611,2.8160828587066113e-06,5.795954587756281e-05
Aweil East,SS0502,Mar,0.017699115044247787,0.0028138091464502343,2.8138091464502344e-06,2.5220693642966747e-05
Aweil North,SS0503,Mar,0.008849557522123894,0.0014052362957960999,1.4052362957961e-06,2.2068768244219372e-05
Aweil South,SS0504,Mar,0.017699115044247787,0.0018774149353422663,1.8774149353422664e-06,2.9599082821852535e-05
Aweil West,SS0505,Mar,0.04424778761061947,0.005161799418675022,5.161799418675021e-06,0.00026110800637982724
Abiemnhom,SS0601,Mar,0.035398230088495575,0.0051523491729702706,5.152349172970271e-06,0.00010288541870372965
Guit,SS0602,Mar,0.6460176991150443,54.036782671385396,0.0540367826713854,2.2442136175723104
Koch,SS0603,Mar,0.9026548672566371,3.90395876144001,0.00390395876144001,0.11302124747545186
Leer,SS0604,Mar,0.7433628318584071,3.6457557094813957,0.0036457557094813956,0.22631211167366633
Mayendit,SS0605,Mar,0.7079646017699115,14.102657266966006,0.014102657266966006,0.875429513282187
Mayom,SS0606,Mar,0.8938053097345132,28.806724466368127,0.028806724466368127,0.9409900069819903
Panyijiar,SS0607,Mar,0.8849557522123894,14.473676631545805,0.014473676631545805,0.3397243706906549
Pariang,SS0608,Mar,0.8849557522123894,25.05638205933025,0.02505638205933025,0.27906176737306504
Rubkona,SS0609,Mar,0.3185840707964602,171.9383142861577,0.1719383142861577,1.9149376693820743
Baliet,SS0701,Mar,0.45132743362831856,30.409360931137332,0.030409360931137334,0.2604467193252678
Fashoda,SS0702,Mar,0.07964601769911504,0.0584708814574828,5.84708814574828e-05,0.0005007849157416828
Longochuk,SS0703,Mar,0.2743362831858407,0.13034073848179667,0.00013034073848179669,0.003625658663125098
Luakpiny/Nasir,SS0704,Mar,0.5663716814159292,2.258842654006688,0.002258842654006688,0.04355851840271252
Maban,SS0705,Mar,0.26548672566371684,0.2210157084742986,0.00022101570847429862,0.0042619687510282766
Maiwut,SS0706,Mar,0.18584070796460178,0.10190049930398799,0.00010190049930398799,0.0008620134379108521
Malakal,SS0707,Mar,0.09734513274336283,0.07585510090060035,7.585510090060036e-05,0.002057795715769685
Manyo,SS0708,Mar,0.0,0.0,0.0,0.0
Melut,SS0709,Mar,0.04424778761061947,0.05940010748328391,5.940010748328391e-05,0.007870895643311998
Panyikang,SS0710,Mar,0.48672566371681414,4.7791504092145125,0.004779150409214512,0.06884945649475453
Renk,SS0711,Mar,0.0,0.0,0.0,0.0
Ulang,SS0712,Mar,0.5663716814159292,2.46361508622001,0.00246361508622001,0.05096865311838526
Gogrial East,SS0801,Mar,0.4690265486725664,0.13745729058422362,0.00013745729058422363,0.002843793659800115
Gogrial West,SS0802,Mar,0.017699115044247787,0.0009379606068690177,9.379606068690177e-07,2.119779882255804e-05
Tonj East,SS0803,Mar,0.168141592920354,0.15959164633601217,0.00015959164633601216,0.003626207148386497
Tonj North,SS0804,Mar,0.7433628318584071,8.01174483976664,0.008011744839766641,0.18120336019932323
Tonj South,SS0805,Mar,0.12389380530973451,0.05981467879891521,5.981467879891521e-05,0.0005327358649166019
Twic,SS0806,Mar,0.7345132743362832,0.3598032068888187,0.00035980320688881875,0.009092679957086024
Jur River,SS0901,Mar,0.04424778761061947,0.015077852653211559,1.5077852653211559e-05,0.00038103631649430284
Raja,SS0902,Mar,0.061946902654867256,0.06800885347072239,6.800885347072239e-05,0.0006768244076815967
Wau,SS0903,Mar,0.017699115044247787,0.0018844988272921344,1.8844988272921345e-06,3.0389962002033606e-06
Ezo,SS1001,Mar,0.008849557522123894,0.0004731261466259814,4.7312614662598143e-07,2.4625534458200583e-06
Ibba,SS1002,Mar,0.05309734513274336,0.03168829161905099,3.1688291619050995e-05,0.00039255053340821097
Maridi,SS1003,Mar,0.12389380530973451,0.03358355003405055,3.358355003405055e-05,0.0003495363833356424
Mundri East,SS1004,Mar,0.08849557522123894,0.023164057708130386,2.3164057708130386e-05,0.0003015649334722359
Mundri West,SS1005,Mar,0.1415929203539823,0.033579878117869014,3.357987811786901e-05,0.0006610509351922222
Mvolo,SS1006,Mar,0.061946902654867256,0.035901876795827126,3.5901876795827126e-05,0.0006113104047589938
Nagero,SS1007,Mar,0.008849557522123894,0.00708238908381283,7.082389083812829e-06,0.00012401548569612587
Nzara,SS1008,Mar,0.017699115044247787,0.013721280814385868,1.3721280814385869e-05,0.00014919598348840573
Tambura,SS1009,Mar,0.008849557522123894,0.0009439951849513362,9.439951849513362e-07,1.4649049827418111e-05
Yambio,SS1010,Mar,0.02654867256637168,0.0033130610260490626,3.3130610260490626e-06,2.660043810879095e-05
Abyei,SS0001,Apr,0.08333333333333333,0.023520199965843293,2.3520199965843294e-05,0.00022409046116280397
Juba,SS0101,Apr,0.3333333333333333,0.13613978908782645,0.00013613978908782646,0.001297082004557867
Kajo-keji,SS0102,Apr,0.018518518518518517,0.0029751838465769823,2.9751838465769823e-06,1.6198956992590912e-05
Lainya,SS0103,Apr,0.009259259259259259,0.0014868436875565675,1.4868436875565676e-06,5.9093080607582964e-05
Morobo,SS0104,Apr,0.0,0.0,0.0,0.0
Terekeka,SS0105,Apr,0.32407407407407407,0.3308870118923545,0.0003308870118923545,0.025278968423801895
Yei,SS0106,Apr,0.018518518518518517,0.007924906232298448,7.92490623229845e-06,7.42579621633162e-05
Budi,SS0201,Apr,0.16666666666666666,0.036157550271555254,3.615755027155526e-05,0.00053801490813312
Ikotos,SS0202,Apr,0.1111111111111111,0.038172863896001594,3.8172863896001596e-05,0.0006658058496290201
Kapoeta East,SS0203,Apr,0.8518518518518519,9.266443992728503,0.009266443992728503,0.2639187760214515
Kapoeta North,SS0204,Apr,0.32407407407407407,0.2686534871573582,0.0002686534871573582,0.0009087518040636047
Kapoeta South,SS0205,Apr,0.037037037037037035,0.02129137836556583,2.129137836556583e-05,0.0003713736881144482
Lafon,SS0206,Apr,0.4537037037037037,0.4512235185529928,0.0004512235185529928,0.037595488154176425
Magwi,SS0207,Apr,0.10185185185185185,0.01536975832283005,1.536975832283005e-05,0.00029553461667850635
Torit,SS0208,Apr,0.12037037037037036,0.051016473980771374,5.1016473980771374e-05,0.000980961038261797
Akobo,SS0301,Apr,0.25,0.1329381189137814,0.00013293811891378142,0.0014731507580523703
Ayod,SS0302,Apr,0.9444444444444444,30.044253331978148,0.03004425333197815,0.2233915234981174
Bor South,SS0303,Apr,0.7685185185185185,3.893727027459672,0.003893727027459672,0.027886363006319432
Canal/Pigi,SS0304,Apr,0.3148148148148148,1.4801687425204615,0.0014801687425204616,0.0106007746751221
Duk,SS0305,Apr,0.8703703703703703,20.778631479880637,0.020778631479880637,0.3017922931053116
Fangak,SS0306,Apr,0.9351851851851852,22.636147705152855,0.022636147705152855,0.29568529295624213
Nyirol,SS0307,Apr,0.1574074074074074,0.08253280260009552,8.253280260009552e-05,0.0010780869710332259
Pibor,SS0308,Apr,0.5740740740740741,1.4299911334770345,0.0014299911334770346,0.004326762811224299
Pochalla,SS0309,Apr,0.5185185185185185,0.5038929515214121,0.0005038929515214122,0.0015246425187124479
Twic East,SS0310,Apr,0.8240740740740741,7.647009774829712,0.007647009774829712,0.12865306447655742
Uror,SS0311,Apr,0.12962962962962962,0.22622255575065586,0.00022622255575065588,0.003805961533727586
Awerial,SS0401,Apr,0.7407407407407407,2.036251470170188,0.002036251470170188,0.04496365605076243
Cueibet,SS0402,Apr,0.06481481481481481,0.012321904578716267,1.2321904578716268e-05,0.00027208715990339197
Rumbek Centre,SS0403,Apr,0.09259259259259259,0.009369653659560277,9.369653659560278e-06,0.00019269933388375003
Rumbek East,SS0404,Apr,0.26851851851851855,0.05722798269769186,5.722798269769186e-05,0.0014851433083383162
Rumbek North,SS0405,Apr,0.1388888888888889,0.08177416537560024,8.177416537560024e-05,0.002292678687046637
Wulu,SS0406,Apr,0.018518518518518517,0.0054336232855942265,5.433623285594226e-06,0.00013240170883835705
Yirol East,SS0407,Apr,0.7870370370370371,3.619881017332375,0.0036198810173323753,0.06500542639023607
Yirol West,SS0408,Apr,0.18518518518518517,0.03555380582186448,3.555380582186448e-05,0.0006384713464834157
Aweil Centre,SS0501,Apr,0.018518518518518517,0.0029497026217611124,2.9497026217611124e-06,6.0709656998392326e-05
Aweil East,SS0502,Apr,0.018518518518518517,0.0019607415954776557,1.9607415954776558e-06,1.7574490848090785e-05
Aweil North,SS0503,Apr,0.018518518518518517,0.0014699465182001692,1.4699465182001692e-06,2.308502074605093e-05
Aweil South,SS0504,Apr,0.018518518518518517,0.004420219870121833,4.420219870121833e-06,6.968861894277106e-05
Aweil West,SS0505,Apr,0.009259259259259259,0.001964293705153509,1.9642937051535094e-06,9.936318165356589e-05
Abiemnhom,SS0601,Apr,0.09259259259259259,0.028415386995484175,2.8415386995484176e-05,0.0005674167045968125
Guit,SS0602,Apr,0.48148148148148145,36.12065286631404,0.03612065286631404,1.5001348531638252
Koch,SS0603,Apr,0.7685185185185185,0.73371787576464,0.00073371787576464,0.01668834885743228
Leer,SS0604,Apr,0.5462962962962963,2.52730626069232,0.00252730626069232,0.15688380195521026
Mayendit,SS0605,Apr,0.5925925925925926,11.31270118147668,0.01131270118147668,0.36953659122789606
Mayom,SS0606,Apr,0.8055555555555556,10.76856724080794,0.01076856724080794,0.25275849545719503
Panyijiar,SS0607,Apr,0.8333333333333334,6.959009423108876,0.0069590094231088764,0.13068628131218274
Pariang,SS0608,Apr,0.8888888888888888,13.664095342445307,0.013664095342445308,0.1521818507870716
Rubkona,SS0609,Apr,0.2962962962962963,122.8866266828112,0.1228866266828112,1.368631718155402
Baliet,SS0701,Apr,0.3148148148148148,0.4273735615081573,0.00042737356150815734,0.0036603216448124194
Fashoda,SS0702,Apr,0.10185185185185185,0.02985926602157671,2.9859266021576712e-05,0.0002557353274996707
Longochuk,SS0703,Apr,0.25,0.13975889255023774,0.00013975889255023774,0.003887641311732381
Luakpiny/Nasir,SS0704,Apr,0.4074074074074074,0.8283426669083951,0.0008283426669083951,0.015973392053793962
Maban,SS0705,Apr,0.3148148148148148,0.2062768036441809,0.0002062768036441809,0.003977750257039891
Maiwut,SS0706,Apr,0.12037037037037036,0.03339949810007289,3.339949810007289e-05,0.00028253851922601953
Malakal,SS0707,Apr,0.07407407407407407,0.03919587755080211,3.919587755080211e-05,0.0010633050110310433
Manyo,SS0708,Apr,0.0,0.0,0.0,0.0
Melut,SS0709,Apr,0.0,0.0,0.0,0.0
Panyikang,SS0710,Apr,0.4537037037037037,3.9928056435286092,0.003992805643528609,0.0781323091608407
Renk,SS0711,Apr,0.0,0.0,0.0,0.0
Ulang,SS0712,Apr,0.4351851851851852,0.37909182094315513,0.00037909182094315516,0.007842864589417107
Gogrial East,SS0801,Apr,0.24074074074074073,0.04859603808509219,4.8596038085092196e-05,0.001005382140230046
Gogrial West,SS0802,Apr,0.0,0.0,0.0,0.0
Tonj East,SS0803,Apr,0.08333333333333333,0.020671572821760444,2.0671572821760442e-05,0.0004696950426643039
Tonj North,SS0804,Apr,0.6944444444444444,1.2579955480448473,0.0012579955480448474,0.01120426222803792
Tonj South,SS0805,Apr,0.046296296296296294,0.007396634803208835,7.396634803208836e-06,6.58776861881462e-05
Twic,SS0806,Apr,0.6481481481481481,0.14233782892745556,0.00014233782892745557,0.0035970561113529476
Jur River,SS0901,Apr,0.06481481481481481,0.011332552024435994,1.1332552024435995e-05,0.00028638785503394575
Raja,SS0902,Apr,0.07407407407407407,0.01178271701224234,1.1782717012242341e-05,0.00011726165132491075
Wau,SS0903,Apr,0.05555555555555555,0.006402039570926739,6.402039570926739e-06,1.0324110393612828e-05
Ezo,SS1001,Apr,0.0,0.0,0.0,0.0
Ibba,SS1002,Apr,0.018518518518518517,0.0029702129861003436,2.9702129861003436e-06,3.679462137140618e-05
Maridi,SS1003,Apr,0.037037037037037035,0.012861355613760358,1.2861355613760359e-05,0.00013386052759369792
Mundri East,SS1004,Apr,0.09259259259259259,0.018795110871474268,1.879511087147427e-05,0.00024468711099653466
Mundri West,SS1005,Apr,0.06481481481481481,0.016330615296730088,1.633061529673009e-05,0.0003214832548312093
Mvolo,SS1006,Apr,0.05555555555555555,0.011365824840539551,1.1365824840539552e-05,0.0001935287958120794
Nagero,SS1007,Apr,0.018518518518518517,0.002468618598892685,2.4686185988926854e-06,4.3226506044391276e-05
Nzara,SS1008,Apr,0.0,0.0,0.0,0.0
Tambura,SS1009,Apr,0.0,0.0,0.0,0.0
Yambio,SS1010,Apr,0.0,0.0,0.0,0.0
Abyei,SS0001,May,0.17857142857142858,0.05760803544958727,5.760803544958727e-05,0.0005488648586886415
Juba,SS0101,May,0.6160714285714286,0.5240578960716898,0.0005240578960716898,0.004993000730319395
Kajo-keji,SS0102,May,0.0,0.0,0.0,0.0
Lainya,SS0103,May,0.0,0.0,0.0,0.0
Morobo,SS0104,May,0.008928571428571428,0.0009563192580622616,9.563192580622616e-07,2.7331871302123282e-05
Terekeka,SS0105,May,0.5178571428571429,1.9266858584224806,0.0019266858584224807,0.14719414551542545
Yei,SS0106,May,0.0,0.0,0.0,0.0
Budi,SS0201,May,0.25,0.09840372276509281,9.840372276509281e-05,0.0014642217037880423
Ikotos,SS0202,May,0.07142857142857142,0.01147064960187362,1.147064960187362e-05,0.00020006949504179606
Kapoeta East,SS0203,May,0.9375,25.725596256105835,0.025725596256105834,0.08701983456724986
Kapoeta North,SS0204,May,0.375,0.735769623714546,0.000735769623714546,0.002488826703872844
Kapoeta South,SS0205,May,0.10714285714285714,0.0329501823909436,3.29501823909436e-05,0.0005747317317115965
Lafon,SS0206,May,0.5892857142857143,1.654103630793122,0.001654103630793122,0.13781824506108864
Magwi,SS0207,May,0.08035714285714286,0.006216501561920831,6.216501561920831e-06,0.00011953287537740052
Torit,SS0208,May,0.10714285714285714,0.024362009057488976,2.4362009057488976e-05,0.00046844048273867687
Akobo,SS0301,May,0.29464285714285715,0.3670627485713546,0.0003670627485713546,0.0040675975463544825
Ayod,SS0302,May,0.9285714285714286,28.540186525919825,0.028540186525919827,0.21220816102491216
Bor South,SS0303,May,0.9017857142857143,11.858346697783515,0.011858346697783516,0.0849279259529719
Canal/Pigi,SS0304,May,0.24107142857142858,0.8916538093115222,0.0008916538093115222,0.006385907801721512
Duk,SS0305,May,0.8660714285714286,18.709714680153944,0.018709714680153946,0.27174300204212515
Fangak,SS0306,May,0.8035714285714286,15.276558091669608,0.015276558091669609,0.19955045414684786
Nyirol,SS0307,May,0.14285714285714285,0.049270960675827966,4.9270960675827965e-05,0.0006436032593280564
Pibor,SS0308,May,0.6875,5.4494429133060285,0.0054494429133060285,0.016488526667889993
Pochalla,SS0309,May,0.6964285714285714,3.3561677916755928,0.003356167791675593,0.010154847571636321
Twic East,SS0310,May,0.875,8.814742768631078,0.008814742768631078,0.14829896955143043
Uror,SS0311,May,0.25892857142857145,2.820658942793243,0.002820658942793243,0.023175496052480555
Awerial,SS0401,May,0.9017857142857143,3.8681177871129924,0.0038681177871129923,0.08541416435615802
Cueibet,SS0402,May,0.044642857142857144,0.007603052807191075,7.603052807191075e-06,0.00016788744237456623
Rumbek Centre,SS0403,May,0.13392857142857142,0.04802420831899845,4.802420831899845e-05,0.0009876814330189185
Rumbek East,SS0404,May,0.44642857142857145,0.344429575368233,0.000344429575368233,0.008938411856208417
Rumbek North,SS0405,May,0.13392857142857142,0.07741660025790599,7.7416600257906e-05,0.002170506890772499
Wulu,SS0406,May,0.044642857142857144,0.0138146548633749,1.38146548633749e-05,0.0003366232465493651
Yirol East,SS0407,May,0.875,4.528791605889149,0.004528791605889149,0.08132754307772731
Yirol West,SS0408,May,0.3482142857142857,0.19378427442143267,0.00019378427442143267,0.0034799567516644423
Aweil Centre,SS0501,May,0.017857142857142856,0.0037888639790635533,3.7888639790635535e-06,7.798095675325366e-05
Aweil East,SS0502,May,0.07142857142857142,0.023660338788826448,2.3660338788826447e-05,0.00021207200809429474
Aweil North,SS0503,May,0.008928571428571428,0.0009453299974795822,9.453299974795822e-07,1.484609292479626e-05
Aweil South,SS0504,May,0.008928571428571428,0.00047367908175415625,4.7367908175415625e-07,7.467963585399035e-06
Aweil West,SS0505,May,0.044642857142857144,0.00662463843992252,6.62463843992252e-06,0.0003351052599559061
Abiemnhom,SS0601,May,0.11607142857142858,0.02929990381229511,2.9299903812295108e-05,0.0005850793047027017
Guit,SS0602,May,0.42857142857142855,30.006371753928242,0.030006371753928243,1.2462012868831
Koch,SS0603,May,0.6517857142857143,0.4446776917245349,0.00044467769172453495,0.010114155172903587
Leer,SS0604,May,0.5982142857142857,2.0238843830481126,0.0020238843830481124,0.12563363675733716
Mayendit,SS0605,May,0.6517857142857143,9.98626888122966,0.009986268881229662,0.32620783509223034
Mayom,SS0606,May,0.7410714285714286,8.69596758946935,0.008695967589469349,0.20411068950096414
Panyijiar,SS0607,May,0.8660714285714286,8.73200244839054,0.00873200244839054,0.16398209270986078
Pariang,SS0608,May,0.8125,12.098091624963065,0.012098091624963064,0.13474071486894115
Rubkona,SS0609,May,0.32142857142857145,111.55842536693278,0.11155842536693278,1.2424655432909926
Baliet,SS0701,May,0.42857142857142855,0.32510285782035286,0.00032510285782035286,0.002784404873036347
Fashoda,SS0702,May,0.05357142857142857,0.013689914851492619,1.3689914851492619e-05,0.00011724986325716124
Longochuk,SS0703,May,0.25,0.11726155495728695,0.00011726155495728695,0.0032618379912108873
Luakpiny/Nasir,SS0704,May,0.375,0.6756677617416461,0.0006756677617416461,0.013029276997996662
Maban,SS0705,May,0.4107142857142857,0.30042078187106613,0.00030042078187106613,0.00579318091611058
Maiwut,SS0706,May,0.11607142857142858,0.1037125983469049,0.0001037125983469049,0.0008773426437193523
Malakal,SS0707,May,0.08035714285714286,0.02881630153027117,2.881630153027117e-05,0.000781728072724113
Manyo,SS0708,May,0.0,0.0,0.0,0.0
Melut,SS0709,May,0.08035714285714286,0.014630235315345795,1.4630235315345796e-05,0.0019386001184693207
Panyikang,SS0710,May,0.4375,2.2088768526382734,0.0022088768526382736,0.043223904331100384
Renk,SS0711,May,0.0,0.0,0.0,0.0
Ulang,SS0712,May,0.3482142857142857,0.2737223341639312,0.00027372233416393123,0.00566292144369108
Gogrial East,SS0801,May,0.35714285714285715,0.08283338572376356,8.283338572376356e-05,0.0018720247241778814
Gogrial West,SS0802,May,0.0,0.0,0.0,0.0
Tonj East,SS0803,May,0.08035714285714286,0.054110211218285124,5.4110211218285126e-05,0.0012294806102026686
Tonj North,SS0804,May,0.6160714285714286,0.48701792323177623,0.00048701792323177626,0.0043375960512133166
Tonj South,SS0805,May,0.026785714285714284,0.008077392779712223,8.077392779712224e-06,7.194081645472526e-05
Twic,SS0806,May,0.5625,0.13867068369821023,0.00013867068369821024,0.0035043827352204604
Jur River,SS0901,May,0.026785714285714284,0.0018980156279600204,1.8980156279600205e-06,4.7965244133916126e-05
Raja,SS0902,May,0.05357142857142857,0.007097922471180312,7.097922471180312e-06,7.063855552857744e-05
Wau,SS0903,May,0.0,0.0,0.0,0.0
Ezo,SS1001,May,0.0,0.0,0.0,0.0
Ibba,SS1002,May,0.0,0.0,0.0,0.0
Maridi,SS1003,May,0.008928571428571428,0.0004768270537296232,4.7682705372962324e-07,4.962798860402087e-06
Mundri East,SS1004,May,0.05357142857142857,0.054835641657776914,5.483564165777691e-05,0.00071388643720356
Mundri West,SS1005,May,0.0,0.0,0.0,0.0
Mvolo,SS1006,May,0.026785714285714284,0.09194642692287734,9.194642692287734e-05,0.0015655952411072957
Nagero,SS1007,May,0.0,0.0,0.0,0.0
Nzara,SS1008,May,0.0,0.0,0.0,0.0
Tambura,SS1009,May,0.017857142857142856,0.0009535889940192028,9.535889940192028e-07,1.4797927903609945e-05
Yambio,SS1010,May,0.0,0.0,0.0,0.0
Abyei,SS0001,Jun,0.04716981132075472,0.00998124044379007,9.98124044379007e-06,9.509701351493387e-05
Juba,SS0101,Jun,0.5377358490566038,0.2668278312615716,0.0002668278312615716,0.00254222208337133
Kajo-keji,SS0102,Jun,0.018867924528301886,0.0010101596991925886,1.0101596991925887e-06,5.500007517752538e-06
Lainya,SS0103,Jun,0.0,0.0,0.0,0.0
Morobo,SS0104,Jun,0.0,0.0,0.0,0.0
Terekeka,SS0105,Jun,0.5566037735849056,1.5151056687397464,0.0015151056687397464,0.11575041322944195
Yei,SS0106,Jun,0.0,0.0,0.0,0.0
Budi,SS0201,Jun,0.16037735849056603,0.03885873242338924,3.885873242338924e-05,0.0005782077933356627
Ikotos,SS0202,Jun,0.02830188679245283,0.00908978355453842,9.089783554538419e-06,0.0001585427564188409
Kapoeta East,SS0203,Jun,0.8584905660377359,9.425706576045279,0.00942570657604528,0.0318835535923574
Kapoeta North,SS0204,Jun,0.32075471698113206,0.3135501012609806,0.0003135501012609806,0.001060619846033656
Kapoeta South,SS0205,Jun,0.05660377358490566,0.005045457889376921,5.045457889376921e-06,8.800511983923173e-05
Lafon,SS0206,Jun,0.39622641509433965,0.7222294202121574,0.0007222294202121574,0.06017542635910944
Magwi,SS0207,Jun,0.10377358490566038,0.008589596666737543,8.589596666737543e-06,0.00016516350517734328
Torit,SS0208,Jun,0.04716981132075472,0.0045422008969701185,4.542200896970119e-06,8.733888801419086e-05
Akobo,SS0301,Jun,0.19811320754716982,0.1168545887194719,0.0001168545887194719,0.001294921481968872
Ayod,SS0302,Jun,0.9150943396226415,23.853469841688877,0.023853469841688877,0.17736047255931023
Bor South,SS0303,Jun,0.8679245283018868,6.074834202148494,0.006074834202148494,0.043507166930199584
Canal/Pigi,SS0304,Jun,0.19811320754716982,0.7378593317056268,0.0007378593317056268,0.005284451895686075
Duk,SS0305,Jun,0.8679245283018868,17.635579439807707,0.017635579439807706,0.25614208349254713
Fangak,SS0306,Jun,0.660377358490566,11.47034521849178,0.01147034521849178,0.1498316953227387
Nyirol,SS0307,Jun,0.03773584905660377,0.03604018386996287,3.604018386996287e-05,0.00047077587867837446
Pibor,SS0308,Jun,0.5,0.9413331247986539,0.000941333124798654,0.0028482170707233886
Pochalla,SS0309,Jun,0.42452830188679247,0.4099194024963519,0.0004099194024963519,0.0012403042122421555
Twic East,SS0310,Jun,0.8207547169811321,9.59738713321887,0.00959738713321887,0.16146615500880349
Uror,SS0311,Jun,0.16981132075471697,0.3866404214216588,0.0003866404214216588,0.003176769592538395
Awerial,SS0401,Jun,0.8207547169811321,2.9807308404809127,0.0029807308404809127,0.06581925575237627
Cueibet,SS0402,Jun,0.018867924528301886,0.007536845149226967,7.536845149226967e-06,0.0001664254724733851
Rumbek Centre,SS0403,Jun,0.05660377358490566,0.013567308991310846,1.3567308991310846e-05,0.00027902967390400945
Rumbek East,SS0404,Jun,0.46226415094339623,0.10806904286523226,0.00010806904286523226,0.002804537365883764
Rumbek North,SS0405,Jun,0.05660377358490566,0.01104006802926619,1.104006802926619e-05,0.00030952720285172053
Wulu,SS0406,Jun,0.04716981132075472,0.017114737743186687,1.7114737743186686e-05,0.00041703673670679016
Yirol East,SS0407,Jun,0.7830188679245284,4.303930734769587,0.004303930734769587,0.07728951621009866
Yirol West,SS0408,Jun,0.4339622641509434,0.11772378524113061,0.00011772378524113062,0.002114070826977574
Aweil Centre,SS0501,Jun,0.02830188679245283,0.0030033279245574047,3.0033279245574046e-06,6.18133525761025e-05
Aweil East,SS0502,Jun,0.08490566037735849,0.6258388794300304,0.0006258388794300304,0.00560951003655484
Aweil North,SS0503,Jun,0.04716981132075472,0.0770109886123613,7.701098861236131e-05,0.0012094319403994544
Aweil South,SS0504,Jun,0.009433962264150943,0.002001445674491716,2.001445674491716e-06,3.1554535530483975e-05
Aweil West,SS0505,Jun,0.07547169811320754,0.8748587396341851,0.0008748587396341851,0.04425445524740801
Abiemnhom,SS0601,Jun,0.02830188679245283,0.009987677750039363,9.987677750039363e-06,0.00019944036646070946
Guit,SS0602,Jun,0.2641509433962264,21.383052347017077,0.021383052347017078,0.8880642941728817
Koch,SS0603,Jun,0.5283018867924528,0.30822567249586863,0.00030822567249586864,0.007010565940031331
Leer,SS0604,Jun,0.4528301886792453,1.7654884819514247,0.0017654884819514247,0.10959358177698587
Mayendit,SS0605,Jun,0.5094339622641509,10.43496204636507,0.01043496204636507,0.3408646831863785
Mayom,SS0606,Jun,0.5566037735849056,6.900322487469823,0.006900322487469823,0.16196352691126115
Panyijiar,SS0607,Jun,0.7735849056603774,8.496793927731746,0.008496793927731746,0.1595650090376123
Pariang,SS0608,Jun,0.6698113207547169,5.736473807410178,0.005736473807410178,0.06388913273251587
Rubkona,SS0609,Jun,0.24528301886792453,78.24017045903291,0.0782401704590329,0.8713883830541819
Baliet,SS0701,Jun,0.20754716981132076,0.20777974318684395,0.00020777974318684394,0.001779568882680765
Fashoda,SS0702,Jun,0.05660377358490566,0.016962445936394552,1.6962445936394552e-05,0.00014527807427030176
Longochuk,SS0703,Jun,0.0660377358490566,0.03846702096875479,3.846702096875479e-05,0.0010700283690617473
Luakpiny/Nasir,SS0704,Jun,0.2358490566037736,0.28728738779481194,0.00028728738779481194,0.005539922378360787
Maban,SS0705,Jun,0.14150943396226415,0.05089409222604083,5.089409222604083e-05,0.0009814190682494452
Maiwut,SS0706,Jun,0.018867924528301886,0.0030042924299932944,3.0042924299932945e-06,2.5414403891607968e-05
Malakal,SS0707,Jun,0.04716981132075472,0.028444270832900964,2.8444270832900964e-05,0.000771635631133581
Manyo,SS0708,Jun,0.0,0.0,0.0,0.0
Melut,SS0709,Jun,0.018867924528301886,0.0014958851688117527,1.4958851688117527e-06,0.00019821438978723783
Panyikang,SS0710,Jun,0.3584905660377358,2.0213027203650613,0.0020213027203650614,0.03955340258326293
Renk,SS0711,Jun,0.0,0.0,0.0,0.0
Ulang,SS0712,Jun,0.3018867924528302,0.3841090039103098,0.0003841090039103098,0.0079466628896121
Gogrial East,SS0801,Jun,0.3018867924528302,0.11705980564799073,0.00011705980564799074,0.002645537767963393
Gogrial West,SS0802,Jun,0.03773584905660377,0.04200840108725362,4.200840108725362e-05,0.0009493848980261953
Tonj East,SS0803,Jun,0.07547169811320754,0.06619094612756453,6.619094612756453e-05,0.0015039764769446992
Tonj North,SS0804,Jun,0.4716981132075472,0.835653857343852,0.0008356538573438521,0.00744270117974863
Tonj South,SS0805,Jun,0.009433962264150943,0.002007622152143746,2.007622152143746e-06,1.7880766813838096e-05
Twic,SS0806,Jun,0.44339622641509435,1.0404997684797486,0.0010404997684797487,0.026294738926915515
Jur River,SS0901,Jun,0.018867924528301886,0.0020077227503416274,2.0077227503416275e-06,5.0737681215437364e-05
Raja,SS0902,Jun,0.02830188679245283,0.00600456964891039,6.00456964891039e-06,5.975750345146203e-05
Wau,SS0903,Jun,0.009433962264150943,0.002507461902421049,2.507461902421049e-06,4.043604104844041e-06
Ezo,SS1001,Jun,0.0,0.0,0.0,0.0
Ibba,SS1002,Jun,0.0,0.0,0.0,0.0
Maridi,SS1003,Jun,0.0,0.0,0.0,0.0
Mundri East,SS1004,Jun,0.02830188679245283,0.006549348438718069,6.549348438718069e-06,8.526372413220502e-05
Mundri West,SS1005,Jun,0.0,0.0,0.0,0.0
Mvolo,SS1006,Jun,0.009433962264150943,0.012584653728200529,1.258465372820053e-05,0.00021428210586562477
Nagero,SS1007,Jun,0.009433962264150943,0.0010057966689621764,1.0057966689621764e-06,1.7611904815844802e-05
Nzara,SS1008,Jun,0.0,0.0,0.0,0.0
Tambura,SS1009,Jun,0.0,0.0,0.0,0.0
Yambio,SS1010,Jun,0.0,0.0,0.0,0.0
Abyei,SS0001,Jul,0.0,0.0,0.0,0.0
Juba,SS0101,Jul,0.39473684210526316,0.143522149577975,0.000143522149577975,0.0013674179952854074
Kajo-keji,SS0102,Jul,0.008771929824561403,0.00046963564962462453,4.6963564962462455e-07,2.5570210389551276e-06
Lainya,SS0103,Jul,0.0,0.0,0.0,0.0
Morobo,SS0104,Jul,0.0,0.0,0.0,0.0
Terekeka,SS0105,Jul,0.4649122807017544,1.2878680745378457,0.0012878680745378457,0.09839000994350298
Yei,SS0106,Jul,0.0,0.0,0.0,0.0
Budi,SS0201,Jul,0.06140350877192982,0.00797568248551393,7.97568248551393e-06,0.00011867607311655797
Ikotos,SS0202,Jul,0.008771929824561403,0.00046959540188171406,4.695954018817141e-07,8.190618508046633e-06
Kapoeta East,SS0203,Jul,0.7631578947368421,6.99689236990887,0.006996892369908869,0.023667805809158293
Kapoeta North,SS0204,Jul,0.15789473684210525,0.11482401146297556,0.00011482401146297557,0.0003884056323664255
Kapoeta South,SS0205,Jul,0.017543859649122806,0.0014072340809056963,1.4072340809056963e-06,2.4545602529496243e-05
Lafon,SS0206,Jul,0.2894736842105263,0.7696961141216243,0.0007696961141216243,0.0641303033883787
Magwi,SS0207,Jul,0.05263157894736842,0.004228404090868857,4.228404090868858e-06,8.130510291112103e-05
Torit,SS0208,Jul,0.0,0.0,0.0,0.0
Akobo,SS0301,Jul,0.09649122807017543,0.15571158996872797,0.00015571158996872798,0.0017255144624751526
Ayod,SS0302,Jul,0.9385964912280702,22.996305042972843,0.022996305042972842,0.1709870956556372
Bor South,SS0303,Jul,0.7807017543859649,17.131407879627623,0.017131407879627625,0.12269289952056478
Canal/Pigi,SS0304,Jul,0.11403508771929824,0.6731679671853719,0.0006731679671853718,0.0048211408156684996
Duk,SS0305,Jul,0.868421052631579,13.818435295960535,0.013818435295960536,0.20070124825753255
Fangak,SS0306,Jul,0.6403508771929824,10.208347827779788,0.010208347827779789,0.13334682019985086
Nyirol,SS0307,Jul,0.03508771929824561,0.02656330058432746,2.656330058432746e-05,0.00034698383388678925
Pibor,SS0308,Jul,0.3157894736842105,2.255591922059075,0.0022555919220590753,0.006824805425144882
Pochalla,SS0309,Jul,0.32456140350877194,0.2578551788976869,0.0002578551788976869,0.0007801993820921952
Twic East,SS0310,Jul,0.8157894736842105,7.742267973333575,0.007742267973333575,0.13025568556831757
Uror,SS0311,Jul,0.13157894736842105,1.3044151835452702,0.0013044151835452703,0.01071752010794771
Awerial,SS0401,Jul,0.6754385964912281,1.9759175860176104,0.0019759175860176105,0.04363138837411033
Cueibet,SS0402,Jul,0.02631578947368421,0.02803352960435906,2.8033529604359063e-05,0.0006190247135408655
Rumbek Centre,SS0403,Jul,0.017543859649122806,0.0018687887746795526,1.8687887746795527e-06,3.843411561778897e-05
Rumbek East,SS0404,Jul,0.41228070175438597,0.14581682532010753,0.00014581682532010753,0.0037841432138412453
Rumbek North,SS0405,Jul,0.008771929824561403,0.003265915241146098,3.2659152411460984e-06,9.156552356950883e-05
Wulu,SS0406,Jul,0.02631578947368421,0.0042120890679299685,4.212089067929969e-06,0.00010263644736871026
Yirol East,SS0407,Jul,0.6842105263157895,2.7295848382169368,0.002729584838216937,0.04901758522642716
Yirol West,SS0408,Jul,0.32456140350877194,0.11693152808041112,0.00011693152808041111,0.0020998435597561664
Aweil Centre,SS0501,Jul,0.008771929824561403,0.0009307739180283508,9.307739180283508e-07,1.915683462111634e-05
Aweil East,SS0502,Jul,0.16666666666666666,0.32225472797497656,0.0003222547279749766,0.0028884289396484885
Aweil North,SS0503,Jul,0.008771929824561403,0.0013934364827624193,1.3934364827624193e-06,2.1883456108499247e-05
Aweil South,SS0504,Jul,0.017543859649122806,0.007907764472319063,7.907764472319064e-06,0.00012467279936132162
Aweil West,SS0505,Jul,0.06140350877192982,0.0302311301584254,3.02311301584254e-05,0.0015292322475214907
Abiemnhom,SS0601,Jul,0.0,0.0,0.0,0.0
Guit,SS0602,Jul,0.20175438596491227,21.170559749724067,0.021170559749724066,0.879239216940243
Koch,SS0603,Jul,0.43859649122807015,0.24335822897836226,0.00024335822897836226,0.005535161615471599
Leer,SS0604,Jul,0.5,2.8232952946549004,0.0028232952946549003,0.17525746948705068
Mayendit,SS0605,Jul,0.40350877192982454,11.036210523032905,0.011036210523032905,0.3605048477222012
Mayom,SS0606,Jul,0.5877192982456141,5.738197447876129,0.005738197447876129,0.13468626987490195
Panyijiar,SS0607,Jul,0.7368421052631579,6.890140326152514,0.006890140326152513,0.12939295842219384
Pariang,SS0608,Jul,0.631578947368421,6.93417352239231,0.00693417352239231,0.07722833702999633
Rubkona,SS0609,Jul,0.23684210526315788,69.27021744544366,0.06927021744544366,0.7714868515681763
Baliet,SS0701,Jul,0.20175438596491227,1.0333606581059251,0.001033360658105925,0.008850412670392875
Fashoda,SS0702,Jul,0.043859649122807015,0.031070418435171686,3.107041843517168e-05,0.0002661084712641192
Longochuk,SS0703,Jul,0.05263157894736842,0.04506137248170379,4.5061372481703794e-05,0.0012534619445432515
Luakpiny/Nasir,SS0704,Jul,0.3157894736842105,0.24854766266279416,0.00024854766266279416,0.004792882726401911
Maban,SS0705,Jul,0.008771929824561403,0.002783290078137542,2.783290078137542e-06,5.367172957956829e-05
Maiwut,SS0706,Jul,0.008771929824561403,0.011641327338242568,1.1641327338242567e-05,9.847822796969685e-05
Malakal,SS0707,Jul,0.008771929824561403,0.00046391866308110176,4.6391866308110177e-07,1.2585176553978266e-05
Manyo,SS0708,Jul,0.0,0.0,0.0,0.0
Melut,SS0709,Jul,0.017543859649122806,0.0018545037463821511,1.8545037463821512e-06,0.00024573365396708685
Panyikang,SS0710,Jul,0.3157894736842105,0.941053905154162,0.000941053905154162,0.018414799321296995
Renk,SS0711,Jul,0.0,0.0,0.0,0.0
Ulang,SS0712,Jul,0.2631578947368421,0.3072029123971887,0.00030720291239718874,0.006355586457685668
Gogrial East,SS0801,Jul,0.2807017543859649,0.13629601463971183,0.00013629601463971183,0.003080273816928537
Gogrial West,SS0802,Jul,0.043859649122807015,0.09903201190839085,9.903201190839086e-05,0.002238111760828346
Tonj East,SS0803,Jul,0.10526315789473684,0.20100450170933767,0.0002010045017093377,0.004567181163239821
Tonj North,SS0804,Jul,0.5350877192982456,2.1345687161604006,0.0021345687161604004,0.01901140880569695
Tonj South,SS0805,Jul,0.017543859649122806,0.01026834622880555,1.0268346228805551e-05,9.145441251730102e-05
Twic,SS0806,Jul,0.5,0.6327532492434255,0.0006327532492434255,0.015990471115935864
Jur River,SS0901,Jul,0.06140350877192982,0.006994799742056138,6.9947997420561384e-06,0.00017676739451095988
Raja,SS0902,Jul,0.08771929824561403,0.028384581232289218,2.838458123228922e-05,0.0002824834767741638
Wau,SS0903,Jul,0.017543859649122806,0.001399185971562635,1.3991859715626352e-06,2.256366939249643e-06
Ezo,SS1001,Jul,0.0,0.0,0.0,0.0
Ibba,SS1002,Jul,0.0,0.0,0.0,0.0
Maridi,SS1003,Jul,0.0,0.0,0.0,0.0
Mundri East,SS1004,Jul,0.008771929824561403,0.0018737487928674535,1.8737487928674536e-06,2.439369376404315e-05
Mundri West,SS1005,Jul,0.0,0.0,0.0,0.0
Mvolo,SS1006,Jul,0.043859649122807015,0.009829776823262094,9.829776823262094e-06,0.00016737411480442042
Nagero,SS1007,Jul,0.0,0.0,0.0,0.0
Nzara,SS1008,Jul,0.0,0.0,0.0,0.0
Tambura,SS1009,Jul,0.0,0.0,0.0,0.0
Yambio,SS1010,Jul,0.0,0.0,0.0,0.0
Abyei,SS0001,Aug,0.0,0.0,0.0,0.0
Juba,SS0101,Aug,0.5446428571428571,0.25013960370148364,0.00025013960370148363,0.0023832237493707355
Kajo-keji,SS0102,Aug,0.008928571428571428,0.0009560416121257938,9.560416121257937e-07,5.205351251073451e-06
Lainya,SS0103,Aug,0.0,0.0,0.0,0.0
Morobo,SS0104,Aug,0.0,0.0,0.0,0.0
Terekeka,SS0105,Aug,0.5267857142857143,0.8789254562057864,0.0008789254562057865,0.06714778173744065
Yei,SS0106,Aug,0.0,0.0,0.0,0.0
Budi,SS0201,Aug,0.044642857142857144,0.006212915136256121,6.212915136256122e-06,9.244655517775292e-05
Ikotos,SS0202,Aug,0.008928571428571428,0.0004780279634056384,4.780279634056384e-07,8.337698088066659e-06
Kapoeta East,SS0203,Aug,0.8482142857142857,7.871615078629051,0.007871615078629051,0.02662665755538286
Kapoeta North,SS0204,Aug,0.10714285714285714,0.05961620849359221,5.9616208493592216e-05,0.00020165878951815448
Kapoeta South,SS0205,Aug,0.008928571428571428,0.00047743100117560985,4.774310011756098e-07,8.327563799885894e-06
Lafon,SS0206,Aug,0.3125,2.2174637669969877,0.002217463766996988,0.18475684302049494
Magwi,SS0207,Aug,0.125,0.013389948705665624,1.3389948705665623e-05,0.0002574662057109764
Torit,SS0208,Aug,0.017857142857142856,0.003343196556431817,3.343196556431817e-06,6.428405001777883e-05
Akobo,SS0301,Aug,0.25892857142857145,0.683569760500713,0.000683569760500713,0.007574962840540909
Ayod,SS0302,Aug,0.8928571428571429,28.195177972778417,0.02819517797277842,0.20964287889077077
Bor South,SS0303,Aug,0.8125,8.582640062627716,0.008582640062627716,0.06146774405373887
Canal/Pigi,SS0304,Aug,0.16964285714285715,0.9373122953247456,0.0009373122953247456,0.006712907898622088
Duk,SS0305,Aug,0.7678571428571429,11.514480432699612,0.011514480432699613,0.16723822534055635
Fangak,SS0306,Aug,0.625,11.553948182198999,0.011553948182198999,0.1509237613022407
Nyirol,SS0307,Aug,0.14285714285714285,0.3582999212293055,0.0003582999212293055,0.00468030243285472
Pibor,SS0308,Aug,0.4107142857142857,1.9706361081216637,0.0019706361081216635,0.005962606919348102
Pochalla,SS0309,Aug,0.4017857142857143,0.28194381370232874,0.00028194381370232876,0.0008530850153006068
Twic East,SS0310,Aug,0.7946428571428571,8.894485523094675,0.008894485523094674,0.14964055927520867
Uror,SS0311,Aug,0.23214285714285715,3.6343771273304193,0.0036343771273304195,0.029861282230832887
Awerial,SS0401,Aug,0.7589285714285714,3.2145243075935497,0.00321452430759355,0.07098178562462688
Cueibet,SS0402,Aug,0.044642857142857144,0.19022774673726944,0.00019022774673726944,0.004200529797476952
Rumbek Centre,SS0403,Aug,0.05357142857142857,0.09609813219580918,9.609813219580918e-05,0.001976385332312704
Rumbek East,SS0404,Aug,0.49107142857142855,1.1687874606151556,0.0011687874606151555,0.030331610414643207
Rumbek North,SS0405,Aug,0.0625,0.11351597861621661,0.00011351597861621661,0.0031826147490133434
Wulu,SS0406,Aug,0.14285714285714285,0.09429173989373281,9.429173989373281e-05,0.002297617415688545
Yirol East,SS0407,Aug,0.7767857142857143,2.8419225993767716,0.0028419225993767715,0.051034934423528966
Yirol West,SS0408,Aug,0.48214285714285715,0.35280031096784514,0.0003528003109678451,0.006335549299897576
Aweil Centre,SS0501,Aug,0.26785714285714285,0.7099755096272081,0.0007099755096272081,0.014612445793261842
Aweil East,SS0502,Aug,0.5089285714285714,3.680558805316693,0.003680558805316693,0.03298953171039375
Aweil North,SS0503,Aug,0.07142857142857142,0.12208487079991867,0.00012208487079991867,0.0019173022557622639
Aweil South,SS0504,Aug,0.13392857142857142,0.3011076756425476,0.0003011076756425476,0.004747224953771053
Aweil West,SS0505,Aug,0.2767857142857143,0.9409444686304645,0.0009409444686304646,0.04759738114374309
Abiemnhom,SS0601,Aug,0.026785714285714284,0.00283639456183745,2.83639456183745e-06,5.663894901272672e-05
Guit,SS0602,Aug,0.3125,21.12093037750324,0.02112093037750324,0.8771780484645608
Koch,SS0603,Aug,0.5089285714285714,0.8659109609622047,0.0008659109609622047,0.019695069008577797
Leer,SS0604,Aug,0.4642857142857143,4.0863498677248655,0.0040863498677248655,0.25366221472194356
Mayendit,SS0605,Aug,0.5267857142857143,16.8334464638041,0.0168334464638041,0.5498752530507006
Mayom,SS0606,Aug,0.6339285714285714,8.86146642879376,0.00886146642879376,0.20799525805053207
Panyijiar,SS0607,Aug,0.75,9.879878187311993,0.009879878187311994,0.1855385532069501
Pariang,SS0608,Aug,0.6339285714285714,11.116443263213254,0.011116443263213255,0.12380775071952323
Rubkona,SS0609,Aug,0.30357142857142855,72.25742470268928,0.07225742470268928,0.8047564327368668
Baliet,SS0701,Aug,0.17857142857142858,0.20834126147728724,0.00020834126147728724,0.0017843781122110491
Fashoda,SS0702,Aug,0.0625,0.05428847006708241,5.4288470067082406e-05,0.0004649638628769038
Longochuk,SS0703,Aug,0.044642857142857144,0.008035759629346233,8.035759629346233e-06,0.00022352889706083007
Luakpiny/Nasir,SS0704,Aug,0.4642857142857143,0.4642429505059658,0.00046424295050596584,0.008952254849214388
Maban,SS0705,Aug,0.017857142857142856,0.0009451285150407893,9.451285150407892e-07,1.8225438475012384e-05
Maiwut,SS0706,Aug,0.03571428571428571,0.04783930489777293,4.783930489777293e-05,0.00040469010420816264
Malakal,SS0707,Aug,0.07142857142857142,0.03827121197386352,3.827121197386352e-05,0.0010382207010749165
Manyo,SS0708,Aug,0.0,0.0,0.0,0.0
Melut,SS0709,Aug,0.0,0.0,0.0,0.0
Panyikang,SS0710,Aug,0.24107142857142858,0.8190147645006964,0.0008190147645006964,0.016026704152499033
Renk,SS0711,Aug,0.0,0.0,0.0,0.0
Ulang,SS0712,Aug,0.4107142857142857,0.4861095324038354,0.0004861095324038354,0.010056907133429905
Gogrial East,SS0801,Aug,0.32142857142857145,1.3746480897796733,0.0013746480897796733,0.031066884307895486
Gogrial West,SS0802,Aug,0.32142857142857145,1.0167224025122865,0.0010167224025122866,0.02297780609229041
Tonj East,SS0803,Aug,0.13392857142857142,0.22269469998756017,0.00022269469998756016,0.005060021194984405
Tonj North,SS0804,Aug,0.7053571428571429,15.243530270407334,0.015243530270407334,0.13576559209300862
Tonj South,SS0805,Aug,0.11607142857142858,0.49178001663114795,0.000491780016631148,0.004380009351708612
Twic,SS0806,Aug,0.625,2.9774995717329036,0.002977499571732904,0.07524516224363126
Jur River,SS0901,Aug,0.22321428571428573,0.3529545113456688,0.0003529545113456688,0.008919604799596874
Raja,SS0902,Aug,0.20535714285714285,0.11791361762358428,0.00011791361762358428,0.0011734768391593795
Wau,SS0903,Aug,0.0625,0.09587298283622303,9.587298283622303e-05,0.00015460748837933748
Ezo,SS1001,Aug,0.0,0.0,0.0,0.0
Ibba,SS1002,Aug,0.0,0.0,0.0,0.0
Maridi,SS1003,Aug,0.0,0.0,0.0,0.0
Mundri East,SS1004,Aug,0.017857142857142856,0.008105854010889204,8.105854010889204e-06,0.00010552733706372529
Mundri West,SS1005,Aug,0.0,0.0,0.0,0.0
Mvolo,SS1006,Aug,0.16071428571428573,0.2068140243116933,0.0002068140243116933,0.0035214750925364516
Nagero,SS1007,Aug,0.03571428571428571,0.01808522658789672,1.808522658789672e-05,0.00031667960241673926
Nzara,SS1008,Aug,0.0,0.0,0.0,0.0
Tambura,SS1009,Aug,0.0,0.0,0.0,0.0
Yambio,SS1010,Aug,0.0,0.0,0.0,0.0
Abyei,SS0001,Sep,0.05357142857142857,0.2141193119215676,0.00021411931192156762,0.002040037730208388
Juba,SS0101,Sep,0.5446428571428571,0.22483097092202872,0.00022483097092202873,0.0021420938610541263
Kajo-keji,SS0102,Sep,0.0,0.0,0.0,0.0
Lainya,SS0103,Sep,0.0,0.0,0.0,0.0
Morobo,SS0104,Sep,0.0,0.0,0.0,0.0
Terekeka,SS0105,Sep,0.5446428571428571,2.5079113096387156,0.0025079113096387155,0.19159836599049543
Yei,SS0106,Sep,0.0,0.0,0.0,0.0
Budi,SS0201,Sep,0.07142857142857142,0.02867119666578778,2.8671196665787778e-05,0.0004266199209946345
Ikotos,SS0202,Sep,0.03571428571428571,0.010037288389319683,1.0037288389319684e-05,0.0001750690056221453
Kapoeta East,SS0203,Sep,0.8392857142857143,9.731403400266094,0.009731403400266094,0.032917608811393
Kapoeta North,SS0204,Sep,0.15178571428571427,0.29988459584610555,0.0002998845958461056,0.0010143946775811256
Kapoeta South,SS0205,Sep,0.008928571428571428,0.0009550566797107678,9.550566797107678e-07,1.6658523248835294e-05
Lafon,SS0206,Sep,0.3392857142857143,9.3250909579471,0.009325090957947101,0.776957166972104
Magwi,SS0207,Sep,0.10714285714285714,0.010042463706067354,1.0042463706067354e-05,0.00019309969613978586
Torit,SS0208,Sep,0.026785714285714284,0.0014329747386035018,1.4329747386035018e-06,2.755369545753472e-05
Akobo,SS0301,Sep,0.36607142857142855,5.6762351849576635,0.005676235184957664,0.06290107182144769
Ayod,SS0302,Sep,0.9642857142857143,32.41532013098275,0.03241532013098275,0.24102139163605085
Bor South,SS0303,Sep,0.8839285714285714,10.055939753583894,0.010055939753583895,0.07201932348120242
Canal/Pigi,SS0304,Sep,0.2767857142857143,1.6346289796222984,0.0016346289796222984,0.011706998663472452
Duk,SS0305,Sep,0.9017857142857143,18.490509042087517,0.018490509042087516,0.26855922296419427
Fangak,SS0306,Sep,0.7678571428571429,19.079519414281634,0.019079519414281633,0.24922673950355723
Nyirol,SS0307,Sep,0.125,0.19906616912062125,0.00019906616912062126,0.002600307229869716
Pibor,SS0308,Sep,0.5,4.485373715321626,0.004485373715321626,0.01357151644619498
Pochalla,SS0309,Sep,0.41964285714285715,0.3190390041618979,0.0003190390041618979,0.000965324935394016
Twic East,SS0310,Sep,0.8660714285714286,8.773530842263266,0.008773530842263266,0.1476056213308419
Uror,SS0311,Sep,0.20535714285714285,1.894942712929993,0.001894942712929993,0.015569495729142091
Awerial,SS0401,Sep,0.8303571428571429,2.5618564004450732,0.0025618564004450733,0.056569844996320146
Cueibet,SS0402,Sep,0.25,0.719972920606384,0.000719972920606384,0.015898141876014293
Rumbek Centre,SS0403,Sep,0.21428571428571427,1.0430455451240506,0.0010430455451240505,0.021451612733917238
Rumbek East,SS0404,Sep,0.625,0.5029975535671543,0.0005029975535671543,0.013053464678931136
Rumbek North,SS0405,Sep,0.10714285714285714,0.09877525551898272,9.877525551898272e-05,0.002769333347467322
Wulu,SS0406,Sep,0.24107142857142858,0.1418773579235716,0.00014187735792357158,0.0034571415144577454
Yirol East,SS0407,Sep,0.7946428571428571,3.645420263255281,0.0036454202632552808,0.0654640573681479
Yirol West,SS0408,Sep,0.6875,1.2505240644678668,0.0012505240644678668,0.02245677403007323
Aweil Centre,SS0501,Sep,0.48214285714285715,2.9004739159321185,0.0029004739159321185,0.059696450506556684
Aweil East,SS0502,Sep,0.7410714285714286,17.24183139602683,0.01724183139602683,0.15454173501122676
Aweil North,SS0503,Sep,0.3125,1.43753315797791,0.00143753315797791,0.02257597971366272
Aweil South,SS0504,Sep,0.44642857142857145,5.303568122684908,0.005303568122684908,0.083615374076093
Aweil West,SS0505,Sep,0.6160714285714286,5.22406354711219,0.005224063547112191,0.2642576178092035
Abiemnhom,SS0601,Sep,0.017857142857142856,0.001418197280918725,1.418197280918725e-06,2.831947450636336e-05
Guit,SS0602,Sep,0.4017857142857143,27.36477739320488,0.027364777393204878,1.136492645040201
Koch,SS0603,Sep,0.7142857142857143,1.0581967527480018,0.001058196752748002,0.024068592510788776
Leer,SS0604,Sep,0.49107142857142855,2.6512825875857815,0.0026512825875857817,0.1645796945417147
Mayendit,SS0605,Sep,0.6517857142857143,22.094889206668665,0.022094889206668664,0.7217436322245884
Mayom,SS0606,Sep,0.8660714285714286,10.796005743840341,0.010796005743840341,0.253402528650189
Panyijiar,SS0607,Sep,0.8303571428571429,7.653101865327166,0.007653101865327166,0.14372094682925804
Pariang,SS0608,Sep,0.7946428571428571,14.036735159553526,0.014036735159553526,0.15633207190477175
Rubkona,SS0609,Sep,0.3482142857142857,94.86560297704918,0.09486560297704918,1.056551690782866
Baliet,SS0701,Sep,0.23214285714285715,0.6109005906434796,0.0006109005906434796,0.0052321735740275535
Fashoda,SS0702,Sep,0.0625,0.005192371513768079,5.192371513768079e-06,4.447104723250403e-05
Longochuk,SS0703,Sep,0.044642857142857144,0.21677627766374144,0.00021677627766374143,0.006030016388017644
Luakpiny/Nasir,SS0704,Sep,0.5714285714285714,1.279092182769151,0.001279092182769151,0.02466544550285034
Maban,SS0705,Sep,0.017857142857142856,0.0009439769438910446,9.439769438910446e-07,1.8203232088467834e-05
Maiwut,SS0706,Sep,0.008928571428571428,0.0009469769181032081,9.469769181032081e-07,8.010822659084093e-06
Malakal,SS0707,Sep,0.08928571428571429,0.02314717105054161,2.314717105054161e-05,0.0006279360102942744
Manyo,SS0708,Sep,0.0,0.0,0.0,0.0
Melut,SS0709,Sep,0.03571428571428571,0.018405162495304432,1.840516249530443e-05,0.002438802208220049
Panyikang,SS0710,Sep,0.48214285714285715,2.619044251313364,0.0026190442513133643,0.05125017178865146
Renk,SS0711,Sep,0.0,0.0,0.0,0.0
Ulang,SS0712,Sep,0.5357142857142857,0.3586490022404173,0.0003586490022404173,0.007419932070027251
Gogrial East,SS0801,Sep,0.6071428571428571,2.8449515094149898,0.00284495150941499,0.0642955677614437
Gogrial West,SS0802,Sep,0.6607142857142857,12.590613279109377,0.012590613279109377,0.28454637155189066
Tonj East,SS0803,Sep,0.16071428571428573,0.2573036209289545,0.0002573036209289545,0.0058463976714285115
Tonj North,SS0804,Sep,0.8303571428571429,26.569844234419396,0.026569844234419396,0.23664273106787145
Tonj South,SS0805,Sep,0.25,1.0659483183277954,0.0010659483183277953,0.009493805044574678
Twic,SS0806,Sep,0.8482142857142857,5.895166004574935,0.0058951660045749345,0.14897826574974635
Jur River,SS0901,Sep,0.4732142857142857,2.3266667789616333,0.0023266667789616333,0.058797798304281244
Raja,SS0902,Sep,0.2767857142857143,0.4681127577508112,0.0004681127577508112,0.004658660215898008
Wau,SS0903,Sep,0.26785714285714285,0.5032573728124635,0.0005032573728124635,0.0008115670976028238
Ezo,SS1001,Sep,0.017857142857142856,0.006189505812017821,6.189505812017821e-06,3.2215486237662854e-05
Ibba,SS1002,Sep,0.008928571428571428,0.00047690350250109286,4.769035025010929e-07,5.907820040967379e-06
Maridi,SS1003,Sep,0.0,0.0,0.0,0.0
Mundri East,SS1004,Sep,0.05357142857142857,0.026225216583818406,2.6225216583818406e-05,0.0003414171124093825
Mundri West,SS1005,Sep,0.0,0.0,0.0,0.0
Mvolo,SS1006,Sep,0.16964285714285715,0.38787226019062476,0.0003878722601906248,0.00660439981230942
Nagero,SS1007,Sep,0.07142857142857142,0.03521993730210553,3.521993730210553e-05,0.0006167152890103981
Nzara,SS1008,Sep,0.0,0.0,0.0,0.0
Tambura,SS1009,Sep,0.008928571428571428,0.00047590393295011344,4.7590393295011346e-07,7.385144053684815e-06
Yambio,SS1010,Sep,0.0,0.0,0.0,0.0
Abyei,SS0001,Oct,0.20689655172413793,2.6814532236021593,0.0026814532236021592,0.025547745781758745
Juba,SS0101,Oct,0.7413793103448276,0.7130909957671997,0.0007130909957671997,0.006794027700639301
Kajo-keji,SS0102,Oct,0.017241379310344827,0.0013846096738242791,1.3846096738242792e-06,7.538771959793402e-06
Lainya,SS0103,Oct,0.04310344827586207,0.028607102649459863,2.8607102649459864e-05,0.0011369600160135306
Morobo,SS0104,Oct,0.008620689655172414,0.0004616518208895086,4.616518208895086e-07,1.3194137887079368e-05
Terekeka,SS0105,Oct,0.5862068965517241,1.8070224950010005,0.0018070224950010006,0.13805215360671427
Yei,SS0106,Oct,0.034482758620689655,0.013838033561338649,1.3838033561338648e-05,0.00012966515217865948
Budi,SS0201,Oct,0.31896551724137934,0.10473276150144559,0.00010473276150144559,0.0015583961478180229
Ikotos,SS0202,Oct,0.1896551724137931,0.09923046471322233,9.923046471322234e-05,0.0017307641377777212
Kapoeta East,SS0203,Oct,0.896551724137931,10.530920292091352,0.010530920292091352,0.03562206809652396
Kapoeta North,SS0204,Oct,0.25,0.11282604022543338,0.00011282604022543338,0.0003816472612550162
Kapoeta South,SS0205,Oct,0.06896551724137931,0.009683253595505844,9.683253595505843e-06,0.0001688996146217764
Lafon,SS0206,Oct,0.5,3.8841644817753167,0.003884164481775317,0.02391407065786599
Magwi,SS0207,Oct,0.1724137931034483,0.013851515972330081,1.3851515972330081e-05,0.0002663413683752068
Torit,SS0208,Oct,0.11206896551724138,0.03873566512677433,3.873566512677433e-05,0.0007448217274844147
Akobo,SS0301,Oct,0.5172413793103449,4.2021085348506775,0.004202108534850677,0.04656557068893406
Ayod,SS0302,Oct,0.9482758620689655,46.427654486709045,0.04642765448670905,0.34520892743208886
Bor South,SS0303,Oct,0.9396551724137931,8.322535471192195,0.008322535471192195,0.05960490903597093
Canal/Pigi,SS0304,Oct,0.4827586206896552,4.628366307768222,0.0046283663077682224,0.03314775331563219
Duk,SS0305,Oct,0.9137931034482759,26.033839157244323,0.026033839157244325,0.3781198018361867
Fangak,SS0306,Oct,0.9741379310344828,34.85023431794231,0.03485023431794231,0.4552321304012657
Nyirol,SS0307,Oct,0.15517241379310345,0.30838584834084937,0.0003083858483408494,0.004028298502817512
Pibor,SS0308,Oct,0.6120689655172413,2.7952465677613447,0.002795246567761345,0.008457653068228889
Pochalla,SS0309,Oct,0.5431034482758621,0.4957942754512559,0.0004957942754512559,0.0015001381356990362
Twic East,SS0310,Oct,0.9137931034482759,16.80771965180449,0.01680771965180449,0.28277257434467673
Uror,SS0311,Oct,0.23275862068965517,1.3460210796663814,0.0013460210796663813,0.011059368343012903
Awerial,SS0401,Oct,0.8879310344827587,4.048411582678593,0.004048411582678593,0.08939533678532789
Cueibet,SS0402,Oct,0.43103448275862066,1.282369542184742,0.0012823695421847422,0.028316749610473823
Rumbek Centre,SS0403,Oct,0.2672413793103448,0.37014914169978025,0.0003701491416997803,0.007612607214185642
Rumbek East,SS0404,Oct,0.6551724137931034,0.8355464250020244,0.0008355464250020244,0.02168355624997084
Rumbek North,SS0405,Oct,0.11206896551724138,0.021555749943207525,2.1555749943207526e-05,0.0006043523434461698
Wulu,SS0406,Oct,0.25,0.11309381644947766,0.00011309381644947767,0.0027557697267422514
Yirol East,SS0407,Oct,0.8706896551724138,5.425492498589824,0.005425492498589824,0.09743039938582472
Yirol West,SS0408,Oct,0.6637931034482759,1.239013011162626,0.0012390130111626261,0.025500894350942514
Aweil Centre,SS0501,Oct,0.5862068965517241,4.055342512517728,0.004055342512517729,0.08346551653364898
Aweil East,SS0502,Oct,0.8189655172413793,41.683223936411025,0.041683223936411024,0.3736144728499602
Aweil North,SS0503,Oct,0.41379310344827586,2.3439539311711153,0.0023439539311711152,0.03681101622331568
Aweil South,SS0504,Oct,0.7155172413793104,19.12759919538404,0.01912759919538404,0.3015632730460606
Aweil West,SS0505,Oct,0.6206896551724138,9.564230772885306,0.009564230772885306,0.48380361713197023
Abiemnhom,SS0601,Oct,0.13793103448275862,0.296936265546563,0.000296936265546563,0.005929414133915931
Guit,SS0602,Oct,0.5862068965517241,42.62459957195011,0.042624599571950104,1.7702517077056168
Koch,SS0603,Oct,0.9224137931034483,3.3010063725264738,0.0033010063725264736,0.07508110098574175
Leer,SS0604,Oct,0.5948275862068966,2.4566556258279606,0.0024566556258279605,0.15249812841003663
Mayendit,SS0605,Oct,0.7413793103448276,20.77686252827453,0.020776862528274532,0.67868945108183
Mayom,SS0606,Oct,0.9396551724137931,40.901665392652575,0.040901665392652574,0.9600388960903988
Panyijiar,SS0607,Oct,0.8879310344827587,8.59638116143408,0.00859638116143408,0.16143520125139307
Pariang,SS0608,Oct,0.9224137931034483,26.930125149138135,0.026930125149138135,0.29993030525721454
Rubkona,SS0609,Oct,0.4224137931034483,137.046478873653,0.137046478873653,1.5263349878757113
Baliet,SS0701,Oct,0.5172413793103449,3.131454941740041,0.003131454941740041,0.026819937720427067
Fashoda,SS0702,Oct,0.27586206896551724,0.48455037859029426,0.00048455037859029425,0.004150023301622165
Longochuk,SS0703,Oct,0.2672413793103448,0.20329183083237862,0.00020329183083237862,0.00565492259891495
Luakpiny/Nasir,SS0704,Oct,0.8793103448275862,8.232149626640343,0.008232149626640343,0.15874511682779419
Maban,SS0705,Oct,0.16379310344827586,0.03691410233928432,3.6914102339284324e-05,0.0007118351529325108
Maiwut,SS0706,Oct,0.06896551724137931,0.0237724400413231,2.37724400413231e-05,0.00020109972873065735
Malakal,SS0707,Oct,0.28448275862068967,0.46207047858486516,0.0004620704785848652,0.012535039040572396
Manyo,SS0708,Oct,0.0,0.0,0.0,0.0
Melut,SS0709,Oct,0.04310344827586207,0.032805135279263854,3.2805135279263853e-05,0.0043468910627894345
Panyikang,SS0710,Oct,0.7758620689655172,7.856415686021254,0.007856415686021254,0.1537364835854657
Renk,SS0711,Oct,0.0,0.0,0.0,0.0
Ulang,SS0712,Oct,0.7931034482758621,2.770786928707711,0.002770786928707711,0.0573235967843264
Gogrial East,SS0801,Oct,0.853448275862069,17.169454599012422,0.017169454599012424,0.3880276440370101
Gogrial West,SS0802,Oct,0.8362068965517241,42.85895928432367,0.04285895928432367,0.9686074127206596
Tonj East,SS0803,Oct,0.1810344827586207,0.0742494030925015,7.42494030925015e-05,0.0016870790071967822
Tonj North,SS0804,Oct,0.9224137931034483,61.98559278162407,0.06198559278162407,0.5520709806684718
Tonj South,SS0805,Oct,0.4051724137931034,2.993306845596425,0.002993306845596425,0.02665970867636786
Twic,SS0806,Oct,0.9396551724137931,22.725026482170477,0.02272502648217048,0.5742900253874916
Jur River,SS0901,Oct,0.6982758620689655,6.513464235313477,0.006513464235313477,0.1646034403521376
Raja,SS0902,Oct,0.3793103448275862,0.2531646053816285,0.0002531646053816285,0.00251949526185044
Wau,SS0903,Oct,0.46551724137931033,1.3212963011711807,0.0013212963011711807,0.0021307598500190017
Ezo,SS1001,Oct,0.04310344827586207,0.026663624374803765,2.6663624374803764e-05,0.0001387803243394433
Ibba,SS1002,Oct,0.05172413793103448,0.005527098518251594,5.527098518251594e-06,6.84689947196457e-05
Maridi,SS1003,Oct,0.06896551724137931,0.011980296377499476,1.1980296377499476e-05,0.00012469049468666907
Mundri East,SS1004,Oct,0.05172413793103448,0.02854659646383703,2.854659646383703e-05,0.00037163836198069106
Mundri West,SS1005,Oct,0.04310344827586207,0.010590552579099447,1.0590552579099447e-05,0.0002084848152825984
Mvolo,SS1006,Oct,0.16379310344827586,0.06349774361619914,6.349774361619914e-05,0.0010811922611191512
Nagero,SS1007,Oct,0.12931034482758622,0.1897814854841133,0.0001897814854841133,0.00332315025620902
Nzara,SS1008,Oct,0.02586206896551724,0.004140918236765953,4.1409182367659525e-06,4.5025561187527e-05
Tambura,SS1009,Oct,0.06896551724137931,0.010570686886822623,1.0570686886822624e-05,0.00016403740335082587
Yambio,SS1010,Oct,0.04310344827586207,0.0073683838031905,7.3683838031905005e-06,5.916046694507341e-05
Abyei,SS0001,Nov,0.3394495412844037,3.745773650838235,0.0037457736508382353,0.03568813811306065
Juba,SS0101,Nov,0.8623853211009175,3.182752310224945,0.003182752310224945,0.03032391025590992
Kajo-keji,SS0102,Nov,0.3302752293577982,0.04175012634563901,4.175012634563901e-05,0.00022731654108916718
Lainya,SS0103,Nov,0.24770642201834864,0.09180312501251003,9.180312501251003e-05,0.003648621244986036
Morobo,SS0104,Nov,0.05504587155963303,0.00687765921759177,6.877659217591769e-06,0.00019656541997906902
Terekeka,SS0105,Nov,0.8807339449541285,3.029127901574564,0.0030291279015745637,0.23141805457287576
Yei,SS0106,Nov,0.21100917431192662,0.0579356420864534,5.79356420864534e-05,0.0005428685957733447
Budi,SS0201,Nov,0.5045871559633027,0.46390910430156385,0.00046390910430156384,0.006902846355973225
Ikotos,SS0202,Nov,0.41284403669724773,0.2888119487618568,0.00028881194876185677,0.0050374183465061615
Kapoeta East,SS0203,Nov,0.9357798165137615,17.494875266212492,0.017494875266212493,0.059178459316726176
Kapoeta North,SS0204,Nov,0.3486238532110092,0.4823751004431662,0.0004823751004431662,0.0016316901276860404
Kapoeta South,SS0205,Nov,0.1743119266055046,0.04612967203448487,4.612967203448487e-05,0.0008046142499943917
Lafon,SS0206,Nov,0.5321100917431193,1.5793586039482124,0.0015793586039482123,0.00972381407279212
Magwi,SS0207,Nov,0.3853211009174312,0.07958675050039803,7.958675050039803e-05,0.0015303194303898577
Torit,SS0208,Nov,0.3669724770642202,0.2223405673784959,0.0002223405673784959,0.004275235366237448
Akobo,SS0301,Nov,0.8440366972477065,5.2197400240683764,0.005219740024068376,0.05784243102070459
Ayod,SS0302,Nov,0.981651376146789,84.09234110767244,0.08409234110767244,0.625261542931127
Bor South,SS0303,Nov,0.9541284403669725,19.70363237779694,0.01970363237779694,0.14111483449028328
Canal/Pigi,SS0304,Nov,0.8073394495412844,11.889248269446144,0.011889248269446144,0.08514923896201763
Duk,SS0305,Nov,0.944954128440367,39.22162611885885,0.03922162611885885,0.5696614089908095
Fangak,SS0306,Nov,0.9724770642201835,60.931751114913304,0.06093175111491331,0.7959226505068573
Nyirol,SS0307,Nov,0.3669724770642202,0.3213572781131816,0.0003213572781131816,0.004197738155812014
Pibor,SS0308,Nov,0.7798165137614679,2.0735194185670984,0.0020735194185670983,0.0062739037316916595
Pochalla,SS0309,Nov,0.7522935779816514,1.1496285515564373,0.0011496285515564372,0.003478462171650894
Twic East,SS0310,Nov,0.9541284403669725,32.856567182103575,0.03285656718210358,0.5527779067408926
Uror,SS0311,Nov,0.4036697247706422,2.2756279833109447,0.002275627983310945,0.018697335769318812
Awerial,SS0401,Nov,0.9541284403669725,8.83809544865682,0.008838095448656819,0.195159139093955
Cueibet,SS0402,Nov,0.5137614678899083,1.5596115257045422,0.0015596115257045422,0.03443869150833458
Rumbek Centre,SS0403,Nov,0.4036697247706422,1.0678829775925691,0.0010678829775925692,0.021962427419920345
Rumbek East,SS0404,Nov,0.8348623853211009,1.1029634945564257,0.0011029634945564258,0.02862338974859562
Rumbek North,SS0405,Nov,0.3394495412844037,0.8576432654839499,0.0008576432654839499,0.024045496848945358
Wulu,SS0406,Nov,0.45871559633027525,0.4899084392830203,0.0004899084392830203,0.011937653960548848
Yirol East,SS0407,Nov,0.9541284403669725,11.664670083905953,0.011664670083905954,0.2094728663387208
Yirol West,SS0408,Nov,0.8990825688073395,2.7906856567943996,0.0027906856567943995,0.0574368303314483
Aweil Centre,SS0501,Nov,0.6146788990825688,1.5348992146617246,0.0015348992146617248,0.013757586549411076
Aweil East,SS0502,Nov,0.8348623853211009,28.709742324024827,0.028709742324024828,0.450876946173111
Aweil North,SS0503,Nov,0.26605504587155965,0.22404479875987618,0.00022404479875987618,0.003518548983502706
Aweil South,SS0504,Nov,0.7431192660550459,22.443705504343534,0.022443705504343534,0.3538445793450678
Aweil West,SS0505,Nov,0.45871559633027525,1.7791480994048294,0.0017791480994048296,0.03552717236314273
Abiemnhom,SS0601,Nov,0.3211009174311927,0.7732977434079364,0.0007732977434079365,0.015441706189200058
Guit,SS0602,Nov,0.908256880733945,57.16572192368658,0.05716572192368658,2.37416228830043
Koch,SS0603,Nov,0.9908256880733946,6.963239408859453,0.006963239408859453,0.15837827081937278
Leer,SS0604,Nov,0.8532110091743119,3.1419389141833793,0.0031419389141833795,0.1950374317646352
Mayendit,SS0605,Nov,0.8807339449541285,28.006277905816315,0.028006277905816317,0.9148429101302904
Mayom,SS0606,Nov,0.9908256880733946,64.42150284174774,0.06442150284174775,1.5120936489736672
Panyijiar,SS0607,Nov,0.9174311926605505,16.587673500318616,0.016587673500318617,0.3115071748830655
Pariang,SS0608,Nov,1.0,44.69284351277546,0.044692843512775464,0.4977599667051182
Rubkona,SS0609,Nov,0.6146788990825688,168.50330542334595,0.16850330542334596,1.876680763739089
Baliet,SS0701,Nov,0.8715596330275229,11.660681675300784,0.011660681675300785,0.09987011217715754
Fashoda,SS0702,Nov,0.7614678899082569,2.1761895899800345,0.0021761895899800347,0.018638387061917835
Longochuk,SS0703,Nov,0.8899082568807339,1.922229325915687,0.0019222293259156871,0.05347021575294102
Luakpiny/Nasir,SS0704,Nov,0.9724770642201835,25.355254549903407,0.025355254549903408,0.4889394663937304
Maban,SS0705,Nov,0.7522935779816514,2.601329191617681,0.0026013291916176812,0.05016287666766211
Maiwut,SS0706,Nov,0.21100917431192662,0.27589786079141077,0.00027589786079141074,0.002333920492220258
Malakal,SS0707,Nov,0.6788990825688074,2.2053432027545887,0.002205343202754589,0.059826507915096215
Manyo,SS0708,Nov,0.0,0.0,0.0,0.0
Melut,SS0709,Nov,0.09174311926605505,0.14255720191943502,0.00014255720191943503,0.018889744598967147
Panyikang,SS0710,Nov,0.926605504587156,16.158553269014323,0.016158553269014324,0.3161949747423247
Renk,SS0711,Nov,0.0,0.0,0.0,0.0
Ulang,SS0712,Nov,0.9541284403669725,17.296070788860508,0.01729607078886051,0.3578308305056957
Gogrial East,SS0801,Nov,0.981651376146789,32.76960421021542,0.03276960421021542,0.7405891808844393
Gogrial West,SS0802,Nov,0.8623853211009175,60.63255667541604,0.06063255667541604,1.3776799443401055
Tonj East,SS0803,Nov,0.24770642201834864,0.43382854554343525,0.0004338285455434353,0.009857359135900691
Tonj North,SS0804,Nov,1.0,92.96936222803751,0.09296936222803752,0.8280260730614616
Tonj South,SS0805,Nov,0.6330275229357798,6.899417415312902,0.006899417415312902,0.06144924921395789
Twic,SS0806,Nov,0.9908256880733946,43.409377211818395,0.043409377211818395,1.097009605713311
Jur River,SS0901,Nov,0.7798165137614679,6.816316245500746,0.006816316245500747,0.06783600913692163
Raja,SS0902,Nov,0.5871559633027523,1.1699564159498277,0.0011699564159498277,0.0018867048633742116
Wau,SS0903,Nov,0.4954128440366973,1.0199055616795136,0.0010199055616795137,0.005308461545056802
Ezo,SS1001,Nov,0.1651376146788991,0.1003728477765317,0.00010037284777653171,0.0005224262153371697
Ibba,SS1002,Nov,0.22935779816513763,0.1593331406035487,0.0001593331406035487,0.0019737987167451365
Maridi,SS1003,Nov,0.24770642201834864,0.16963836276443148,0.00016963836276443148,0.0017655899908002514
Mundri East,SS1004,Nov,0.29357798165137616,0.14704814115120787,0.00014704814115120787,0.0019143693847695513
Mundri West,SS1005,Nov,0.14678899082568808,0.09999677209041392,9.999677209041392e-05,0.001968528875374207
Mvolo,SS1006,Nov,0.48623853211009177,0.37267653994191113,0.0003726765399419111,0.006345658411444124
Nagero,SS1007,Nov,0.3119266055045872,0.40201417608790124,0.0004020141760879013,0.007039430157574567
Nzara,SS1008,Nov,0.1743119266055046,0.05290024749911608,5.290024749911608e-05,0.000575201729282876
Tambura,SS1009,Nov,0.08256880733944955,0.03378800204438378,3.378800204438378e-05,0.0005243269599331681
Yambio,SS1010,Nov,0.23853211009174313,0.07697850759829465,7.697850759829465e-05,0.000618057443245299
Abyei,SS0001,Dec,0.31896551724137934,1.0960949400208126,0.0010960949400208126,0.010443126374103225
Juba,SS0101,Dec,0.9310344827586207,6.832457392793532,0.006832457392793532,0.06509674791242431
Kajo-keji,SS0102,Dec,0.5862068965517241,0.14538793992011495,0.00014538793992011496,0.000791592421663948
Lainya,SS0103,Dec,0.2672413793103448,0.20667734763368314,0.00020667734763368315,0.008214179651627993
Morobo,SS0104,Dec,0.13793103448275862,0.03831313405086419,3.831313405086419e-05,0.0010950000642892426
Terekeka,SS0105,Dec,0.8793103448275862,4.608730855515547,0.0046087308555155465,0.0431847332268717
Yei,SS0106,Dec,0.35344827586206895,0.378286733203664,0.00037828673320366405,0.0035446226236263037
Budi,SS0201,Dec,0.6810344827586207,1.0153026872282895,0.0010153026872282895,0.01770877003471216
Ikotos,SS0202,Dec,0.6982758620689655,0.7721008889564033,0.0007721008889564033,0.021990304127273746
Kapoeta East,SS0203,Dec,0.9224137931034483,18.75499384534638,0.01875499384534638,0.06344095761607357
Kapoeta North,SS0204,Dec,0.4827586206896552,1.045770966533245,0.001045770966533245,0.003537442459914099
Kapoeta South,SS0205,Dec,0.20689655172413793,0.03734831486049569,3.734831486049569e-05,0.0031118238992042095
Lafon,SS0206,Dec,0.8448275862068966,8.227032529853075,0.008227032529853075,0.05065229295684835
Magwi,SS0207,Dec,0.75,0.7463137707520141,0.0007463137707520142,0.01435035929182229
Torit,SS0208,Dec,0.6293103448275862,0.8748818724737576,0.0008748818724737576,0.01682250777075962
Akobo,SS0301,Dec,0.8793103448275862,15.199608895441388,0.01519960889544139,0.16843412220193354
Ayod,SS0302,Dec,1.0,118.13051278259105,0.11813051278259105,0.8783495109871429
Bor South,SS0303,Dec,0.9655172413793104,36.491703507248324,0.03649170350724833,0.26134880117315734
Canal/Pigi,SS0304,Dec,0.9051724137931034,18.577963295831253,0.018577963295831255,0.13305293995496828
Duk,SS0305,Dec,0.9913793103448276,59.07099855011402,0.05907099855011402,0.8579569894062077
Fangak,SS0306,Dec,1.0,81.9233165582379,0.0819233165582379,1.0701255430912096
Nyirol,SS0307,Dec,0.5344827586206896,1.2854492051623525,0.0012854492051623525,0.016791215084812162
Pibor,SS0308,Dec,0.9137931034482759,41.96140548908126,0.04196140548908126,0.12696375839436333
Pochalla,SS0309,Dec,0.896551724137931,20.784554550523993,0.020784554550523995,0.2515944778448612
Twic East,SS0310,Dec,0.9827586206896551,58.073454427173395,0.0580734544271734,0.9770260659777871
Uror,SS0311,Dec,0.8017241379310345,13.33941633114916,0.01333941633114916,0.10960119489625329
Awerial,SS0401,Dec,0.9741379310344828,12.593755562412287,0.012593755562412287,0.2780900599906526
Cueibet,SS0402,Dec,0.6206896551724138,1.9751840623782357,0.001975184062378236,0.043615191010911776
Rumbek Centre,SS0403,Dec,0.6896551724137931,2.4747409609120123,0.0024747409609120123,0.05089632467001524
Rumbek East,SS0404,Dec,0.9137931034482759,2.060297032934862,0.0020602970329348623,0.05346748578953332
Rumbek North,SS0405,Dec,0.6896551724137931,4.493393683500607,0.004493393683500608,0.1259799825941813
Wulu,SS0406,Dec,0.603448275862069,0.8021938220362421,0.0008021938220362421,0.019547146954181218
Yirol East,SS0407,Dec,0.9827586206896551,20.159079305688593,0.020159079305688592,0.36201453573371595
Yirol West,SS0408,Dec,0.9568965517241379,2.3067700377235862,0.0023067700377235865,0.04747706318976488
Aweil Centre,SS0501,Dec,0.22413793103448276,0.1830829492593215,0.0001830829492593215,0.0016410064557311431
Aweil East,SS0502,Dec,0.6551724137931034,1.748060933186153,0.001748060933186153,0.027452715053452238
Aweil North,SS0503,Dec,0.04310344827586207,0.004106586096548216,4.106586096548216e-06,6.44925676277907e-05
Aweil South,SS0504,Dec,0.5689655172413793,5.457698970707992,0.005457698970707992,0.276075992512819
Aweil West,SS0505,Dec,0.034482758620689655,0.0036576652331736684,3.6576652331736686e-06,7.303860944971696e-05
Abiemnhom,SS0601,Dec,0.3103448275862069,0.9515180830569787,0.0009515180830569788,0.019000524439039667
Guit,SS0602,Dec,0.9224137931034483,68.63178211171508,0.06863178211171508,2.850361779494482
Koch,SS0603,Dec,1.0,13.20631186318715,0.01320631186318715,0.3003764072985598
Leer,SS0604,Dec,0.9310344827586207,4.221760421183685,0.004221760421183685,0.2620678926494217
Mayendit,SS0605,Dec,0.9568965517241379,30.59821744549973,0.03059821744549973,0.9995102664758936
Mayom,SS0606,Dec,1.0,90.78357005188688,0.09078357005188689,2.1308608717779793
Panyijiar,SS0607,Dec,0.9827586206896551,24.108121534906797,0.024108121534906796,0.4527369574119095
Pariang,SS0608,Dec,1.0,55.23968625648746,0.05523968625648746,0.6152238754728283
Rubkona,SS0609,Dec,0.6637931034482759,188.90398000047895,0.18890398000047895,2.1038902742588874
Baliet,SS0701,Dec,0.9310344827586207,75.59158564810183,0.07559158564810183,0.6474184227424601
Fashoda,SS0702,Dec,0.8103448275862069,2.4500639897081022,0.002450063989708102,0.020984036123003987
Longochuk,SS0703,Dec,0.9224137931034483,9.211239726777125,0.009211239726777124,0.13295542553425926
Luakpiny/Nasir,SS0704,Dec,0.9913793103448276,40.57158359689772,0.04057158359689772,0.7823643969171419
Maban,SS0705,Dec,0.9051724137931034,18.159180670765387,0.018159180670765388,0.15361512324835241
Maiwut,SS0706,Dec,0.6724137931034483,2.0792131801690683,0.0020792131801690684,0.017588821584085704
Malakal,SS0707,Dec,0.75,2.755193984315138,0.002755193984315138,0.07474284932357435
Manyo,SS0708,Dec,0.0,0.0,0.0,0.0
Melut,SS0709,Dec,0.11206896551724138,0.3831842497057205,0.0003831842497057205,0.050774373471349055
Panyikang,SS0710,Dec,0.9224137931034483,23.543375798422638,0.02354337579842264,0.4607031948959506
Renk,SS0711,Dec,0.0,0.0,0.0,0.0
Ulang,SS0712,Dec,0.9655172413793104,54.373727560141,0.054373727560141,1.1249142263609757
Gogrial East,SS0801,Dec,1.0,24.83809623560084,0.02483809623560084,0.5613380383800363
Gogrial West,SS0802,Dec,0.6982758620689655,15.302498831229206,0.015302498831229206,0.34770009536180796
Tonj East,SS0803,Dec,0.6206896551724138,2.28644456192416,0.00228644456192416,0.05195210278978062
Tonj North,SS0804,Dec,1.0,121.6570054924798,0.1216570054924798,1.0835308547268403
Tonj South,SS0805,Dec,0.7413793103448276,2.5575464848043192,0.0025575464848043195,0.022778635044201787
Twic,SS0806,Dec,0.9741379310344828,35.91709731427841,0.03591709731427841,0.9076702614470122
Jur River,SS0901,Dec,0.5086206896551724,0.47435414454414354,0.00047435414454414355,0.004720774524608233
Raja,SS0902,Dec,0.46551724137931033,0.42401503591660805,0.00042401503591660804,0.0006837786600436595
Wau,SS0903,Dec,0.29310344827586204,0.23862843746225923,0.00023862843746225924,0.001242026645819437
Ezo,SS1001,Dec,0.31896551724137934,0.1339013224781281,0.00013390132247812812,0.000696937096839513
Ibba,SS1002,Dec,0.5172413793103449,0.584544881698524,0.0005845448816985241,0.007241267780237223
Maridi,SS1003,Dec,0.46551724137931033,0.28325706596779726,0.0002832570659677973,0.0029481293756099015
Mundri East,SS1004,Dec,0.43103448275862066,0.34367265730177815,0.00034367265730177816,0.004474156615447414
Mundri West,SS1005,Dec,0.4827586206896552,0.4427472399209038,0.00044274723992090384,0.008715888603769062
Mvolo,SS1006,Dec,0.4224137931034483,0.32579058677717493,0.00032579058677717493,0.005547319339377075
Nagero,SS1007,Dec,0.3275862068965517,0.17010314244529678,0.00017010314244529678,0.0029785745430176177
Nzara,SS1008,Dec,0.3793103448275862,0.13301519921038552,0.00013301519921038552,0.001446317857170676
Tambura,SS1009,Dec,0.28448275862068967,0.20421940922721607,0.00020421940922721608,0.0031691054670470575
Yambio,SS1010,Dec,0.5689655172413793,0.38135499447531285,0.00038135499447531284,0.0030618844169363786
